TotalCharges,Churn
-0.4040997229916897,No
0.1453813481071099,No
-0.38096398891966754,Yes
0.13097691597414593,No
-0.3681108033240997,Yes
-0.17048199445983378,Yes
0.16308033240997236,No
-0.3237156048014773,No
0.4871135734072023,Yes
0.6176842105263157,No
-0.23934256694367495,No
-0.3163582640812558,No
1.2657063711911358,No
1.0751837488457987,Yes
0.3807423822714682,No
1.9199039704524468,No
-0.11066297322252996,No
1.768354570637119,No
-0.2568051708217913,Yes
0.13752169898430291,No
-0.40120406278855025,Yes
-0.3531597414589104,No
-0.4069658356417359,Yes
0.6227516158818098,No
0.46473130193905826,No
0.03933518005540166,No
0.9903379501385041,Yes
-0.4039963065558633,Yes
1.4690969529085873,No
-0.08993536472760849,Yes
1.5865484764542936,No
-0.35924653739612183,No
0.14093444136657438,No
-0.40695106186518926,No
-0.3995493998153278,No
1.7297802400738689,No
-0.3192834718374884,Yes
0.635516158818098,No
0.6357968605724839,Yes
-0.08630101569713752,Yes
-0.2723619575253924,No
1.0267405355494,No
-0.28933702677747,No
1.0235198522622344,No
-0.12292520775623264,No
0.7414145891043398,No
-0.384258541089566,No
-0.37032686980609414,Yes
0.8333370267774701,No
0.8440627885503234,No
0.72133702677747,No
0.008546629732225353,Yes
0.10494552169898436,No
-0.2257950138504155,Yes
0.9038227146814406,No
0.10491597414589106,Yes
1.4518855032317637,No
1.6779686057248384,No
-0.1486759002770083,No
1.9076565096952909,No
0.9779132040627887,No
1.197628808864266,No
0.46227885503231764,No
-0.13012003693444132,No
-0.15962326869806093,Yes
-0.34079409048938136,No
0.6656694367497692,No
0.32494182825484763,No
-0.13786149584487534,No
-0.1507294552169898,No
-0.3984265927977839,No
-0.0906592797783933,No
1.6846611265004616,No
0.00801477377654663,No
-0.36050230840258535,No
1.401152354570637,No
0.3815697137580794,No
-0.2704265927977839,No
0.21091782086795946,No
-0.053444136657433056,No
-0.3894736842105263,Yes
-0.24587257617728528,No
-0.2660978762696214,Yes
0.8657506925207756,No
-0.12531855955678667,No
-0.14145152354570634,No
0.24169159741458907,No
-0.10060203139427513,No
-0.13898430286241917,No
-0.11471098799630652,No
0.34651154201292705,No
-0.39084764542936284,No
1.275501385041551,No
1.6870249307479224,No
1.7910470914127425,No
-0.13891043397968603,Yes
0.9902049861495844,No
-0.3792797783933518,Yes
-0.08576915974145886,No
0.33005355493998156,Yes
-0.40695106186518926,No
-0.4071726685133887,No
0.6524469067405355,No
0.48155863342566946,No
1.836195752539243,Yes
-0.38331301939058166,No
1.744952908587258,No
-0.13882179132040626,No
0.7457285318559558,No
-0.010112650046168025,No
1.1350470914127424,Yes
0.4859907663896584,No
0.7554201292705448,No
0.4345484764542937,Yes
0.5986408125577101,No
-0.3395235457063711,No
-0.08011080332409973,No
-0.09834164358264076,Yes
-0.16615327793167126,No
0.22282548476454295,No
1.2167608494921516,No
-0.37960480147737763,No
-0.3450932594644506,Yes
-0.30939981532779315,No
-0.39433425669436745,No
0.48167682363804254,No
0.21806832871652818,Yes
0.09646537396121888,No
-0.4070840258541089,No
0.7646537396121884,No
-0.053724838411818965,No
0.031076638965835696,Yes
0.5503601108033241,No
-0.4024450600184672,Yes
-0.3889122807017544,Yes
-0.061835641735918705,No
0.1125835641735919,No
-0.03537580794090487,No
-0.06705078485687903,No
-0.39210341643582636,Yes
1.4857026777469988,No
-0.2463748845798707,Yes
1.3514385964912279,No
1.1498651892890122,No
0.10599445983379506,No
1.4830581717451525,No
-0.39479224376731303,No
-0.3994312096029547,Yes
0.15733333333333338,No
-0.09634718374884574,No
-0.24616805170821787,No
-0.2192354570637119,Yes
1.930363804247461,No
1.1280590951061866,No
-0.3793831948291782,No
-0.07229547553093259,No
0.12542197599261315,No
-0.2888494921514312,No
-0.11035272391505076,No
-0.3385780240073869,No
-0.18701385041551244,No
0.057580794090489384,Yes
-0.3729713758079409,No
0.7566463527239151,No
-0.34380794090489375,No
-0.010053554939981493,No
-0.33225484764542934,Yes
1.435117266851339,No
0.3704450600184672,Yes
-0.31795383194829174,No
0.6328421052631579,No
-0.3411782086795937,Yes
-0.06374145891043395,No
1.064517082179132,Yes
-0.21951615881809786,No
-0.18238965835641732,No
-0.07439335180055398,Yes
-0.264118190212373,Yes
0.047800554016620526,No
-0.04298430286241918,No
-0.40407017543859647,Yes
-0.39953462603878115,No
-0.21712280701754383,Yes
0.3119704524469068,No
-0.08445429362880881,Yes
-0.40559187442289935,Yes
-0.11039704524469064,No
-0.388646352723915,No
-0.3405872576177285,No
0.29004616805170824,No
0.5247276084949215,No
-0.2560221606648199,Yes
-0.006522622345336973,No
1.989089566020314,No
-0.06050600184672203,No
0.14897137580794095,No
-0.23935734072022158,No
1.5135069252077562,No
1.963191135734072,No
-0.40678855032317635,No
0.3792945521698985,No
-0.08426223453370267,No
1.7752243767313018,No
-0.10741274238227143,No
0.4613776546629732,No
0.38038781163434904,No
0.8219316712834718,No
-0.38931117266851334,Yes
0.15866297322253006,Yes
1.5532040627885504,No
-0.38795198522622343,Yes
-0.40545891043397964,No
-0.08074607571560476,No
-0.2533481071098799,No
0.17089566020313943,No
0.6027626962142197,No
0.514814404432133,No
0.7066962142197599,No
1.1603397968605724,No
-0.22836565096952904,No
-0.33362880886426594,Yes
0.12983933518005544,No
-0.40695106186518926,No
-0.35992613111726685,Yes
-0.3481071098799631,No
-0.03212557710064633,No
0.33928716528162517,No
-0.3966094182825484,Yes
0.39170452446906745,No
0.8006722068328717,No
1.2892114496768234,No
0.9898504155124654,No
-0.38792243767313017,Yes
0.0500609418282549,No
-0.20549584487534622,No
-0.37920590951061867,Yes
-0.32455771006463524,No
-0.027043397968605686,No
-0.08189843028624191,Yes
-0.3289012003693444,No
1.4634976915974145,No
1.9149252077562329,No
0.5289529085872576,No
1.3972077562326868,No
-0.19683841181902123,No
-0.33213665743305626,No
0.3351652816251155,No
-0.09549030470914126,Yes
-0.3985743305632502,Yes
0.8571671283471837,No
0.95204432132964,No
-0.36944044321329633,Yes
-0.40104155124653734,Yes
0.36515604801477386,No
-0.3558781163434903,No
0.7996823638042474,No
1.6578171745152352,No
1.298208679593721,No
-0.38911911357340717,Yes
-0.049883656509695236,No
-0.3738578024007386,Yes
-0.009802400738688814,Yes
1.0424007386888274,No
0.03623268698060942,No
1.0739870729455216,No
1.2200997229916897,No
-0.059752539242843926,No
0.18017359187442292,No
-0.08801477377654662,Yes
0.09912465373961223,No
0.03360295475530937,Yes
0.6065152354570638,No
-0.40559187442289935,Yes
0.22886795937211457,No
-0.39205909510618653,Yes
-0.29440443213296397,Yes
1.2490858725761773,Yes
-0.017041551246537383,No
-0.18482733148661123,No
-0.34060203139427514,No
-0.31751061865189284,No
-0.2656989843028624,No
-0.40541458910433975,No
0.6767202216066482,No
0.11301200369344418,Yes
0.11409048938134811,No
-0.13896952908587257,No
-0.39223638042474607,Yes
-0.2336989843028624,Yes
-0.284269621421976,Yes
0.09314127423822718,Yes
0.18429547553093265,No
0.160539242843952,No
-0.24514866112650044,No
-0.34781163434903045,No
-0.40693628808864263,No
1.1934182825484765,No
0.6027774699907664,No
0.4781606648199446,No
-0.3911726685133887,Yes
0.03318928901200371,No
-0.2958818097876269,Yes
-0.30753831948291777,No
0.8011892890120037,No
0.5153758079409049,No
-0.04975069252077562,No
0.26766389658356415,Yes
0.19410526315789478,No
0.6927054478301016,No
0.6751542012927054,No
-0.40723176361957525,No
0.14442105263157898,No
1.0334626038781165,No
-0.31198522622345337,No
-0.29013481071098796,Yes
1.2672723915050783,No
-0.012520775623268698,No
0.49083656509695295,Yes
0.24630101569713767,Yes
0.543342566943675,No
0.8724284395198524,Yes
0.8469879963065559,No
-0.39968236380424743,No
-0.288140350877193,No
0.8211929824561404,No
1.105263157894737,No
-0.15288642659279778,No
-0.3718337950138504,Yes
-0.1252299168975069,No
0.02144413665743307,No
-0.1944598337950138,No
-0.365067405355494,No
0.8939538319482918,No
-0.26185780240073864,Yes
-0.3668845798707294,Yes
1.1513130193905816,Yes
0.993499538319483,Yes
1.403796860572484,No
0.6406426592797785,No
1.5381052631578946,Yes
0.12783010156971375,No
1.426060941828255,No
0.9192760849492151,No
-0.02048384118190207,No
-0.1573333333333333,No
-0.3916158818097876,No
-0.3632206832871652,Yes
-0.027767313019390553,No
-0.11837488457987069,No
1.487253924284395,No
0.2603951985226224,No
-0.21158264081255768,No
-0.24321329639889194,No
-0.3030323176361957,Yes
-0.16469067405355492,Yes
-0.16294736842105262,Yes
-0.15024192059095104,No
1.6032280701754384,No
-0.17503231763619573,Yes
0.7739316712834718,No
-0.38817359187442285,No
0.7569122807017544,No
0.4376214219759927,No
-0.1334884579870729,No
-0.0072169898430286105,No
-0.2673831948291782,Yes
0.002518928901200396,No
-0.40726131117266845,No
1.6444321329639888,No
1.9883065558633424,No
-0.20896768236380422,No
-0.3592908587257617,Yes
-0.16743859649122805,No
1.2442253000923358,No
0.6646204986149585,No
0.669185595567867,No
-0.40542936288088643,No
0.3454182825484765,Yes
1.1556712834718375,No
0.0037746999076639235,No
0.5736879039704526,No
-0.3979538319482917,Yes
0.9853739612188367,No
-0.3860757156048015,Yes
1.084387811634349,No
-0.349466297322253,Yes
1.0274349030470913,Yes
0.2809898430286242,No
0.7875974145891044,No
-0.3999187442289935,No
0.3539132040627886,No
0.26949584487534634,No
-0.386533702677747,No
-0.30431763619575253,No
0.752583564173592,No
1.3498725761772854,No
0.6787737765466297,No
0.3329935364727608,Yes
0.1200295475530933,No
-0.2902677746999076,No
-0.22849861495844873,No
-0.3426851338873499,No
1.6576546629732225,Yes
0.7243065558633427,No
-0.28899722991689747,No
0.02106001846722071,No
1.3043841181902123,No
0.4325687903970452,No
-0.407039704524469,Yes
-0.40712834718374885,Yes
-0.3438670360110803,Yes
-0.09789843028624187,No
0.2220720221606649,No
0.9087423822714682,No
0.634555863342567,No
-0.05960480147737763,No
1.6137174515235455,No
-0.11014589104339793,No
0.1324986149584488,Yes
-0.3906703601108033,Yes
-0.37384302862419205,No
-0.26061680517082175,No
0.4234090489381348,No
-0.08479409048938132,No
-0.28016251154201294,No
0.4258024007386889,No
1.175674976915974,No
-0.1592243767313019,No
-0.0007165281625115286,No
0.7618024007386888,No
-0.06350507848568789,Yes
1.0007682363804247,No
-0.3776103416435826,No
-0.25959741458910435,Yes
-0.1471542012927054,No
-0.06313573407202215,No
-0.20016251154201292,No
2.0892262234533705,No
0.5211375807940904,No
-0.39665373961218836,No
0.14332779316712835,No
1.0852594644506002,No
1.3745595567867035,No
-0.06818836565096949,No
0.455084025854109,No
1.4770747922437675,Yes
-0.3923693444136657,Yes
-0.037591874422899324,No
-0.18849122807017543,No
1.8361071098799633,No
0.07247276084949218,No
0.04370821791320412,No
0.6455918744228994,No
0.24513388734995384,Yes
0.0060350877192982995,No
0.3241883656509696,No
0.4050600184672207,No
0.2871505078485689,No
-0.4016915974145891,No
-0.3907294552169898,No
-0.38310618651892886,No
0.0639926131117267,No
-0.2988956602031394,Yes
-0.21399076638965833,Yes
2.070522622345337,No
0.41433795013850416,No
1.519032317636196,No
1.533953831948292,No
-0.15641735918744226,No
-0.1959372114496768,Yes
-0.3152354570637119,No
-0.396668513388735,Yes
-0.24615327793167127,No
-0.024265927977839333,No
-0.39084764542936284,Yes
0.13710803324099727,Yes
0.39881071098799625,No
-0.24921144967682363,No
-0.27895106186518925,Yes
-0.11898060941828253,Yes
-0.34621606648199443,No
0.22087534626038785,Yes
0.0809972299168975,No
1.9520073868882735,No
-0.2119815327793167,Yes
1.3985964912280702,No
0.005178208679593748,No
1.4196048014773777,No
0.0,No
-0.3909510618651893,Yes
1.5364062788550321,No
-0.379191135734072,No
-0.37173037857802393,Yes
0.7402031394275161,No
-0.40689196675900274,No
-0.14592797783933514,Yes
0.11469621421975998,No
5.170821791325781e-05,No
-0.3741975992613112,Yes
-0.046987996306555826,Yes
0.7391542012927055,No
1.2641994459833794,No
0.9294699907663896,No
0.8655438596491228,No
1.2129492151431212,No
0.11373591874422904,Yes
-0.16123361034164357,No
-0.3634275161588181,Yes
-0.26433979686057246,Yes
-0.4070544783010157,No
0.12434349030470916,No
1.4486204986149582,No
-0.313994459833795,Yes
1.3353942751615884,No
0.42989473684210533,No
0.8079704524469067,Yes
0.04397414589104341,No
-0.3235087719298246,No
0.15715604801477379,Yes
-0.33448568790397043,No
1.652291782086796,No
0.013156048014773804,No
0.9797746999076639,No
0.10670360110803324,Yes
0.6153351800554017,Yes
0.9871320406278856,No
2.0688236380424745,No
1.1916158818097877,No
-0.20994275161588177,No
1.2731523545706374,No
-0.2679445983379501,No
-0.010999076638965809,No
-0.3613739612188365,No
1.7676306555863344,No
-0.38780424746075715,Yes
-0.1110175438596491,No
1.0730415512465374,No
0.1648531855955679,No
1.5798264081255773,No
1.0487091412742382,No
2.024310249307479,No
-0.23516158818097874,No
-0.4071431209602955,No
-0.16646352723915048,Yes
-0.23652077562326868,Yes
0.3692631578947368,No
0.5521034164358264,Yes
1.5798411819021236,No
1.1429067405355495,No
-0.3208494921514312,No
1.9411043397968604,No
2.016007386888273,No
-0.0721625115420129,No
-0.2608236380424746,No
0.35417913204062795,Yes
0.7122511542012927,No
-0.407039704524469,No
0.3872871652816251,No
-0.18834349030470912,No
-0.3983527239150508,No
1.3697728531855957,No
-0.38660757156048015,No
-0.26040997229916896,No
1.3190840258541088,No
-0.2811523545706371,No
1.0565983379501385,No
0.07971191135734075,No
1.1701643582640813,No
0.6293998153277932,Yes
-0.28805170821791315,No
-0.08693628808864264,No
0.400819944598338,No
-0.20689935364727605,No
1.2460129270544784,Yes
0.5339021237303786,No
0.9898947368421052,No
0.49776546629732227,No
-0.23625484764542934,No
0.5814736842105264,No
-0.401455216989843,No
-0.3439113573407202,Yes
-0.3906703601108033,Yes
-0.3106260387811634,Yes
-0.4073056325023084,No
-0.3946888273314866,No
-0.3875974145891043,Yes
0.5746925207756233,No
-0.3877746999076639,No
1.780129270544783,No
1.5573259464450602,No
1.9718781163434904,No
-0.0657950138504155,No
1.1929898430286243,No
0.3076269621421976,No
-0.3994459833795014,No
-0.20202400738688825,Yes
-0.1422197599261311,No
-0.34283287165281623,No
0.950566943674977,No
0.005015697137580834,No
-0.06706555863342564,No
-0.3988254847645429,No
1.0228698060941828,No
1.0358559556786704,No
0.6531560480147738,No
1.3877820867959372,No
0.49859279778393356,No
0.28344228993536474,No
2.04131486611265,No
1.5922954755309324,Yes
-0.3393610341643582,Yes
-0.2170046168051708,Yes
-0.011929824561403509,No
1.023194829178209,No
0.5970747922437672,No
-0.22635641735918743,No
-0.3578725761772853,No
1.6485392428439518,No
1.0304339796860573,No
-0.2584007386888273,No
-0.3057802400738689,No
1.2877783933518008,No
0.5785927977839336,No
-0.2926759002770083,No
-0.37226223453370266,Yes
0.29495106186518927,No
0.16860572483841182,No
1.602060941828255,No
1.9341754385964913,No
0.9306814404432133,Yes
0.9722400738688827,Yes
0.31807202216066477,No
1.5262566943674976,No
-0.3608273314866112,No
0.2478227146814404,No
1.6511689750692518,Yes
0.5059796860572484,No
1.038264081255771,No
1.2992576177285315,Yes
-0.16019944598337948,Yes
0.06580978762696219,No
0.3255623268698062,Yes
-0.38645983379501386,Yes
0.853843028624192,No
-0.29625115420129267,No
0.14838042474607577,Yes
-0.39941643582640807,Yes
0.604151431209603,No
-0.36520036934441363,Yes
0.09902123730378579,No
-0.3472354570637119,Yes
-0.39087719298245616,Yes
-0.2192945521698984,No
-0.2724949215143121,No
-0.3643730378578024,Yes
-0.15730378578024004,No
1.3991431209602956,No
0.6500535549399815,No
-0.4023120960295475,Yes
-0.20678116343490302,No
-0.38453924284395197,Yes
-0.28624930747922434,No
-0.40699538319482914,No
0.9046500461680517,No
-0.06792243767313019,No
-0.3425669436749769,No
-0.3700313942751615,Yes
0.016435826408125576,No
-0.3564690674053555,Yes
0.7805946445060019,No
-0.10578762696214215,No
-0.018134810710987995,No
-0.39074422899353645,Yes
-0.2671320406278855,No
0.34080886426592805,Yes
1.7281403508771929,No
-0.05718190212373034,No
-0.39452631578947367,Yes
-0.32025854108956603,No
0.7027516158818098,No
-0.3892816251154201,Yes
0.9510101569713759,No
-0.3551098799630655,No
0.8246500461680516,No
-0.39191135734072025,No
-0.3981754385964912,No
-0.03872945521698979,No
-0.38600184672206833,Yes
0.0667553093259465,No
0.8131412742382271,No
-0.4068771929824561,No
0.2798227146814405,No
-0.11358818097876268,No
-0.3329344413665743,Yes
-0.2897063711911357,No
-0.40681809787626955,No
1.4533628808864267,No
-0.36323545706371185,Yes
0.7743157894736843,No
1.0087903970452448,No
0.825034164358264,No
0.4287276084949215,No
0.3305558633425669,No
-0.4029916897506925,No
-0.3513277931671283,No
0.18256694367497692,Yes
0.6920997229916899,No
0.4628698060941829,No
0.25585964912280706,No
0.2406131117266852,No
-0.4071431209602955,Yes
0.08457248384118195,No
0.03590766389658359,No
-0.0689713758079409,No
0.09260941828254853,No
0.8415364727608495,No
0.8120923361034164,No
0.37431578947368427,No
-0.03544967682363802,No
1.2385817174515237,No
-0.40265189289012,No
-0.027043397968605686,No
-0.30025484764542937,Yes
-0.37110987996306555,Yes
0.5046943674976917,Yes
-0.3524801477377654,No
-0.2338910433979686,No
-0.30770083102493073,No
0.4020461680517083,Yes
1.0070323176361957,No
0.7517562326869806,Yes
-0.38551431209602954,No
0.14879409048938136,No
1.2803619575253926,No
0.3031357340720222,No
0.07563434903047095,No
0.5701421975992614,No
1.6806722068328714,No
0.5751800554016621,No
1.565983379501385,No
0.43802031394275165,No
-0.372409972299169,No
-0.11491782086795936,Yes
0.04554016620498615,No
-0.35318928901200364,No
1.9160923361034163,No
2.0089159741458906,No
-0.3529676823638042,No
-0.160258541089566,No
1.3058614958448753,No
0.07548661126500465,No
1.241787626962142,No
-0.260528162511542,No
0.0,No
-0.3566315789473684,No
0.13158264081255772,Yes
-0.04245244690674052,No
-0.39601846722068323,No
-0.037798707294552154,Yes
1.5264044321329637,No
-0.4067737765466297,No
0.150803324099723,Yes
-0.3512096029547553,Yes
0.9931892890120038,No
-0.030987996306555864,No
-0.3056177285318559,No
0.059915050784856906,No
-0.3314570637119113,No
0.4998337950138504,No
-0.06555863342566944,No
-0.342803324099723,No
0.013939058171745206,Yes
-0.407039704524469,Yes
-0.27872945521698983,Yes
0.4843656509695291,Yes
1.9702825484764541,No
-0.3855881809787627,No
-0.35836011080332403,Yes
1.4049344413665745,No
-0.38647460757156044,Yes
1.1101089566020315,No
-0.3477820867959372,No
0.033337026777470004,No
-0.3974958448753462,Yes
0.35205170821791315,No
1.0274644506001847,Yes
0.7641366574330564,No
0.17909510618651892,No
0.1285096952908588,No
1.03734810710988,No
0.6478965835641736,No
1.0712539242843953,No
-0.3696029547553093,No
0.27828624192059104,No
-0.32466112650046164,No
-0.3704746075715604,No
0.3401440443213297,No
-0.2629953831948292,No
-0.40701015697137577,No
1.3969861495844873,Yes
1.186016620498615,No
-0.10023268698060939,Yes
-0.14586888273314866,No
0.4763139427516159,No
-0.2682991689750692,Yes
1.2028734995383195,No
-0.10027700831024931,No
1.837421975992613,No
0.8024007386888274,Yes
-0.3923693444136657,Yes
1.3651486611265002,Yes
1.7293222530009231,Yes
-0.08547368421052627,No
-0.1355715604801477,No
-0.38510064635272384,No
0.20404801477377663,No
-0.360118190212373,Yes
1.258511542012927,No
0.27172668513388737,Yes
1.3559298245614035,No
1.5819390581717452,No
0.6409233610341644,No
1.0317488457987074,No
-0.3189289012003693,No
0.049189289012003735,No
0.009684210526315816,Yes
-0.2225300092336103,Yes
-0.3028698060941828,No
1.198426592797784,Yes
0.013333333333333334,No
1.2449048938134812,Yes
-0.12809602954755306,No
1.1301421975992614,No
0.5741311172668514,No
-0.326404432132964,Yes
1.2933185595567869,No
0.9129676823638043,No
-0.39980055401662046,Yes
0.43064819944598337,No
-0.1453518005540166,No
1.2149436749769162,Yes
1.8296805170821793,No
-0.34507848568790395,Yes
-0.29647276084949215,No
-0.3863564173591874,Yes
-0.32547368421052625,No
1.200140350877193,No
-0.2815069252077562,No
1.5910397045244689,No
1.5107590027700832,No
2.091678670360111,No
0.9054478301015698,No
-0.3946001846722068,No
-0.30872022160664814,No
0.008103416435826462,No
1.4821569713758078,Yes
1.451427516158818,No
-0.3979095106186519,Yes
1.329972299168975,No
0.9816509695290859,No
-0.27779870729455214,No
1.3074275161588182,No
0.01950877192982459,Yes
-0.32209048938134804,Yes
0.20892336103416445,Yes
-0.31861865189289007,Yes
0.2777396121883656,No
-0.3821015697137581,No
1.0894699907663896,Yes
-0.37709325946445055,No
1.660107109879963,No
1.241152354570637,No
-0.037931671283471836,No
0.4816029547553094,Yes
0.9564173591874424,No
-0.3792502308402585,No
0.0547442289935365,Yes
0.4962585410895661,No
0.7806537396121884,No
0.07910618651892894,No
-0.1046500461680517,Yes
-0.26394090489381344,No
-0.2659058171745152,Yes
1.8065891043397966,No
0.11361772853185598,No
-0.40699538319482914,No
-0.23278301015697137,No
0.4314312096029548,No
0.5466518928901202,No
1.4235641735918745,Yes
0.421207756232687,No
1.0697469990766388,Yes
0.3610046168051709,No
-0.40565096952908586,Yes
1.054145891043398,No
0.37886611265004616,No
2.0426445060018463,No
1.266046168051708,No
-0.08170637119113569,Yes
1.0393130193905817,No
-0.4047793167128347,No
-0.1400480147737765,Yes
0.06742012927054483,Yes
1.3802179132040626,No
1.1822345337026778,No
-0.14149584487534622,Yes
-0.34352723915050787,No
-0.048938134810710986,No
-0.36242289935364724,No
1.9462012927054475,No
-0.20944044321329638,Yes
-0.03225854108956601,No
1.9061200369344413,No
-0.3340277008310249,No
0.11861126500461686,No
-0.39118744228993535,Yes
0.07270914127423823,No
1.0075641735918743,No
0.2350581717451524,No
0.2487682363804248,No
0.03203693444136663,No
-0.33746999076638967,No
-0.06148107109879958,No
1.0012705447830101,No
0.12511172668513393,No
0.2974478301015698,No
-0.35233240997229914,Yes
-0.1315383194829178,Yes
1.6670655586334258,No
0.3370120036934442,No
-0.054552169898430286,No
0.37041551246537396,No
-0.027383194829178194,No
-0.30651892890120036,Yes
-0.2842548476454293,No
-0.32189843028624193,No
0.0,No
-0.2845355493998153,Yes
1.69054108956602,No
-0.3182345337026777,No
-0.255859649122807,No
-0.29998891966759,No
0.17832686980609422,No
1.040731301939058,No
1.2552760849492153,No
-0.3491560480147738,Yes
-0.38999076638965835,No
0.4429399815327794,No
0.5904561403508772,Yes
-0.18855032317636192,No
-0.3877599261311172,Yes
-0.25467774699907664,No
-0.04264450600184667,No
-0.1306962142197599,No
0.22607571560480147,No
-0.3997119113573407,Yes
0.1228808864265928,No
-0.34048384118190206,No
0.18654108956602033,No
0.391881809787627,No
-0.3477820867959372,No
-0.3048347183748846,No
-0.24983194829178204,No
0.7849972299168975,No
-0.39941643582640807,Yes
-0.16698060941828252,Yes
-0.3797377654662973,Yes
-0.3949990766389658,No
1.2269990766389658,No
-0.36127054478301013,Yes
-0.38616435826408124,Yes
0.9855955678670362,No
0.7834459833795013,No
-0.011161588180978722,Yes
0.9292336103416438,No
1.812646352723915,Yes
-0.39226592797783927,Yes
-0.15034533702677744,No
1.4732040627885503,Yes
0.15321144967682365,No
-0.2908882733148661,No
-0.1738947368421052,No
0.1444653739612189,No
-0.387331486611265,Yes
0.08325761772853188,No
0.37201108033241,Yes
-0.25308217913204056,No
-0.4070840258541089,No
-0.2541458910433979,No
-0.21235087719298243,No
0.920753462603878,No
0.007793167128347184,No
-0.2488125577100646,No
-0.34627516158818095,No
-0.3335992613111726,No
0.4491301939058172,Yes
0.3009787626962142,Yes
-0.28750507848568785,Yes
0.02795937211449677,No
-0.3737987072945521,No
-0.21763988919667587,Yes
0.14669621421975998,Yes
-0.3287386888273314,No
-0.18119298245614032,No
-0.2894995383194829,No
1.0692594644506002,No
0.06360849492151434,Yes
-0.37753647276084945,Yes
0.5339759926131118,Yes
-0.26955493998153274,No
-0.36539242843951986,No
0.8119002770083102,No
-0.16842843951985223,No
-0.39829362880886426,No
-0.12014773776546626,Yes
-0.20716528162511538,Yes
1.2374293628808861,No
0.060195752539242885,No
-0.36491966759002764,No
-0.27398707294552166,No
0.19753277931671287,No
0.00856140350877197,No
-0.29694552169898425,No
0.7280443213296398,No
0.34139981532779323,No
1.5574145891043398,No
-0.17080701754385963,Yes
0.9507737765466298,No
0.19889196675900278,Yes
-0.3320332409972299,Yes
0.6382936288088642,No
0.16535549399815327,No
-0.1972373037857802,Yes
0.005695290858725789,No
1.3375955678670357,No
0.08870914127423826,No
1.9065189289012003,No
-0.2210378578024007,No
0.9337100646352724,No
0.4773628808864267,Yes
-0.03881809787626962,Yes
-0.3064450600184672,No
-0.10370452446906737,No
0.2808273314866113,Yes
-0.2806204986149584,No
0.8310175438596491,No
0.7328310249307479,No
-0.3679187442289935,No
-0.243848568790397,No
-0.40711357340720217,Yes
-0.2572188365650969,Yes
-0.2496103416435826,No
0.5351578947368422,No
-0.35064819944598336,Yes
0.6823933518005539,Yes
-0.22950323176361956,No
-0.2910360110803324,Yes
-0.16706925207756232,Yes
-0.3580941828254848,Yes
0.16124838411819026,Yes
-0.263438596491228,No
1.9647276084949215,No
0.12345706371191137,No
-0.23180794090489376,No
-0.17797229916897506,No
0.22820313942751624,Yes
-0.1253924284395198,No
0.24014035087719296,No
1.0212446906740535,Yes
-0.10092705447830096,No
-0.3702086795937211,Yes
-0.38600184672206833,Yes
-0.02736842105263158,No
-0.2022456140350877,Yes
-0.40668513388734995,No
1.2360701754385968,No
0.02967313019390587,No
0.9248310249307479,Yes
0.9434164358264082,No
-0.3537654662973222,No
-0.23136472760849489,No
0.9358965835641735,No
0.0,No
-0.36234903047091405,Yes
-0.11378024007386886,No
-0.1350692520775623,Yes
-0.10334995383194825,Yes
0.40448384118190217,No
0.06647460757156053,Yes
-0.07922437673130193,No
1.265647276084949,No
0.2500978762696215,No
0.9235900277008311,No
1.7025964912280702,No
0.42621606648199445,No
-0.38911911357340717,No
-0.24151431209602953,No
0.23080332409972298,Yes
1.3713240997229919,No
-0.3362733148661126,No
-0.3171412742382271,No
-0.2895143120960295,No
-0.36323545706371185,Yes
1.252927054478301,No
-0.16489750692520774,No
-0.18566943674976913,No
1.4346888273314864,No
0.0721920590951062,No
0.08290304709141276,No
0.1953167128347184,No
0.30346075715604803,No
-0.298511542012927,Yes
1.4466408125577102,No
0.42612742382271473,Yes
0.5166168051708219,No
0.2373333333333333,No
-0.14273684210526313,No
0.9396934441366575,No
1.063719298245614,No
0.8117673130193906,No
0.028387811634349044,No
0.8219021237303787,No
-0.14889750692520776,Yes
0.0630914127423823,No
-0.23768790397045245,No
0.8531338873499539,Yes
-0.2520184672206833,Yes
0.04028070175438598,No
-0.25637673130193905,No
0.7292705447830101,No
-0.260528162511542,No
-0.13487719298245612,Yes
-0.07795383194829172,Yes
-0.39863342566943677,No
0.19872945521698993,No
2.0495586334256695,No
-0.0556158818097876,No
-0.00036195752539240156,No
-0.19918744228993532,No
-0.3453591874422899,No
-0.06965096952908585,No
-0.383859649122807,No
-0.18383748845798706,No
-0.09538688827331482,No
-0.40241551246537394,Yes
0.27397229916897503,No
-0.09599261311172669,No
-0.36254108956602027,No
-0.35474053554939977,Yes
-0.06932594644506002,Yes
0.08284395198522622,No
-0.4073499538319483,No
-0.3034755309325946,No
0.5948291782086796,No
-0.0764321329639889,No
1.1425373961218837,No
-0.11575992613111723,No
1.3411855955678673,No
1.2050747922437672,No
-0.34671837488457985,Yes
0.27437119113573416,No
-0.4036565096952909,Yes
1.0619464450600185,No
-0.10196121883656505,Yes
1.3100572483841182,No
-0.26199076638965835,No
-0.3290193905817174,No
-0.030160664819944543,No
-0.40711357340720217,No
0.476949215143121,No
1.9784081255771004,No
1.2447719298245612,Yes
0.5378171745152355,No
-0.4070544783010157,Yes
-0.18445798707294547,No
-0.10877192982456141,No
-0.21511357340720216,Yes
0.648960295475531,No
0.046234533702677785,Yes
0.7551394275161589,No
0.1695069252077563,No
-0.047667590027700775,Yes
0.5314201292705448,No
1.02669621421976,No
0.03044136657433059,No
-0.39514681440443206,Yes
0.6149658356417359,No
1.7776029547553096,No
0.6306999076638966,No
-0.337056325023084,No
0.7356675900277009,No
0.3228587257617729,No
-0.23756971375807936,Yes
0.6242880886426594,No
-0.1867479224376731,No
-0.04081255771006464,No
1.2235272391505079,No
-0.3122068328716528,No
-0.16340535549399812,No
-0.014337950138504115,No
0.7033868882733149,No
-0.23219205909510618,No
1.0254404432132964,Yes
0.031785780240073884,No
-0.27468144044321324,No
-0.39078855032317633,Yes
-0.35553831948291775,No
-0.24407017543859644,No
-0.38920775623268694,Yes
1.139493998153278,No
-0.07322622345337021,Yes
-0.19403139427516158,Yes
-0.25887349953831945,No
0.004483841181902177,No
0.039881809787627,Yes
-0.3390360110803324,Yes
-0.09067405355493999,No
0.014574330563250245,No
0.2615180055401663,Yes
0.8577580794090489,No
-0.08458725761772849,No
-0.35674976915974144,No
0.9012816251154202,No
-0.37056325023084025,Yes
-0.39937211449676824,Yes
-0.17352539242843948,Yes
0.12781532779316715,No
0.42051338873499544,No
1.0193536472760851,No
0.9844727608494922,No
0.7741385041551246,No
0.000332409972299169,No
0.3447682363804248,Yes
0.08522253000923366,No
1.3087128347183747,No
1.3795974145891046,No
-0.345433056325023,Yes
-0.3330821791320406,No
0.03892151431209607,Yes
-0.36310249307479225,No
-0.25444136657433053,No
0.1450710987996307,No
-0.22696214219759922,No
-0.39953462603878115,Yes
-0.3274385964912281,Yes
0.21267590027700833,No
0.9849455216989842,No
0.18779686057248385,No
-0.12100461680517079,Yes
-0.3996084949215143,Yes
1.2843951985226223,No
-0.390522622345337,Yes
-0.4071726685133887,No
-0.2583416435826408,Yes
1.0069289012003695,No
-0.395471837488458,Yes
1.3926574330563248,No
0.05883656509695291,No
-0.10379316712834714,No
0.8943231763619575,Yes
-0.38551431209602954,No
-0.3554349030470914,No
-0.2320590951061865,No
1.3976361957525392,Yes
1.5584044321329642,No
1.1425521698984304,No
-0.32318374884579865,No
1.0109178208679594,No
1.4923213296398894,Yes
1.702404432132964,No
0.052306555863342596,No
0.4378134810710988,No
-0.3874939981532779,No
0.8160960295475531,No
1.548550323176362,No
0.5066149584487536,No
1.7051228070175437,No
-0.021045244690674026,No
0.24733518005540175,No
-0.26661495844875344,No
2.044831024930748,No
-0.21205540166204984,No
-0.39436380424746076,No
1.8161477377654662,No
-0.06182086795937209,No
-0.21297137580794087,Yes
-0.39102493074792244,No
0.5451597414589104,No
-0.046485687903970396,No
0.8018836565096954,No
1.3303416435826407,No
-0.22589843028624187,Yes
1.1215438596491227,No
1.8122474607571564,No
-0.33286057248384116,Yes
1.2004358264081256,No
0.06403693444136661,No
-0.2939907663896583,No
-0.008783010156971348,No
-0.26999815327793164,Yes
1.9397156048014774,No
0.713078485687904,No
0.6311726685133887,No
-0.00016989843028618817,No
-0.015342566943674963,Yes
0.0735660203139428,No
1.9885872576177286,Yes
0.37899907663896587,No
-0.034415512465373936,Yes
0.04621975992613117,Yes
0.5348328716528163,Yes
0.19252446906740545,No
0.6594201292705447,No
1.1012594644506002,Yes
0.6136952908587258,Yes
-0.3531449676823638,No
-0.36933702677747,No
-0.3874053554939981,No
-0.24183933518005538,No
-0.4071726685133887,Yes
0.5123767313019392,No
0.747796860572484,No
-0.357444136657433,No
0.09238781163434909,No
-0.3903601108033241,Yes
-0.3924579870729455,Yes
0.22282548476454295,No
1.3484395198522623,Yes
-0.0519815327793167,No
0.029244690674053594,No
-0.03110618651892886,No
-0.4054884579870729,No
0.09325946445060018,No
0.10383748845798713,No
-0.40547368421052626,Yes
-0.3844210526315789,Yes
-0.08359741458910433,No
-0.23294552169898428,No
-0.4069658356417359,Yes
1.694781163434903,Yes
0.0,No
-0.3628513388734995,Yes
-0.3710803324099723,No
0.9724616805170821,No
-0.24655216989843026,No
1.3555013850415512,No
-0.04103416435826408,Yes
-0.3025595567867036,No
-0.15963804247460753,Yes
0.34153277931671283,No
0.8643767313019391,No
-0.33881440443213295,No
0.931213296398892,No
-0.011220683287165256,No
0.07145337026777471,Yes
-0.36007386888273313,No
-0.22563250230840254,No
1.1575623268698063,No
-0.19559741458910432,No
-0.1499759926131117,Yes
-0.031756232686980586,Yes
-0.31539796860572483,Yes
-0.34261126500461675,Yes
1.5001071098799628,No
0.8936583564173591,No
0.31179316712834715,Yes
-0.1724469067405355,Yes
1.0363434903047093,No
0.9120073868882734,No
0.18803324099722993,No
-0.25389473684210523,No
-0.3895180055401662,Yes
0.23502862419205914,No
-0.4070544783010157,No
0.7270397045244692,No
-0.1603471837488458,No
-0.31027146814404427,Yes
1.30531486611265,No
0.7602363804247462,No
0.49068882733148667,No
1.402836565096953,No
-0.37474422899353643,No
-0.06842474607571555,No
-0.39816066481994455,Yes
0.04624930747922441,Yes
1.0361662049861495,No
1.2513610341643584,No
0.07262049861495848,No
-0.19410526315789473,No
0.5377876269621423,Yes
1.0314238227146815,No
0.30811449676823643,No
-0.22956232686980607,No
-0.4069067405355494,No
1.6084136657433057,No
0.4738614958448753,Yes
1.435043397968606,Yes
-0.31848568790397047,No
0.15972668513388735,No
-0.3259021237303785,No
-0.3956934441366574,No
-0.28206832871652815,Yes
-0.24952169898430285,Yes
-0.25145706371191134,No
-0.17739612188365647,No
-0.39046352723915045,Yes
0.08164727608494923,No
-0.311438596491228,No
1.777218836565097,No
0.7805060018467221,No
-0.3624376731301939,Yes
0.4583194829178209,No
-0.026319482917820814,Yes
1.3832022160664819,No
0.5970747922437672,No
1.5383416435826411,No
0.5228217913204063,No
-0.15711172668513387,No
1.4701754385964911,No
-0.06513019390581716,No
1.3557229916897506,No
-0.1964838411819021,Yes
1.9121920590951065,No
0.03149030470914129,Yes
-0.13614773776546626,No
-0.19385410895660202,No
1.5328457987072948,No
0.5096731301939059,No
-0.39801292705447827,Yes
-0.09136842105263156,No
-0.23109879963065555,No
0.446382271468144,No
-0.1942973222530009,No
-0.23745152354570634,No
-0.07821975992613109,Yes
1.7226149584487536,No
-0.3557156048014774,Yes
-0.03135734072022161,No
0.1849898430286242,No
-0.30960664819944594,Yes
-0.3674312096029547,No
1.20002216066482,No
1.1366869806094182,No
-0.3672539242843952,No
0.9188328716528161,No
0.18747183748845803,No
-0.39813111726685135,No
-0.31468882733148656,Yes
-0.27289381348107106,No
-0.38136288088642656,No
-0.36783010156971374,No
-0.05852631578947363,No
0.3420350877192983,No
0.46736103416435826,No
-0.21942751615881806,No
0.7200517082179133,No
0.04056140350877196,Yes
0.9421754385964911,No
-0.40684764542936286,Yes
1.342515235457064,No
-0.2875937211449677,Yes
0.24745337026777467,No
-0.2159113573407202,No
-0.3298910433979686,Yes
-0.2510581717451523,No
-0.39087719298245616,No
-0.24415881809787626,No
0.10611265004616806,No
1.280583564173592,No
0.6140203139427517,Yes
-0.36657433056325023,No
0.37990027700831025,No
-0.14795198522622344,Yes
0.29837857802400747,Yes
0.9039113573407201,No
1.6550987996306556,No
-0.40204616805170823,No
1.5217654662973223,Yes
0.8713351800554016,Yes
0.25633240997229917,No
-0.02609787626962137,No
0.9918596491228071,No
-0.047844875346260377,No
0.6397119113573407,No
1.7185669436749769,No
0.2025410895660203,Yes
-0.38255955678670356,Yes
1.3346408125577098,No
-0.3977765466297322,No
-0.03386888273314866,No
0.9872945521698986,No
-0.4071431209602955,No
0.11178578024007388,Yes
-0.17782456140350875,No
-0.37007571560480146,Yes
1.0625078485687902,No
-0.3947626962142197,No
0.7744635272391506,No
-0.074112650046168,Yes
1.383985226223453,No
0.02404432132963989,No
-0.34092705447830096,No
0.3653481071098799,No
0.9862603878116345,No
-0.04424007386888271,No
-0.39084764542936284,Yes
0.7082622345337027,No
-0.11487349953831945,No
0.2166057248384119,No
-0.024797783933517992,Yes
1.2793130193905815,No
-0.00726131117266846,No
-0.05719667590027695,No
-0.4052963988919667,Yes
-0.053887349953831945,No
0.4371782086795938,No
0.0538430286241921,No
1.2166131117266852,No
-0.38452446906740534,No
-0.3915272391505078,Yes
-0.3965946445060018,No
0.30901569713758087,No
0.16931486611265006,Yes
-0.3138171745152354,No
1.6562807017543861,No
-0.36595383194829173,No
-0.32630101569713754,No
0.028446906740535575,No
-0.08984672206832867,No
-0.10035087719298245,No
-0.35676454293628806,Yes
-0.15214773776546628,No
-0.3241588180978762,No
-0.10977654662973219,Yes
0.011663896583564214,No
-0.27256879039704524,No
1.1791468144044321,No
1.2801994459833792,No
-0.17076269621421974,Yes
-0.3487719298245614,No
1.0338319482917822,No
0.010821791320406279,No
-0.13602954755309324,No
-0.3153684210526315,Yes
0.022877192982456194,No
1.5184561403508772,No
-0.07959372114496768,No
1.6181052631578947,Yes
0.23684579870729464,No
-0.39937211449676824,Yes
-0.27785780240073865,No
-0.2455327793167128,No
0.31737765466297324,No
0.5052114496768237,No
-0.2597746999076639,No
1.2919002770083101,Yes
-0.38582456140350874,Yes
-0.16699538319482918,No
0.04673684210526321,Yes
-0.39953462603878115,No
0.11615881809787627,No
-0.3907737765466297,Yes
-0.34005540166204984,No
-0.33560849492151423,No
-0.14747922437673128,Yes
0.9195272391505078,No
1.2063601108033242,No
-0.21992982456140348,No
-0.06335734072022159,No
-0.22397783933518,No
-0.271460757156048,No
-0.40699538319482914,No
-0.37536472760849493,Yes
0.884646352723915,No
-0.3329639889196676,No
1.5698688827331486,Yes
0.7618614958448754,No
0.09085133887349958,Yes
-0.29001662049861493,Yes
-0.13215881809787622,Yes
0.029421975992613127,No
-0.18240443213296398,No
0.6248347183748846,No
-0.3321809787626962,No
0.6265337026777471,No
0.5845761772853186,No
1.805673130193906,No
-0.04503785780240072,No
1.167268698060942,No
-0.26705817174515234,No
-0.039482917820867956,No
-0.2989990766389658,No
0.5869695290858726,Yes
-0.3880406278855032,No
0.07127608494921518,No
-0.3640480147737765,Yes
-0.37738873499538317,No
0.9088753462603878,No
-0.25910987996306556,No
1.2765650969529085,No
-0.3866814404432133,Yes
0.8613185595567867,No
0.40121883656509694,Yes
-0.11905447830101569,Yes
1.510995383194829,No
-0.052838411819021186,No
1.7876934441366577,No
-0.06740535549399815,Yes
-0.33033425669436745,No
1.27730378578024,No
0.5093924284395198,No
1.498393351800554,No
1.3359409048938138,Yes
-0.21329639889196672,No
0.6276565096952909,No
-0.14016620498614954,No
-0.08483841181902124,No
0.06328347183748852,No
0.26478301015697137,Yes
1.2279298245614034,No
-0.39969713758079406,No
0.48210526315789476,Yes
0.5417765466297323,No
1.1027072945521699,No
1.21466297322253,Yes
-0.21911726685133887,Yes
-0.06094921514312092,No
-0.15691966759002768,No
0.36335364727608493,No
0.9880627885503231,No
0.7717008310249307,No
0.019493998153277972,Yes
1.0889233610341644,Yes
-0.39997783933518005,No
0.6825854108956602,No
-0.3477820867959372,No
-0.07793905817174511,No
0.17305263157894743,No
1.2851043397968605,No
-0.18522622345337023,Yes
-0.3733111726685134,No
1.42792243767313,No
-0.24359741458910433,No
0.5973998153277933,No
0.6470249307479224,Yes
0.6334626038781164,Yes
0.7102714681440444,No
-0.15629916897506924,Yes
1.022825484764543,No
0.0123730378578024,No
-0.3875678670360111,Yes
-0.38954755309325945,Yes
-0.2377765466297322,No
-0.06250046168051704,No
-0.4073647276084949,No
-0.37317820867959367,Yes
1.041174515235457,No
-0.14662234533702675,No
1.1654515235457064,Yes
1.0230766389658357,No
-0.07631394275161583,No
1.6797710064635274,No
-0.3170083102493075,Yes
1.0091301939058173,Yes
0.8870249307479224,Yes
-0.21685687903970452,No
-0.36131486611265,No
-0.317865189289012,No
1.1015401662049862,No
-0.2507331486611265,No
-0.39810156971375804,Yes
1.6646574330563253,No
1.0693776546629732,No
0.944775623268698,Yes
-0.23225115420129266,No
0.29153831948291786,Yes
-0.31841181902123733,No
-0.36762326869806095,No
1.6659279778393352,No
-0.3112169898430286,No
0.010097876269621475,No
0.13347368421052636,No
1.3844875346260388,No
-0.28685503231763615,No
0.07619575253924285,No
0.16145521698984308,No
0.06461311172668519,Yes
-0.31985964912280695,No
-0.17510618651892887,No
-0.2753167128347183,No
1.5576214219759927,No
-0.06965096952908585,No
-0.1328827331486611,No
2.061702677746999,No
-0.4026666666666666,Yes
0.7010230840258541,No
-0.33467774699907665,Yes
0.9781348107109882,No
1.4049639889196675,No
-0.12982456140350873,No
-0.13428624192059094,No
1.5416952908587256,Yes
0.2372003693444137,Yes
-0.2873130193905817,No
-0.38344598337950137,Yes
1.0776952908587258,No
1.5796343490304712,No
-0.35488827331486605,No
-0.324365650969529,Yes
0.20577654662973227,No
-0.28948476454293626,No
0.09689381348107115,No
0.06580978762696219,No
0.5236048014773778,No
1.1333776546629732,No
-0.12694367497691594,No
-0.28348661126500463,No
0.007216989843028678,No
-0.3174367497691597,No
-0.31878116343490304,No
-0.36455032317636193,No
-0.22391874422899352,Yes
0.45238042474607576,No
-0.3832686980609418,No
-0.33219575253924283,No
0.06224930747922443,No
0.013141274238227188,No
0.22771560480147743,No
0.6563176361957526,No
1.269119113573407,No
-0.39523545706371194,Yes
-0.3923545706371191,Yes
1.3508624192059098,No
-0.40729085872576176,No
-0.28917451523545706,Yes
1.980594644506002,No
-0.40715789473684205,Yes
-0.32030286241920586,No
1.3986260387811635,No
-0.39226592797783927,Yes
-0.1927017543859649,No
-0.05477377654662973,No
-0.3586260387811634,Yes
0.05496583564173595,No
0.8168642659279779,No
-0.0820166204986149,No
1.9548882733148663,No
-0.33466297322253,Yes
-0.08718744228993532,No
1.3102936288088642,No
0.858954755309326,No
-0.06473130193905811,Yes
0.007172668513388762,No
1.604439519852262,No
0.9752391505078486,No
-0.21953093259464448,No
0.5527091412742383,No
0.8759593721144968,No
-0.003124653739612135,No
-0.29017913204062784,No
0.35948291782086794,No
0.03431209602954755,No
0.5212557710064635,No
-0.38900092336103415,No
0.9689307479224376,No
1.515545706371191,No
-0.24056879039704523,No
1.9739612188365652,No
0.6222788550323176,No
1.5577396121883658,No
0.9727128347183749,Yes
-0.05800923361034159,Yes
-0.3704746075715604,Yes
-0.03097322253000918,No
-0.3985152354570637,No
1.6873795013850417,No
0.11968975069252079,No
0.03181532779316718,No
0.136398891966759,No
-0.36313204062788546,No
-0.29743305632502304,Yes
1.4602326869806095,No
0.07532409972299174,No
-0.3917488457987072,Yes
-0.3900203139427516,Yes
1.47601108033241,No
0.5516602031394275,Yes
0.9460166204986149,No
-0.0777765466297322,No
0.06614958448753462,No
-0.13301569713758077,Yes
0.3914238227146814,No
0.4907331486611266,No
0.10995383194829178,No
1.4467294552169898,No
0.10742751615881811,Yes
0.07247276084949218,No
-0.24198707294552166,No
-0.13077008310249305,No
-0.12534810710987992,Yes
-0.3999630655586334,No
0.027457063711911412,No
-0.33018651892890116,No
0.1488531855955679,No
-0.20124099722991687,No
0.981724838411819,No
-0.13784672206832868,No
-0.3903601108033241,Yes
0.08257802400738692,Yes
0.3677414589104341,Yes
1.5877008310249308,No
0.12936657433056326,No
0.05636934441366577,No
-0.3906112650046168,No
-0.33658356417359186,No
0.030958448753462632,No
-0.4072465373961218,No
1.6345484764542935,No
0.9029215143120961,No
0.5457211449676824,No
-0.31734810710987993,No
0.3733702677746999,Yes
0.3840960295475531,Yes
0.007985226223453398,Yes
0.001085872576177339,No
0.10108956602031394,No
1.339545706371191,No
0.27667590027700834,No
-0.13226223453370264,No
-0.24377469990766384,No
-0.20703231763619573,No
-0.004631578947368408,No
0.34732409972299166,Yes
-0.39875161588180974,No
-0.39959372114496766,Yes
-0.3996232686980609,No
0.21421237303785778,Yes
-0.40699538319482914,Yes
1.0443065558633426,No
-0.37836380424746074,No
1.6370747922437674,Yes
-0.040118190212373,No
0.5544081255771007,No
0.005429362880886426,No
0.7566315789473684,No
0.3234792243767313,No
-0.3304228993536472,No
-0.09291966759002768,No
-0.18968790397045243,No
-0.29396121883656506,Yes
0.5479667590027701,No
-0.3926057248384118,Yes
-0.3992686980609418,Yes
-0.399578947368421,Yes
-0.40012557710064633,Yes
-0.13610341643582638,No
0.25209233610341647,Yes
0.7267590027700831,No
0.012890120036934441,Yes
0.8690304709141276,Yes
-0.005621421975992573,No
-0.3993425669436749,Yes
0.34535918744229,No
-0.362393351800554,No
0.05907294552169904,No
0.9889196675900278,No
1.5731486611265004,No
-0.33986334256694367,Yes
-0.3999039704524469,No
0.09962696214219766,No
-0.399460757156048,No
0.928347183748846,No
-0.17528347183748844,No
1.067752539242844,No
0.6432576177285318,No
1.9764136657433053,No
0.9353351800554017,No
1.4669990766389658,No
-0.3930932594644506,No
-0.39222160664819944,Yes
-0.3640332409972299,Yes
-0.07118744228993536,No
0.12902677746999083,No
0.6665558633425669,Yes
0.023689750692520828,No
0.09129455216989847,No
0.7553019390581717,No
-0.060033240997229904,Yes
-0.0205724838411819,No
-0.2889085872576177,No
-0.4067146814404432,Yes
-0.39959372114496766,Yes
-0.3516528162511542,No
-0.09271283471837484,No
0.18035087719298246,No
1.3252890120036933,No
0.3723213296398893,No
0.038419205909510645,Yes
-0.30111172668513386,Yes
0.06344598337950143,No
-0.3902714681440443,No
-0.3358891966759002,No
1.490489381348107,No
-0.3340867959372114,No
1.101274238227147,Yes
-0.12859833795013847,No
-0.004306555863342513,No
-0.24418836565096952,No
0.000554016620498615,No
-0.36859833795013847,No
-0.36351615881809785,No
1.8496546629732222,No
-0.1573185595567867,No
1.4053924284395198,No
-0.36144783010156967,No
-0.03778393351800554,No
0.7283693444136659,Yes
1.4640590951061863,No
-0.014470914127423795,No
-0.39787996306555856,Yes
-0.2735881809787627,No
1.3397673130193906,No
0.00212003693444142,No
-0.1983748845798707,No
0.16668513388734996,No
0.826555863342567,No
1.026770083102493,Yes
1.0996048014773776,Yes
-0.21821606648199443,Yes
-0.3889713758079409,No
-0.3901828254847645,No
1.3037192982456138,No
-0.40695106186518926,No
-0.29003139427516156,No
-0.3400849492151431,Yes
-0.11834533702677744,No
0.5163951985226224,No
-0.3345300092336103,No
-0.4067442289935364,No
-0.4066999076638966,No
0.9392650046168053,No
-0.35704524469067406,No
-0.14458356417359186,No
-0.3982049861495845,No
-0.3493333333333333,Yes
0.03057433056325027,No
1.0937543859649121,No
1.4739722991689752,No
-0.36580609418282545,Yes
1.6216509695290857,No
1.3424561403508772,Yes
-0.21529085872576173,No
0.1532705447830102,No
-0.3906555863342567,Yes
-0.3906260387811634,Yes
0.9503896583564173,No
1.7326020313942752,No
0.3138910433979687,No
0.19245060018467228,No
-0.3645946445060018,No
0.44062049861495844,No
0.3026038781163435,No
0.2645318559556787,No
-0.2494035087719298,No
0.6111098799630655,No
-0.05527608494921509,Yes
-0.03137211449676822,No
1.1697802400738688,Yes
1.1237894736842107,No
0.5435493998153279,No
-0.242533702677747,Yes
-0.28475715604801477,No
0.1391468144044322,No
1.2797266851338875,No
-0.16894552169898427,Yes
-0.29756602031394275,No
-0.38527793167128344,Yes
0.427752539242844,No
0.7377802400738689,No
-0.1510101569713758,No
-0.11107663896583563,No
1.3260720221606646,Yes
-0.33361403508771925,No
0.23841181902123731,No
-0.040915974145891015,Yes
-0.3215881809787627,Yes
1.4775475530932596,No
0.2541902123730379,Yes
1.4448088642659278,Yes
0.07817543859649125,No
-0.013983379501384988,Yes
0.6509843028624193,No
-0.020188365650969476,No
-0.39941643582640807,Yes
-0.28808125577100646,No
-0.39225115420129264,Yes
0.9544376731301938,No
1.5720554016620496,No
-0.3842289935364728,Yes
0.09247645429362884,Yes
-0.22458356417359185,No
-0.3780683287165281,No
0.3141126500461681,No
1.2017506925207755,Yes
0.22679963065558642,Yes
1.0472613111726685,Yes
-0.34698430286241916,Yes
-0.3594090489381348,Yes
-0.3120295475530932,Yes
1.280701754385965,No
-0.30721329639889194,Yes
0.9510249307479226,No
0.9266777469990766,Yes
-0.23881071098799628,No
-0.19128347183748842,No
0.0037746999076639235,No
-0.1674238227146814,Yes
-0.19323361034164355,No
-0.39953462603878115,Yes
1.6674792243767314,Yes
0.7292262234533703,No
1.6038928901200367,No
-0.016952908587257617,No
-0.30310618651892884,Yes
-0.06307663896583561,No
2.09203324099723,No
1.7685318559556786,No
-0.2779316712834718,No
-0.3149399815327793,No
1.3765244690674052,Yes
-0.37314866112650047,No
-0.37583748845798703,No
-0.002031394275161588,Yes
-0.40695106186518926,Yes
0.3291080332409973,No
0.39581163434903055,No
-0.3909658356417359,No
-0.39205909510618653,No
0.2849344413665744,Yes
0.09835641735918745,Yes
1.4793056325023084,No
-0.3640627885503232,No
0.13891043397968605,No
-0.1046500461680517,No
-0.374921514312096,No
1.789983379501385,No
-0.40562142197599255,No
-0.35200738688827327,No
0.1869843028624192,Yes
1.321344413665743,No
0.5851375807940906,No
-0.01515050784856875,No
1.048517082179132,No
0.7881883656509695,Yes
-0.38143674976915976,Yes
1.0540277008310248,No
0.7943194829178208,No
0.10202031394275164,Yes
1.4263564173591876,No
0.5962031394275162,No
1.4560369344413664,No
-0.31238411819021233,Yes
0.08454293628808865,No
0.7590249307479225,No
-0.23312280701754384,No
0.44295475530932593,No
0.03468144044321329,No
1.5940831024930748,No
0.9667146814404431,No
-0.3846722068328717,Yes
0.45409418282548486,Yes
1.4494035087719301,No
-0.18268513388734992,No
-0.32907848568790393,No
0.9464746075715604,Yes
1.2399704524469066,No
-0.1845614035087719,No
-0.39183748845798705,Yes
-0.159460757156048,No
1.8191172668513391,No
1.3545115420129268,No
0.09024561403508777,No
-0.2748882733148661,No
-0.4069658356417359,Yes
-0.3923102493074792,Yes
0.45311911357340723,Yes
0.000997229916897507,Yes
-0.3721883656509695,Yes
0.16074607571560484,No
0.15816066481994462,No
0.007556786703601121,No
-0.12605724838411816,No
1.3040590951061863,No
-0.3467626962142197,No
-0.29718190212373036,No
-0.3892963988919667,Yes
-0.4072169898430286,Yes
-0.17309695290858723,No
-0.36128531855955676,No
0.5109879963065559,No
1.608561403508772,No
0.6964727608494922,Yes
0.0027109879963066095,No
-0.1662862419205909,No
-0.2275383194829178,Yes
-0.34141458910433975,Yes
0.5198965835641736,No
0.5006906740535549,No
0.22793721144967688,No
-0.1232502308402585,No
-0.39343305632502307,No
-0.20257063711911355,No
0.16408494921514313,No
0.8779686057248386,No
0.3692336103416436,No
2.092003693444137,No
-0.39686057248384116,Yes
0.9249935364727608,No
0.11617359187442296,No
-0.16306555863342564,No
-0.05530563250230839,No
-0.4068771929824561,No
-0.16045060018467217,No
0.30481994459833794,No
-0.38325392428439514,Yes
1.1322548476454293,No
-0.39978578024007383,No
0.09424930747922441,Yes
0.4804653739612189,No
-0.3906703601108033,Yes
1.0164727608494923,Yes
0.1875752539242844,No
-0.2838264081255771,No
-0.39207386888273316,Yes
-0.4069658356417359,No
1.3285983379501387,No
0.009625115420129284,No
-0.32043582640812557,No
0.7311172668513388,No
-0.2775623268698061,No
0.3983674976915974,Yes
-0.3120590951061865,No
-0.017927977839335165,No
0.2317340720221607,No
-0.3692631578947368,No
-0.17108771929824557,No
1.6948402585410898,No
-0.3098578024007387,No
-0.374921514312096,No
0.9682511542012926,No
0.10045429362880891,No
0.029953831948291782,No
-0.3981163434903047,No
0.11827146814404435,No
-0.26574330563250226,No
0.3624819944598338,Yes
-0.35852262234533705,Yes
1.211841181902124,No
1.0187774699907663,No
-0.303859649122807,No
1.3885650969529084,No
-0.36542197599261306,Yes
0.38024007386888276,No
0.47473314866112654,Yes
1.6538725761772854,No
-0.3321809787626962,No
1.207438596491228,No
-0.048406278855032264,Yes
-0.256938134810711,Yes
1.0602917820867959,No
-0.04110803324099723,No
-0.3800036934441366,No
-0.3999335180055401,No
-0.3218836565096953,No
-0.29956048014773773,No
0.342286241920591,Yes
-0.033469990766389617,No
1.818009233610342,No
-0.084927054478301,No
-0.38349030470914125,No
1.5688790397045242,No
0.8175586334256694,No
1.3226297322253,No
-0.3806389658356417,No
-0.3599556786703601,Yes
-0.017529085872576122,Yes
-0.15810156971375805,No
2.117754385964912,No
-0.1392502308402585,No
0.09476638965835646,No
1.3471837488457987,No
-0.3859427516158818,Yes
1.0125872576177286,No
-0.04692890120036929,No
-0.3894293628808864,Yes
-0.21430101569713755,No
-0.29998891966759,No
0.8471652816251155,No
-0.09655401662049858,No
-0.015253924284395199,No
-0.10407386888273312,No
0.474555863342567,No
-0.27477008310249307,Yes
1.8142271468144042,No
1.7978578024007388,Yes
0.5748993536472762,No
1.1906408125577101,Yes
-0.23944598337950135,Yes
-0.38313573407202217,Yes
-0.36530378578024003,No
1.6638301015697137,No
1.1332742382271468,No
-0.3461865189289012,No
-0.3317525392428439,No
-0.06397783933518002,Yes
0.5828919667590028,No
1.6882954755309327,No
1.3477746999076639,No
1.3598891966759004,No
0.07415697137580798,No
1.2870249307479222,No
0.9146223453370267,No
0.7561883656509695,No
0.36286611265004626,Yes
-0.04848014773776541,Yes
-0.026142197599261285,No
-0.17256509695290856,No
-0.08529639889196675,No
1.7586334256694367,No
-0.3259907663896583,No
-0.13836380424746073,No
-0.19426777469990764,Yes
-0.18998337950138502,No
0.7345004616805172,No
0.004941828254847686,No
0.5359113573407202,No
-0.30312096029547553,No
-0.044638965835641684,No
-0.3845983379501385,No
0.3392723915050785,No
1.4925577100646352,No
0.021104339796860626,No
-0.11342566943674974,No
1.5640332409972297,No
0.2042548476454294,Yes
1.7265152354570634,No
-0.38264819944598333,Yes
-0.16760110803324096,No
0.05650230840258545,No
-0.16788180978762696,No
-0.3235530932594644,No
-0.20246722068328712,No
-0.017972299168975015,No
1.171050784856879,No
1.577122807017544,No
-0.3977913204062788,No
-0.11448938134810709,No
1.0192650046168052,No
0.4793277931671283,No
-0.36515604801477375,No
-0.34863896583564175,Yes
0.35051523545706376,No
-0.36976546629732227,Yes
-0.24525207756232684,Yes
1.8655660203139426,No
-0.00375992613111724,Yes
1.2066555863342567,No
1.9875826408125579,No
-0.16847276084949214,No
-0.3919704524469067,Yes
-0.34763434903047086,Yes
0.672539242843952,No
-0.39819021237303787,No
-0.242533702677747,No
0.2759224376731303,Yes
-0.39090674053554936,Yes
0.9154349030470913,No
1.6380350877192984,Yes
-0.31235457063711913,No
0.1159519852262235,No
-0.14446537396121883,No
-0.10463527239150508,Yes
1.6028587257617726,Yes
-0.39177839335180054,Yes
-0.3663674976915974,No
1.0730858725761772,Yes
-0.24104155124653737,No
1.7494293628808866,Yes
-0.2886869806094182,No
1.8258097876269623,No
-0.22576546629732222,Yes
-0.3178799630655586,Yes
1.0541163434903047,No
1.404816251154201,No
-0.04242289935364722,Yes
-0.4054884579870729,Yes
-0.3995641735918744,No
1.3283619575253922,Yes
1.1887497691597413,No
0.3633979686057248,No
1.0755530932594646,Yes
-0.1931597414589104,No
1.534145891043398,No
-0.3856029547553093,Yes
1.5765614035087716,No
0.5946518928901201,No
-0.35386888273314865,No
-0.23761403508771928,No
1.7406241920590948,No
1.132358264081256,No
0.9063194829178209,No
1.0845650969529086,No
-0.2941828254847645,No
0.9024930747922439,No
1.5635013850415513,No
0.3733702677746999,No
-0.39133518005540163,No
-0.054906740535549343,No
1.6644653739612185,No
-0.1114755309325946,No
1.2410489381348104,No
1.4259132040627889,No
-0.11016066481994455,No
0.45376915974145887,Yes
-0.041122807017543846,Yes
-0.38842474607571553,No
1.8887165281625116,No
0.19782825484764546,No
0.607224376731302,No
1.2030212373037859,No
0.11957156048014779,No
-0.19617359187442288,No
0.47984487534626036,No
0.6767497691597415,No
-0.0018688827331486075,No
-0.3318559556786704,No
-0.05419759926131116,Yes
1.2153425669436748,Yes
-0.022049861495844876,No
0.170275161588181,Yes
0.23603324099723,No
1.9046574330563253,No
0.5361181902123731,No
-0.37446352723915044,No
-0.20834718374884575,No
-0.3876565096952908,No
1.6109104339796858,No
-0.35265743305632496,No
0.21266112650046165,No
1.527128347183749,No
-0.2874164358264081,No
0.564173591874423,No
-0.36301385041551243,No
-0.33792797783933515,No
-0.3545927977839335,No
0.7211745152354571,No
0.1972816251154202,No
1.0835013850415511,No
-0.07606278855032317,No
0.310241920590951,No
-0.03946814404432127,No
-0.3993425669436749,Yes
0.1302086795937212,No
-0.39969713758079406,No
-0.06278116343490302,No
0.10236011080332415,No
-0.3921920590951061,Yes
-0.38764173591874423,Yes
2.1073388734995384,No
1.5222825484764544,No
1.8937100646352722,No
-0.40532594644506,No
1.4448236380424748,No
0.5479224376731302,No
-0.3979686057248384,No
1.9225927977839334,No
-0.1972373037857802,No
0.3712871652816252,No
0.301111726685134,Yes
0.627375807940905,Yes
1.3510544783010159,No
-0.34590581717451524,No
-0.09299353647276082,No
-0.24575438596491225,No
0.8785300092336104,No
-0.3863120960295475,No
0.22808494921514316,No
-0.25023084025854103,No
-0.3965355493998153,No
1.4488273314866114,No
-0.3656288088642659,No
-0.28391505078485685,No
0.11342566943674977,No
0.611493998153278,Yes
1.227708217913204,No
0.4249012003693444,No
0.6482068328716528,No
-0.38681440443213294,Yes
-0.39408310249307477,No
-0.2305669436749769,No
-0.1557820867959372,No
-0.23526500461680513,No
-0.37992982456140345,No
1.3735549399815328,No
0.7464672206832872,No
-0.18324653739612187,Yes
-0.26150323176361956,Yes
-0.3711246537396121,Yes
-0.14931117266851338,No
0.08408494921514313,No
0.5913721144967683,No
1.059981532779317,No
0.014131117266851352,Yes
-0.3226371191135734,No
-0.26284764542936284,No
0.6627442289935365,Yes
0.3770193905817174,No
-0.2977433056325023,No
0.29653185595567877,No
-0.22040258541089564,No
-0.36679593721144965,No
0.41333333333333333,No
-0.39222160664819944,No
-0.29264635272391504,No
1.4973296398891967,Yes
-0.26185780240073864,No
-0.2220277008310249,No
-0.4023120960295475,Yes
0.7031357340720222,Yes
1.0358411819021236,No
0.07575253924284395,No
-0.39888457987072945,Yes
-0.0269399815327793,No
-0.2759372114496768,No
-0.3949990766389658,No
-0.16919667590027698,No
0.20599815327793172,No
-0.2832354570637119,No
-0.16256325023084026,Yes
-0.3154866112650046,No
-0.21360664819944597,No
-0.36489012003693444,No
-0.251309325946445,Yes
1.9175697137580794,No
0.5286574330563251,Yes
0.16986149584487534,No
0.03837488457987073,Yes
-0.2679741458910434,No
0.03957156048014779,Yes
-0.21103601108033238,No
1.9682733148661127,No
0.42841735918744234,Yes
-0.07787996306555858,Yes
-0.32591689750692515,No
0.09504709141274244,No
-0.27649861495844874,Yes
-0.0700350877192982,No
1.123493998153278,No
1.1127091412742383,No
-0.3649639889196676,No
-0.1519113573407202,No
-0.01653924284395196,No
-0.39210341643582636,No
-0.21806832871652812,No
-0.39012373037857795,Yes
-0.4025041551246537,Yes
-0.05685687903970451,No
1.0401994459833794,No
-0.35352908587257614,Yes
-0.23584118190212372,No
0.09918374884579877,No
1.1086315789473684,Yes
0.9690489381348109,No
-0.37766943674976916,No
1.0198707294552172,No
1.1898134810710987,No
1.3241514312096028,No
-0.3405724838411819,No
-0.3476934441366574,No
0.8461606648199446,No
1.2342825484764541,Yes
0.030810710987996332,No
-0.3864007386888273,No
0.928893813481071,Yes
-0.33742566943674973,No
-0.09616989843028621,Yes
0.32850230840258543,No
0.01278670360110806,No
0.09401292705447835,Yes
1.162954755309326,No
0.7380609418282549,No
-0.1558855032317636,No
-0.20406278855032314,Yes
-0.26156232686980607,No
0.36596860572483847,Yes
-0.1721809787626962,No
-0.29809787626962136,No
-0.3853074792243767,No
-0.002253000923361034,No
0.44234903047091423,No
0.7765466297322253,No
-0.012727608494921461,No
0.13560110803324105,No
-0.13930932594644505,No
-0.35701569713758075,Yes
-0.21137580794090485,No
0.11264265927977843,No
0.12372299168975073,No
1.6758707294552169,No
0.1311098799630656,No
-0.3909806094182825,Yes
0.37207017543859644,No
0.08627146814404436,No
-0.10126685133887348,No
0.2334478301015698,Yes
1.7541126500461683,No
0.05428624192059099,Yes
-0.39238411819021235,Yes
0.2976546629732225,No
-0.36226038781163433,No
0.4260683287165281,No
0.5127313019390582,Yes
0.75197783933518,No
-0.15485133887349953,No
0.03905447830101575,No
1.652927054478301,No
-0.4071874422899353,Yes
-0.1755641735918744,Yes
-0.21220313942751615,Yes
0.4119002770083103,Yes
-0.20165466297322251,No
0.08395198522622345,No
0.7737691597414589,No
0.5567276084949215,No
1.7491043397968606,No
1.5001218836565098,No
-0.21307479224376727,Yes
1.9993721144967682,No
-0.02116343490304709,No
0.07604801477377654,No
1.8905927977839336,No
0.754932594644506,No
0.3243361034164359,No
-0.04941089566020311,Yes
-0.15386149584487532,No
0.8468254847645429,No
0.17594829178208685,No
0.17274238227146815,No
-0.24665558633425666,No
-0.40296214219759924,No
-0.09082179132040628,No
-0.345713758079409,No
-0.04332409972299169,No
-0.40192797783933515,No
-0.1491486611265004,No
-0.26880147737765464,No
0.6844616805170821,No
-0.371050784856879,No
-0.21252816251154197,No
2.076550323176362,No
0.8147220683287166,Yes
1.6736251154201292,No
0.5812225300092337,No
0.3716417359187443,Yes
0.008265927977839375,Yes
-0.31467405355493994,No
1.3492816251154203,No
1.28396675900277,Yes
-0.33052631578947367,No
0.1401662049861496,No
0.4340461680517082,Yes
0.8587036011080331,No
0.10504893813481074,No
-0.39674238227146813,Yes
0.6977876269621422,Yes
-0.2304192059095106,No
1.3407571560480147,No
-0.38496768236380424,Yes
0.4472982456140352,Yes
-0.12248199445983375,No
0.4659722991689751,No
-0.3542086795937211,No
-0.03599630655586329,No
0.7698688827331487,No
0.7074053554939982,No
-0.17260941828254847,No
-0.1823748845798707,No
-0.2495512465373961,No
-0.2922917820867959,No
-0.34442843951985225,Yes
0.23451154201292712,No
1.2452003693444138,No
-0.34015881809787624,No
-0.0299390581717451,No
1.6798891966759002,No
1.2601366574330561,No
-0.0537839335180055,No
1.9077894736842103,No
-0.2577950138504155,No
1.1428180978762696,No
-0.3922068328716528,No
1.6936583564173593,No
1.734286241920591,No
2.0976472760849494,No
0.43768051708217914,No
-0.3357119113573407,No
0.5342566943674977,No
-0.3923102493074792,Yes
-0.33040812557710064,Yes
1.443095106186519,Yes
-0.07864819944598336,Yes
-0.19479963065558628,Yes
-0.07694921514312095,No
-0.38922253000923357,Yes
1.4608236380424746,Yes
1.5659390581717452,No
-0.335859649122807,Yes
-0.40712834718374885,Yes
-0.2635715604801477,No
0.6671763619575254,Yes
-0.02886057248384117,No
1.2313573407202216,No
-0.004631578947368408,No
-0.3573407202216066,No
-0.09467774699907662,No
1.041529085872576,No
0.44735734072022165,No
-0.16882733148661122,No
-0.38827700831024925,No
-0.3713462603878116,Yes
1.1760886426592798,No
-0.21629547553093256,Yes
0.6558448753462603,No
1.5500720221606648,No
-0.38786334256694366,Yes
0.04781532779316714,No
1.9472206832871652,No
0.04428439519852262,No
1.1905817174515236,Yes
-0.07981532779316713,Yes
0.22022530009233618,No
-0.32786703601108036,No
0.7824709141274239,Yes
0.40195752539242846,Yes
-0.2356343490304709,Yes
-0.40706925207756234,No
0.926899353647276,No
-0.40083471837488455,No
0.20607202216066486,No
0.0553499538319483,No
-0.028018467220683234,No
0.24850230840258544,Yes
-0.3965060018467221,No
1.193802400738689,No
-0.38610526315789473,Yes
-0.3048790397045244,Yes
0.23983010156971382,No
0.1520738688827332,No
-0.3374108956602031,No
1.1162548476454295,No
-0.21475900277008309,No
0.5258799630655586,No
-0.38622345337026776,Yes
1.5247349953831948,No
1.2984302862419206,No
0.48990581717451526,No
1.1224007386888275,No
2.07055216989843,No
-0.4070840258541089,Yes
0.1157599261311173,Yes
1.0644727608494922,No
1.5706666666666669,No
-0.24668513388734992,No
0.27172668513388737,Yes
-0.3858984302862419,No
-0.16801477377654658,No
-0.23050784856879036,No
-0.33405724838411816,Yes
-0.22823268698060942,No
-0.3238633425669436,Yes
1.3687682363804246,No
0.1315530932594645,No
-0.35187442289935367,Yes
-0.23424561403508767,Yes
1.7694773776546633,No
1.7541126500461683,No
0.021946445060018496,Yes
0.3630433979686058,No
-0.2911542012927054,Yes
2.0327460757156044,No
-0.24052446906740532,Yes
-0.3038153277931671,No
-0.10295106186518928,No
0.005119113573407216,No
-0.36276269621421975,No
0.873713758079409,No
0.39053739612188365,No
1.4678855032317637,No
-0.3976731301939058,No
0.5297211449676824,No
-0.17284579870729452,No
-0.07495475530932594,No
-0.3999187442289935,No
-0.3981163434903047,Yes
0.5612631578947369,No
0.14464265927977843,No
-0.3680664819944598,Yes
-0.3261532779316712,Yes
-0.026408125577100646,Yes
0.24167682363804252,No
-0.270264081255771,No
0.35500646352723914,Yes
-0.34896398891966757,No
-0.4068771929824561,No
1.0836195752539244,No
-0.11849307479224373,No
-0.16482363804247457,No
1.576517082179132,No
0.36072391505078494,No
0.7939058171745152,No
-0.18673314866112647,Yes
-0.17844506001846722,Yes
-0.23151246537396117,No
-0.2938873499538319,No
-0.04511172668513387,No
-0.39920960295475527,No
-0.24099722991689748,No
-0.27617359187442286,Yes
0.04217174515235461,No
-0.3627479224376731,Yes
1.1141274238227148,No
1.5904339796860572,No
-0.3849972299168975,No
-0.3965798707294552,No
-0.35146075715604796,No
0.7186777469990767,No
1.151505078485688,No
1.622847645429363,No
0.5486611265004617,No
1.473366574330563,No
-0.39980055401662046,Yes
-0.2717710064635272,Yes
0.9012225300092337,No
1.7502714681440446,No
0.8088716528162512,No
-0.3874939981532779,Yes
-0.20676638965835636,No
-0.36308771929824557,No
-0.36141828254847647,Yes
0.4007608494921515,No
-0.3924579870729455,No
-0.2844469067405355,No
-0.09454478301015694,Yes
-0.384657433056325,Yes
-0.3812299168975069,No
-0.16141089566020309,No
-0.4067294552169898,Yes
1.3151985226223453,No
-0.3804764542936288,No
-0.40711357340720217,No
-0.23696398891966755,No
-0.315471837488458,Yes
0.32975807940904894,No
1.1044506001846723,No
0.17809048938134814,No
-0.1376103416435826,No
1.7724616805170819,No
0.7568236380424747,No
-0.3358301015697137,No
-0.3250747922437673,Yes
0.03475530932594645,Yes
-0.17157525392428438,No
1.025573407202216,No
-0.20963250230840255,No
-0.327719298245614,No
0.5413628808864267,Yes
-0.06477562326869804,Yes
-0.3581385041551246,No
-0.1274164358264081,No
-0.18877192982456137,Yes
0.13778762696214222,Yes
-0.33438227146814403,No
0.5612631578947369,No
0.8006869806094183,No
-0.29582271468144045,Yes
0.41708587257617735,No
0.050253000923361046,No
0.13413850415512468,No
1.3684875346260388,No
0.19952723915050788,No
1.227309325946445,Yes
0.8627516158818099,No
-0.19521329639889196,No
-0.31359556786703596,No
0.036986149584487586,No
-0.2288679593721145,Yes
1.0525207756232688,No
-0.31542751615881803,Yes
-0.1030101569713758,Yes
-0.11700092336103414,No
-0.2821421975992613,No
1.5678005540166204,No
0.57738134810711,Yes
-0.1826703601108033,No
-0.3361551246537396,Yes
0.6163545706371191,No
1.0321034164358265,No
-0.37251338873499534,No
-0.35850784856879037,No
-0.024369344413665717,No
1.5865927977839336,No
-0.18896398891966754,No
1.6229067405355493,Yes
0.07680147737765472,No
0.47603324099723,No
-0.33549030470914126,Yes
1.9996675900277008,No
-0.15421606648199446,No
0.36983933518005546,Yes
-0.3477229916897506,No
-0.02824007386888268,No
-0.3909362880886426,Yes
0.5698910433979686,Yes
-0.1794939981532779,No
-0.047224376731301886,No
-0.30105263157894735,No
-0.23780609418282547,No
-0.39810156971375804,No
-0.4068771929824561,No
-0.24720221606648196,Yes
0.6620941828254848,No
-0.09965650969529082,Yes
0.4503859649122807,No
0.7741385041551246,No
-0.1603176361957525,No
0.8204986149584489,No
1.040982456140351,No
-0.4068624192059095,Yes
-0.17349584487534625,No
-0.18469436749769158,No
0.15937211449676825,No
-0.38934072022160665,No
-0.3531597414589104,No
-0.0966131117266851,No
-0.31019759926131113,Yes
-0.1174736842105263,No
-0.37950138504155123,No
0.1826999076638966,No
0.016775623268698088,No
-0.3400258541089566,No
1.3652225300092333,No
1.3059944598337951,No
1.2403545706371193,No
0.9950212373037858,No
-0.057861495844875294,No
-0.15665373961218834,No
-0.39810156971375804,No
0.47564912280701754,No
-0.3382382271468144,No
1.4504967682363803,No
1.608443213296399,No
-0.3887054478301015,Yes
-0.2796306555863342,Yes
-0.399741458910434,No
-0.3460831024930748,No
1.6797857802400737,No
-0.11231763619575251,No
-0.2571006463527239,No
0.22131855955678673,No
-0.2783896583564173,Yes
1.3510249307479225,No
-0.047844875346260377,Yes
-0.11323361034164356,No
0.28502308402585413,Yes
-0.05077008310249302,No
0.14071283471837492,Yes
-0.29871837488457986,No
1.362903047091413,Yes
0.13390212373037863,No
1.6853998153277931,Yes
-0.1046204986149584,No
0.15166020313942755,No
-0.20132963988919664,No
0.08529639889196682,No
1.5716269621421977,No
1.9035641735918745,No
1.4298873499538318,No
-0.3996084949215143,Yes
-0.39194090489381345,Yes
0.4498245614035088,No
0.5648827331486611,Yes
-0.38937026777469985,Yes
-0.4068771929824561,No
-0.04218651892890116,Yes
0.4428956602031395,Yes
-0.20091597414589102,No
-0.33792797783933515,No
-0.084927054478301,No
-0.3098578024007387,No
0.7360812557710065,No
-0.3924579870729455,Yes
1.609063711911357,No
-0.2796897506925208,No
-0.2852003693444136,No
0.10928901200369344,Yes
0.10193167128347187,No
-0.32506001846722066,No
0.12497876269621426,Yes
0.10207940904893817,Yes
0.3092963988919668,No
-0.1322770083102493,No
-0.391202216066482,Yes
0.46487903970452454,No
0.5724764542936288,No
0.18126685133887355,No
0.9711763619575254,No
0.23167497691597422,No
-0.027841181902123705,No
-0.303180055401662,No
0.2991468144044322,No
1.4058504155124651,No
-0.16794090489381344,Yes
0.35617359187442293,Yes
0.9660646352723915,No
-0.16922622345337024,Yes
1.109813481071099,No
2.0049122807017543,No
-0.39226592797783927,No
1.561861495844875,No
0.049218836565096964,No
-0.18965835641735915,No
0.6109178208679594,No
1.4464192059095107,No
0.07884025854108959,No
-0.3543859649122807,No
1.373495844875346,No
0.8009381348107109,No
1.3542456140350876,No
1.0772225300092335,No
-0.10865373961218834,Yes
0.4305300092336104,Yes
1.6891671283471836,No
-0.1449085872576177,No
-0.1251412742382271,No
-0.23393536472760848,No
-0.2174478301015697,No
0.8035235457063711,No
0.9151394275161587,No
0.8455992613111728,Yes
0.5570526315789474,No
-0.39646168051708214,No
-0.03635087719298242,No
-0.2669695290858725,No
0.24884210526315795,Yes
-0.2708698060941828,Yes
-0.22511542012927052,Yes
1.075730378578024,No
-0.31712650046168045,No
-0.4071431209602955,No
0.41250600184672215,No
0.2061015697137581,Yes
-0.22125946445060016,No
-0.3848347183748846,Yes
-0.1419242843951985,No
-0.01494367497691592,No
0.8405909510618653,Yes
-0.21415327793167124,No
1.5257691597414589,No
-0.3335992613111726,No
1.7551468144044324,No
-0.3148513388734995,Yes
1.1217950138504156,No
0.910470914127424,No
1.4436417359187443,Yes
0.37286795937211453,Yes
-0.35474053554939977,No
-0.28314681440443207,No
-0.40715789473684205,No
0.20969159741458915,No
0.4840849492151432,No
0.1385706371191136,No
0.009891043397968646,No
-0.09628808864265928,No
1.4950101569713756,No
-0.21079963065558632,No
0.7435863342566944,No
0.7224746075715605,No
-0.21484764542936285,No
1.9155013850415512,No
-0.4072465373961218,No
-0.3247349953831948,Yes
0.5833499538319483,No
-0.2821865189289012,No
-0.40689196675900274,No
0.28013296398891974,No
-0.40545891043397964,No
-0.07124653739612188,No
1.4022308402585408,Yes
-0.37013481071098797,No
-0.2903120960295475,No
-0.09984856879039704,Yes
-0.359202216066482,No
0.24083471837488465,No
0.23137950138504162,Yes
-0.38657802400738683,Yes
-0.27701569713758073,No
-0.10658541089566018,Yes
0.25986334256694366,Yes
-0.3502936288088642,No
-0.40553277931671283,No
0.5215660203139428,No
-0.3506777469990766,No
0.6409529085872576,No
0.20169898430286243,No
0.7808605724838411,No
1.1194164358264083,No
-0.3549621421975992,Yes
-0.09160480147737761,No
0.08115974145891049,No
-0.05656140350877192,Yes
-0.08377469990766385,No
-0.3812890120036934,No
-0.40164727608494916,No
1.4601883656509698,No
-0.35852262234533705,No
0.08610895660203145,No
-0.005680517082179105,Yes
-0.37226223453370266,No
-0.34821052631578947,Yes
-0.09760295475530928,Yes
-0.3894145891043398,Yes
0.6049492151431209,Yes
-0.3038744228993536,No
1.8189843028624193,No
-0.38795198522622343,Yes
0.12280701754385964,No
0.5684579870729455,No
-0.20387072945521698,No
1.6885466297322251,No
0.9584118190212374,No
1.8595530932594642,Yes
-0.3981754385964912,No
-0.005133887349953832,Yes
-0.3896805170821791,Yes
-0.39950507848568784,Yes
0.5014736842105264,No
1.5130932594644506,No
0.3511652816251154,Yes
-0.3884838411819021,No
-0.3955309325946445,Yes
-0.28707663896583563,Yes
1.4611929824561405,No
0.1871172668513389,No
1.5667811634349034,No
1.727711911357341,No
0.6739279778393352,Yes
0.6173000923361035,No
-0.2914349030470914,No
-0.13591135734072018,Yes
0.04777100646352729,No
-0.12619021237303785,No
0.3208938134810711,Yes
-0.16820683287165278,No
0.7130046168051709,No
0.028284395198522664,No
-0.39938688827331487,No
-0.18324653739612187,No
-0.24853185595567864,Yes
1.0381754385964914,No
-0.3575623268698061,No
-0.3220313942751616,No
0.8630470914127425,No
1.0114349030470915,No
0.48489750692520783,No
0.21848199445983385,No
1.7949178208679593,No
-0.2979501385041551,Yes
0.2655660203139428,No
-0.3575327793167128,Yes
-0.3357266851338873,Yes
-0.4015586334256694,No
-0.32451338873499536,Yes
0.48638965835641734,No
0.03218467220683292,No
-0.36455032317636193,No
-0.31740720221606644,Yes
0.07166020313942754,No
-0.18773776546629728,Yes
0.7235826408125577,No
1.2555124653739613,No
-0.39711172668513384,Yes
-0.3895623268698061,No
-0.4055032317636196,Yes
0.03519852262234534,No
0.2443656509695291,No
-0.15031578947368418,No
0.8606832871652818,No
-0.40024376731301936,No
0.28592428439519857,Yes
-0.3084247460757156,No
1.0860572483841184,No
0.9246537396121886,No
-0.32183933518005536,Yes
-0.4071726685133887,Yes
-0.21245429362880883,No
-0.04732779316712833,No
-0.11036749769159737,No
2.004882733148661,No
0.9262640812557711,No
0.01376177285318561,No
-0.40727608494921513,No
1.765518005540166,Yes
1.7514681440443214,No
0.6136214219759926,No
-0.2969012003693444,No
-0.10012927054478302,Yes
0.7662493074792244,No
1.79601108033241,No
-0.16604986149584486,No
0.3637673130193906,Yes
0.0948107109879963,No
-0.11038227146814403,Yes
-0.06025484764542935,No
-0.05672391505078483,No
1.2938799630655586,No
-0.3896066481994459,No
-0.11001292705447825,No
-0.15988919667590024,Yes
-0.3768716528162511,No
1.5380757156048013,No
0.09320036934441372,No
1.266046168051708,No
-0.3909658356417359,No
0.6611782086795938,No
-0.20522991689750691,No
0.6904598337950139,Yes
-0.0747479224376731,Yes
0.903202216066482,No
-0.39953462603878115,Yes
-0.39058171745152354,Yes
-0.08271098799630654,No
-0.3596602031394275,Yes
-0.40706925207756234,Yes
-0.13811265004616805,No
-0.38037303785780235,No
-0.3143490304709141,Yes
-0.27550877192982454,Yes
0.08034718374884585,No
0.6345706371191135,No
-0.2639852262234534,No
-0.2828513388734995,No
-0.07266481994459832,No
0.31848568790397047,No
-0.04379686057248382,No
-0.3190323176361957,No
-0.2548254847645429,No
-0.27661680517082177,No
-0.2855697137580794,Yes
-0.15338873499538316,Yes
-0.31371375807940904,No
0.5093776546629732,No
-0.31694921514312097,No
-0.0008642659279778259,No
0.595612188365651,No
0.5159519852262235,No
-0.28298430286241916,No
-0.2166057248384118,No
0.9934108956602032,No
-0.1076934441366574,No
0.6161772853185595,No
0.38145152354570633,No
-0.28431394275161587,No
0.31062603878116346,Yes
-0.3222086795937211,No
0.3817174515235457,No
-0.020173591874422858,Yes
-0.03434164358264079,No
0.6292225300092337,No
0.8719999999999999,Yes
-0.2471135734072022,No
-0.3941274238227147,No
1.1026629732225302,No
0.8534293628808866,No
-0.38523361034164355,Yes
1.3287608494921512,No
-0.4055180055401662,Yes
-0.06994644506001844,No
0.5006168051708219,No
-0.3049085872576177,Yes
-0.33226962142197597,No
0.6602474607571561,No
-0.30028439519852257,No
-0.10695475530932592,No
-0.39755493998153274,No
0.2791431209602954,Yes
-0.21970821791320405,No
-0.39188180978762693,No
0.029761772853185636,Yes
0.8217691597414588,No
0.12537765466297324,No
1.1466445060018466,Yes
0.7761329639889196,No
-0.3965946445060018,No
1.5138171745152356,No
-0.1603176361957525,No
2.0421569713758077,No
-0.38065373961218835,No
-0.38572114496768234,No
0.5977543859649123,No
-0.38518928901200367,Yes
0.7890747922437673,No
-0.3130784856879039,No
0.5233684210526316,No
0.004409972299169029,No
0.7615069252077562,No
0.6032206832871653,No
-0.39801292705447827,Yes
-0.400376731301939,No
1.2008051708217913,No
-0.2439815327793167,No
1.2116638965835642,No
-0.3843028624192059,No
-0.38010710987996305,No
-0.3850267774699907,No
-0.2589473684210526,Yes
-0.13994459833795012,No
-0.3712280701754386,No
-0.22716897506925204,No
1.2347405355494,No
-0.10382271468144044,Yes
-0.04487534626038781,No
-0.03239150507848569,No
0.16011080332409972,No
-0.37797968605724835,No
-0.279202216066482,No
0.3838448753462605,No
-0.15427516158818094,No
-0.038537396121883644,No
-0.2666888273314866,No
-0.17683471837488454,No
1.2899944598337951,Yes
-0.40698060941828257,Yes
-0.3813333333333333,No
-0.20311726685133885,No
-0.24503047091412739,No
0.1485577100646353,Yes
-0.3658947368421052,Yes
1.95465189289012,No
-0.15980055401662047,Yes
-0.25002400738688824,No
-0.35827146814404426,No
0.7857506925207757,Yes
-0.08888642659279773,No
0.675892890120037,No
0.10488642659279783,No
1.7177100646352723,No
1.1426112650046167,No
0.22450969529085882,No
-0.4057100646352723,No
-0.2846980609418282,No
0.3066075715604802,Yes
1.24403324099723,No
0.43632132963988923,Yes
0.8970120036934442,No
-0.12797783933518003,No
0.1705854108956602,Yes
0.018725761772853185,No
-0.13175992613111726,No
0.1252003693444137,No
0.060121883656509736,No
-0.29495106186518927,No
-0.052867959372114484,Yes
-0.38877931671283467,Yes
0.2286020313942752,Yes
0.6610747922437674,No
-0.32652262234533697,No
-0.319180055401662,Yes
-0.3483434903047091,No
1.085702677746999,No
0.007645429362880886,No
0.49377654662973225,No
0.9730526315789473,No
1.406500461680517,No
0.013348107109880016,No
0.5825521698984304,No
0.967438596491228,No
0.6135771006463528,Yes
0.1412594644506002,Yes
-0.33244690674053556,No
0.6641034164358265,No
-0.37280886426592796,No
-0.02293628808864266,No
-0.34513758079409046,No
-0.3035198522622345,No
-0.39250230840258543,Yes
1.2754866112650047,No
-0.04852446906740533,No
0.6424007386888273,No
-0.38830655586334256,No
1.9615069252077564,No
-0.24172114496768235,No
-0.3923545706371191,Yes
0.4931412742382271,Yes
-0.3226371191135734,Yes
1.8428144044321328,No
0.6664524469067405,No
-0.3416214219759926,No
0.7306592797783934,No
-0.2983047091412742,No
-0.257056325023084,No
-0.3897396121883656,Yes
0.20892336103416445,No
-0.406921514312096,No
-0.4072465373961218,No
0.4791505078485688,No
1.6707590027700832,No
-0.06115604801477375,No
0.9015918744228995,No
-0.3374995383194829,Yes
-0.3695143120960295,Yes
-0.11417913204062788,No
0.09380609418282553,No
-0.18761957525392425,Yes
-0.25473684210526315,No
-0.39059649122807016,No
-0.3127830101569713,Yes
0.3249861495844875,Yes
1.4407165281625114,No
-0.3921625115420129,No
-0.1444062788550323,No
1.0388402585410896,Yes
0.0,No
-0.39923915050784853,Yes
-0.3501902123730378,No
0.90001108033241,Yes
-0.31949030470914125,No
-0.09408679593721143,No
-0.2460794090489381,No
-0.08918190212373032,Yes
1.407771006463527,No
-0.28112280701754383,Yes
0.20936657433056333,No
0.32918190212373044,No
-0.31878116343490304,No
-0.17305263157894735,Yes
1.7508919667590026,No
-0.35794644506001844,No
-0.2787737765466297,No
1.8096325023084028,No
-0.10061680517082175,Yes
-0.3998744228993536,Yes
-0.16644875346260385,Yes
-0.38767128347183744,Yes
-0.11750323176361956,No
0.2872686980609418,No
1.4478818097876267,No
-0.34213850415512465,Yes
-0.39542751615881805,Yes
0.018903047091412783,No
-0.2898836565096953,No
-0.09953831948291782,Yes
1.0258541089566022,No
-0.3966980609418282,Yes
0.5520886426592797,No
0.25314127423822713,Yes
-0.30709510618651886,No
0.45571929824561414,No
0.9617506925207755,No
0.8896694367497692,No
-0.24130747922437673,No
0.32435087719298245,No
-0.35964542936288085,Yes
1.3345078485687905,No
-0.36611634349030464,Yes
-0.3821311172668513,Yes
-0.0024007386888273315,No
-0.4071874422899353,No
0.06846906740535554,No
1.369713758079409,No
-0.39980055401662046,No
-0.38481994459833796,Yes
0.5682807017543859,No
0.13893998153277937,No
-0.2835013850415512,Yes
-0.31675715604801474,Yes
-0.07368421052631578,Yes
0.7607830101569714,No
-0.36685503231763616,No
0.6724062788550323,No
-0.39205909510618653,No
-0.07999261311172666,No
-0.3912169898430286,No
0.3000775623268699,No
1.6296140350877195,No
0.054507848568790436,No
1.2377396121883657,No
1.3146223453370265,No
1.4854219759926133,No
1.3654441366574328,No
0.5838374884579871,No
0.041492151431209656,No
-0.09364358264081254,No
-0.30796675900277004,Yes
-0.3884395198522622,No
0.18289196675900282,No
1.161152354570637,No
-0.21103601108033238,No
-0.03971929824561402,No
-0.36821421975992613,Yes
1.8665706371191133,No
-0.35716343490304703,Yes
1.2267922437673129,Yes
-0.3743601108033241,No
0.36174330563250234,No
0.14117082179132043,No
1.2670951061865192,Yes
-0.16545891043397967,No
-0.29428624192059094,No
1.3950803324099723,No
1.5020277008310248,No
0.1189510618651893,No
1.6861975992613112,No
0.8322880886426594,No
-0.3979686057248384,Yes
-0.15789473684210523,Yes
0.1757266851338874,No
-0.3922954755309326,Yes
0.16277008310249308,No
0.9908698060941828,Yes
-0.11510987996306554,No
1.0753610341643582,No
0.29379870729455226,Yes
1.613761772853186,No
1.514142197599261,No
-0.23036011080332405,No
-0.36630840258541086,No
-0.26036565096952907,No
0.28558448753462606,No
0.08582825484764547,Yes
1.8592723915050786,Yes
1.430566943674977,No
0.1904561403508772,No
0.41650969529085874,No
0.803493998153278,No
-0.02349769159741455,No
0.9446869806094182,No
1.458253000923361,No
0.5366648199445984,No
-0.3450932594644506,Yes
1.057410895660203,No
1.74669621421976,No
0.9330304709141274,No
-0.39963804247460755,No
1.6502382271468143,No
-0.11001292705447825,No
-0.38616435826408124,Yes
1.2754866112650047,No
-0.40715789473684205,No
0.25909510618651893,Yes
-0.1796269621421976,No
1.0154090489381349,No
0.5124506001846723,No
-0.23488088642659277,Yes
0.5826112650046168,No
0.3772262234533703,No
-0.3538984302862419,No
0.1162179132040628,No
-0.2800295475530932,Yes
-0.40709879963065554,No
0.0008347183748845933,No
-0.2913019390581717,No
-0.19397229916897504,No
1.313056325023084,No
0.9204727608494921,Yes
1.2678781163434905,No
-0.40349399815327786,No
1.5592760849492149,No
-0.015283471837488431,No
0.13165650969529089,No
-0.35472576177285314,Yes
0.010733148661126514,No
-0.3495253924284395,No
-0.1570821791320406,No
-0.011486611265004616,No
0.5169861495844876,No
-0.3741975992613112,Yes
0.9273130193905819,No
-0.0941754385964912,No
-0.25265373961218834,No
0.27038227146814414,No
-0.2902825484764543,Yes
0.5475087719298245,No
-0.3838153277931671,No
-0.3869473684210526,No
-0.18993905817174514,Yes
-0.3906555863342567,Yes
0.16392243767313022,No
-0.3674755309325946,No
0.5321883656509695,Yes
-0.4067442289935364,Yes
1.2447423822714678,No
0.9224819944598338,No
0.30811449676823643,No
1.6142197599261312,No
-0.0058430286241920185,No
-0.35670544783010155,No
0.07519113573407206,No
-0.38978393351800555,No
1.9329344413665743,No
-0.3996528162511542,No
-0.24251892890120033,No
-0.03500646352723912,No
-0.04041366574330559,No
-0.3339242843951985,No
1.5333333333333334,No
-0.1369012003693444,No
-0.37638411819021234,Yes
1.8133850415512462,Yes
-0.4071726685133887,No
0.6642659279778393,No
-0.3200073868882733,No
0.4891671283471838,No
-0.21286795937211447,No
1.9408236380424748,No
-0.14496768236380422,Yes
1.0315715604801476,Yes
-0.3428180978762696,Yes
-0.39087719298245616,Yes
-0.31174884579870726,Yes
-0.3715235457063712,No
-0.08553277931671281,No
-0.32559187442289933,No
-0.14916343490304707,Yes
-0.3543416435826408,No
1.0121144967682365,Yes
1.5789252077562326,No
-0.38953277931671276,No
-0.01241735918744225,No
1.717163434903047,No
-0.2833831948291782,Yes
1.8700277008310249,No
0.1989362880886427,No
0.07075900277008314,No
1.8272280701754384,No
0.47926869806094186,Yes
0.9846057248384118,No
1.3971929824561404,No
1.458445060018467,No
1.5631763619575254,No
0.815741458910434,No
0.5276971375807942,Yes
-0.38939981532779316,Yes
1.699538319482918,No
0.009506925207756287,No
-0.2732631578947368,No
0.09958264081255774,Yes
-0.3793831948291782,No
0.14394829178208685,No
0.3459058171745153,No
-0.27404616805170817,No
-0.3306592797783933,No
0.20426962142197608,Yes
-0.2644136657433056,Yes
0.35409048938134813,No
1.3083730378578022,No
-0.3979242843951985,Yes
0.9018725761772853,No
-0.05588180978762696,Yes
0.1651486611265005,No
-0.3211449676823638,No
-0.3270692520775623,No
0.20642659279778394,No
0.37452262234533706,No
-0.2522400738688827,No
-0.4069067405355494,No
0.4752206832871654,No
0.06668144044321335,No
0.3252963988919668,Yes
0.3511800554016621,No
0.5598744228993537,No
-0.22044690674053552,Yes
0.9682954755309326,No
-0.34426592797783934,No
0.3105521698984303,No
-0.21846722068328714,No
0.5115641735918744,No
-0.3468956602031394,Yes
-0.14125946445060017,Yes
-0.2196934441366574,No
0.12647091412742384,No
-0.13425669436749765,No
-0.35924653739612183,Yes
-0.3994312096029547,Yes
-0.2500092336103416,Yes
-0.30672576177285316,No
-0.3786592797783933,Yes
-0.36410710987996303,Yes
0.278005540166205,No
-0.39923915050784853,No
0.6333887349953832,No
0.8121366574330564,Yes
-0.09166389658356415,No
0.3323878116343491,No
-0.3889861495844875,Yes
-0.20097506925207756,No
0.09949399815327797,No
1.6758855032317639,No
-0.1934108956602031,No
0.47872206832871655,Yes
1.4849196675900276,No
-0.06889750692520774,Yes
0.8340904893813482,No
0.04763804247460761,No
0.397702677746999,No
0.7853813481071099,No
0.38789289012003697,Yes
1.376347183748846,No
-0.17337765466297317,Yes
0.337056325023084,No
1.3981089566020315,No
0.10441366574330563,No
-0.40212003693444137,Yes
1.5527165281625117,No
0.34806278855032313,No
1.365650969529086,No
-0.005281625115420129,No
-0.033469990766389617,No
-0.32541458910433974,No
-0.21990027700831022,No
-0.29100646352723913,No
-0.3876565096952908,Yes
-0.39827885503231764,Yes
0.15696398891966762,No
-0.3918670360110803,No
1.9053222530009235,No
0.10436934441366578,No
-0.3490378578024007,No
-0.3601772853185595,Yes
-0.37891043397968605,Yes
1.3685023084025854,No
0.39821975992613107,Yes
0.6868107109879964,No
0.5092890120036935,No
-0.12026592797783929,No
-0.11615881809787623,No
-0.3663379501385041,No
0.538437673130194,No
-0.24365650969529082,No
0.9329270544783012,No
0.13298614958448754,No
0.10911172668513391,No
0.01908033240997231,No
-0.40545891043397964,Yes
0.23511726685133885,No
0.3061200369344414,No
-0.22347553093259462,No
0.29574884579870736,No
-0.15826408125577096,No
-0.240657433056325,No
1.753625115420129,No
-0.3391837488457987,No
0.9095992613111726,No
-0.28986888273314865,Yes
-0.17990766389658353,No
-0.3531449676823638,No
1.6538134810710987,No
0.8033019390581717,Yes
0.25587442289935364,No
-0.0068328716528162515,No
1.0393868882733148,No
-0.16516343490304705,No
-0.3907294552169898,Yes
0.6849639889196677,Yes
0.8497802400738689,Yes
-0.39938688827331487,Yes
-0.4068624192059095,No
0.19125392428439522,No
-0.40389289012003693,No
0.00022899353647278772,No
-0.40698060941828257,Yes
-0.31572299168975065,Yes
0.969920590951062,Yes
-0.39250230840258543,Yes
0.7034459833795014,No
0.5211966759002771,No
0.23371375807940903,No
-0.11760664819944594,Yes
0.14513019390581722,Yes
0.7662049861495844,No
-0.39189658356417356,Yes
-0.04645614035087717,Yes
0.3656583564173592,No
-0.34348291782086793,No
0.28081255771006464,No
1.7015623268698061,Yes
0.49998153277931673,No
-0.33290489381348104,Yes
0.4444912280701755,No
1.0494182825484766,No
0.23680147737765472,No
-0.302264081255771,Yes
-0.18778208679593716,No
0.03646906740535555,Yes
-0.35670544783010155,No
1.1126204986149584,No
0.7866666666666666,No
0.26123730378578025,No
-0.012048014773776506,No
-0.34453185595567865,No
-0.3979242843951985,No
-0.3412963988919667,No
0.847061865189289,No
0.40689196675900285,No
0.6523287165281625,Yes
0.7896361957525393,No
-0.15461495844875342,No
-0.07449676823638042,Yes
-0.02179870729455213,No
1.211324099722992,No
-0.2549289012003693,No
0.31248753462603884,No
-0.40148476454293625,Yes
-0.1329861495844875,No
-0.30743490304709137,No
0.02327608494921517,No
-0.39199999999999996,Yes
0.0151061865189289,Yes
-0.32667036011080325,Yes
1.331316712834718,No
-0.057861495844875294,No
1.3366943674976917,Yes
-0.3695881809787626,No
0.10693998153277937,No
-0.16340535549399812,No
1.88412188365651,No
-0.3733111726685134,No
-0.37127239150507846,No
-0.33906555863342563,Yes
0.08987626962142203,No
-0.23780609418282547,No
-0.37280886426592796,No
1.8718891966759001,No
0.8524247460757155,No
-0.34801846722068325,Yes
0.18337950138504155,No
-0.21524653739612185,Yes
-0.39254662973222526,Yes
-0.3464819944598338,No
0.7014662973222531,No
-0.35478485687903966,Yes
-0.1340350877192982,No
1.529196675900277,No
0.525466297322253,No
-0.4043065558633425,No
-0.40699538319482914,No
-0.3186925207756232,Yes
-0.40569529085872574,Yes
0.4034053554939982,No
-0.39827885503231764,No
-0.22622345337026775,Yes
-0.3442216066481994,No
1.3361034164358263,No
-0.19153462603878113,No
-0.32209048938134804,Yes
-0.34048384118190206,No
-0.37310433979686053,No
-0.3964321329639889,Yes
2.022049861495845,No
0.847697137580794,No
-0.09454478301015694,No
-0.08328716528162512,No
-0.3895623268698061,Yes
-0.38484949215143116,Yes
-0.40547368421052626,Yes
0.7924875346260388,No
0.8244579870729456,Yes
0.29360664819944604,No
-0.14979870729455214,No
-0.37236565096952906,No
1.1101385041551248,Yes
0.5089344413665744,No
-0.2564653739612188,No
-0.12732779316712833,No
1.6367497691597415,No
0.620151431209603,Yes
-0.1427663896583564,Yes
0.1570526315789474,No
1.3060683287165282,No
1.3924949215143123,Yes
-0.36008864265927976,No
-0.40455771006463526,Yes
-0.284387811634349,No
0.2819796860572485,Yes
-0.3579168975069252,No
-0.28118190212373034,No
-0.14344598337950135,No
-0.212129270544783,Yes
0.6453554939981533,No
0.8348587257617728,No
0.1763471837488458,Yes
1.3392650046168053,No
0.03202216066481994,Yes
-0.40701015697137577,No
1.253060018467221,Yes
-0.1773518005540166,No
-0.3917488457987072,Yes
-0.011235457063711872,No
0.33831209602954754,Yes
-0.39675715604801476,No
-0.12067959372114495,No
-0.3997562326869806,No
-0.3871246537396122,No
-0.309045244690674,No
1.7433868882733148,No
1.449078485687904,No
-0.350781163434903,Yes
0.7165207756232687,No
-0.1031283471837488,No
1.4762474607571558,No
0.027132040627885518,No
1.969056325023084,No
-0.3909953831948291,Yes
-0.2596417359187442,No
1.289950138504155,No
-0.34244875346260384,No
-0.10807756232686977,No
0.0,No
-0.4026371191135734,No
-0.02290674053554936,No
0.8837451523545705,Yes
-0.2887608494921514,Yes
0.23046352723915048,Yes
0.7544598337950138,No
-0.16854662973222528,No
0.743364727608495,Yes
-0.25528347183748845,No
0.6970193905817175,No
-0.2817580794090489,Yes
0.3553019390581717,No
-0.328915974145891,No
0.10144413665743307,No
0.6023638042474607,Yes
0.3147036011080333,No
-0.3919852262234534,Yes
0.5060387811634349,Yes
-0.3299353647276085,Yes
-0.2912576177285318,No
-0.3542382271468144,No
-0.3822788550323176,No
1.4026445060018469,Yes
0.7954127423822714,No
-0.15756971375807938,No
-0.40711357340720217,No
0.5471985226223454,No
1.1843619575253925,No
0.5810009233610343,No
1.6944561403508769,No
-0.38527793167128344,No
0.8100240073868882,No
1.100432132963989,No
-0.24565096952908583,No
0.3893850415512466,No
0.1136325023084026,No
0.1019464450600185,No
0.4687202216066483,Yes
-0.4058282548476454,No
-0.26934810710987994,No
0.15016805170821795,No
0.04970637119113577,Yes
1.0227072945521698,No
0.6873277931671284,No
-0.3247645429362881,Yes
-0.1261754385964912,No
0.11361772853185598,No
-0.293045244690674,No
0.9270323176361956,Yes
0.3009344413665743,No
-0.07103970452446906,Yes
2.038788550323176,No
-0.3994016620498615,Yes
0.2025854108956602,No
0.9704228993536473,No
-0.3608568790397045,No
-0.11708956602031391,No
0.05828993536472764,No
-0.35016066481994457,No
1.8555641735918742,No
-0.17195937211449674,Yes
-0.3892373037857802,Yes
-0.3361994459833795,No
1.9833277931671285,Yes
0.29233610341643584,No
-0.31235457063711913,No
-0.2890120036934441,No
1.9479445983379504,No
0.0014108956602031663,No
-0.19150507848568787,No
2.076506001846722,No
-0.06677008310249305,No
1.2559113573407203,No
-0.2034866112650046,No
1.8230027700831026,No
-0.40408494921514304,No
0.8718374884579873,No
-0.22502677746999075,No
-0.3807276084949215,Yes
-0.3896361957525392,Yes
0.08418836565096958,No
1.6335143120960294,No
-0.34698430286241916,No
1.102264081255771,Yes
-0.15443767313019388,Yes
1.5840369344413667,No
0.14089012003693446,No
-0.17915420129270543,No
0.9579242843951985,No
-0.3704007386888273,No
-0.39250230840258543,Yes
0.11200738688827333,Yes
-0.2544265927977839,Yes
1.4107553093259464,No
0.04785964912280706,No
1.383276084949215,No
-0.3890304709141274,Yes
0.777831948291782,Yes
0.37257248384118197,No
-0.299590027700831,No
-0.3978060941828254,Yes
0.10283287165281628,No
0.24624192059095107,No
1.7386149584487534,No
0.13007571560480152,No
-0.3687313019390582,Yes
-0.3595272391505078,No
-0.2913462603878116,No
-0.020424746075715604,No
-0.2424450600184672,No
-0.39269436749769154,No
-0.37656140350877193,No
-0.3896805170821791,Yes
-0.27453370267774696,No
-0.3613000923361034,No
-0.40024376731301936,Yes
-0.3999187442289935,No
-0.361994459833795,No
-0.3717451523545706,Yes
-0.25340720221606644,Yes
-0.3241588180978762,No
1.0550027700831026,No
-0.11960110803324096,No
0.981207756232687,Yes
1.2229806094182825,No
1.8937396121883656,No
-0.2846537396121883,Yes
0.049174515235457114,No
-0.019228070175438542,No
-0.25182640812557705,Yes
1.4476158818097875,No
-0.033469990766389617,Yes
0.6642363804247461,No
-0.36521514312096026,No
-0.3458614958448753,No
-0.22179132040627883,Yes
0.013052631578947422,No
1.8064856879039706,No
1.2481994459833794,No
1.9271874422899355,No
-0.2376435826408125,No
0.007734072022160718,No
-0.39225115420129264,No
0.40358264081255774,No
-0.20842105263157892,Yes
0.2662456140350878,No
0.3672982456140352,No
0.4474459833795015,No
0.09751431209602958,Yes
-0.387331486611265,Yes
1.5684506001846723,No
-0.3426999076638965,No
0.08121883656509696,No
0.4674496768236381,Yes
-0.20734256694367495,No
0.0759741458910434,No
-0.40575438596491226,Yes
0.13602954755309327,No
-0.1691228070175438,No
1.4852890120036932,No
-0.16532594644506,Yes
0.8062714681440443,No
-0.31517636195752535,No
-0.017735918744228953,No
-0.30589843028624186,Yes
1.3572890120036936,No
1.032398891966759,No
1.1746999076638966,Yes
0.19828624192059102,Yes
-0.2690083102493075,No
0.8077488457987073,No
0.2670138504155125,No
-0.37402031394275154,Yes
0.7796195752539243,No
1.035102493074792,No
1.2794016620498616,No
-0.19336657433056323,No
1.0067368421052632,No
-0.40581348107109877,Yes
0.005074792243767366,No
0.013643582640812611,No
0.4436491228070175,No
1.1559076638965835,No
-0.40689196675900274,No
-0.27949769159741455,No
-0.397983379501385,Yes
-0.3783342566943675,No
1.3124506001846725,No
0.1465632502308403,No
-0.3995198522622345,No
0.07592982456140356,No
-0.2719630655586334,No
0.005340720221606662,Yes
0.9303120960295476,No
-0.4068624192059095,Yes
-0.3646980609418282,No
-0.1617950138504155,No
-0.3567940904893813,No
-0.3178060941828254,Yes
1.968184672206833,No
-0.270264081255771,Yes
1.6701089566020313,No
0.34352723915050787,No
-0.32817728531855955,No
1.945713758079409,No
1.2664450600184671,No
0.7672243767313021,No
-0.3038448753462603,No
0.9556343490304708,No
-0.29415327793167123,No
0.04035457063711913,No
-0.08996491228070173,No
-0.20570267774699907,No
0.17221052631578948,No
0.4420092336103417,No
-0.3354164358264081,No
0.7355493998153277,No
1.335571560480148,No
-0.14285503231763616,Yes
0.2191320406278855,No
1.3447756232686983,No
0.6579870729455217,No
0.9917266851338875,No
1.2951357340720222,No
1.6169085872576179,No
-0.06634164358264077,Yes
-0.21703416435826403,No
0.10887534626038785,No
0.3056620498614958,No
-0.36701754385964913,Yes
0.1364284395198523,No
0.5630507848568791,Yes
-0.3732225300092336,Yes
0.5943859649122807,No
-0.20327977839335176,No
-0.39208864265927973,Yes
-0.1311985226223453,Yes
-0.39810156971375804,No
-0.4070840258541089,Yes
0.6701606648199446,No
1.216864265927978,No
-0.3325503231763619,No
1.5573111726685134,No
0.7844653739612188,No
-0.2166057248384118,No
-0.2006057248384118,No
-0.13588180978762693,Yes
1.304561403508772,Yes
0.339612188365651,No
1.6390101569713758,No
-0.015120960295475518,No
0.04330932594644507,Yes
-0.1868365650969529,No
-0.20828808864265927,No
-0.3923545706371191,Yes
0.7865189289012003,Yes
1.6115752539242842,Yes
-0.3898578024007387,Yes
-0.06217543859649122,No
1.1832096029547552,No
-0.3399372114496768,No
-0.25927239150507847,Yes
-0.20413665743305628,Yes
-0.3981754385964912,No
-0.00801477377654663,No
-0.40693628808864263,No
0.2416325023084026,No
-0.3910544783010157,No
-0.3495697137580794,No
0.13995937211449683,No
1.4105189289012006,No
-0.40695106186518926,Yes
-0.36521514312096026,No
-0.11354385964912277,No
-0.31343305632502305,No
-0.31433425669436743,No
1.5111578947368423,No
-0.2966648199445983,No
1.6582160664819943,No
0.2560517082179133,Yes
1.6322733148661128,No
-0.23556048014773773,No
-0.39626962142197597,Yes
0.9652225300092335,No
0.013096952908587272,No
1.2487460757156048,No
-0.2073130193905817,No
-0.10894921514312093,No
0.815061865189289,No
-0.29602954755309324,No
1.4575586334256692,No
0.4651449676823638,No
-0.22440627885503228,No
0.18815143120960298,No
0.32878301015697137,Yes
0.5974589104339797,No
0.3043028624192059,No
0.10719113573407205,No
0.6365060018467221,No
-0.37660572483841176,No
0.007896583564173632,No
0.21096214219759923,Yes
0.44689935364727607,No
-0.30241181902123726,No
-0.40693628808864263,Yes
-0.3240406278855032,Yes
1.2361440443213298,No
1.2643915050784855,No
0.5855660203139428,No
-0.13430101569713754,No
-0.34425115420129265,No
-0.38767128347183744,Yes
0.20416620498614957,No
1.4004136657433055,Yes
0.010969529085872577,No
0.7305706371191136,No
0.19086980609418286,Yes
0.24155863342566947,No
-0.16405540166204982,No
0.3482843951985226,Yes
0.14877931671283476,No
-0.23516158818097874,No
0.6257506925207756,Yes
-0.23402400738688822,No
0.5012963988919669,No
1.0436417359187442,No
-0.23709695290858723,No
-0.27410526315789474,Yes
2.0797857802400737,No
-0.4070840258541089,No
-0.2675457063711911,No
-0.12100461680517079,No
1.2112797783933515,No
0.15095106186518928,No
-0.3812742382271468,No
0.9389843028624193,No
0.8604469067405356,No
1.9280590951061864,No
-0.25857802400738683,No
-0.23926869806094178,No
0.7324025854108956,No
0.7036380424746076,No
0.01766204986149587,Yes
2.054138504155125,No
-0.35807940904893815,Yes
-0.40715789473684205,No
-0.09767682363804242,No
-0.12525946445060018,Yes
-0.050533702677746956,No
-0.3117783933518005,No
-0.12186149584487534,No
0.7537506925207756,No
-0.1682511542012927,No
-0.4005540166204986,Yes
1.4085983379501386,No
0.43295290858725766,Yes
-0.4029916897506925,No
-0.31129085872576173,Yes
-0.406803324099723,No
1.5344118190212372,No
-0.20078301015697134,No
0.44119667590027706,Yes
1.0307294552169899,No
-0.0518337950138504,Yes
1.617499538319483,No
-0.29307479224376726,No
-0.3513868882733148,No
0.11949769159741465,No
0.49195937211449675,No
0.10852077562326873,No
0.12388550323176364,No
-0.042068328716528165,No
1.2840110803324103,Yes
0.7456694367497692,No
0.019493998153277972,No
-0.3569418282548476,No
-0.38431763619575254,No
-0.29221791320406276,No
0.13272022160664826,No
2.085843028624192,No
-0.1140461680517082,No
0.8468107109879962,No
0.3402770083102493,No
0.7586555863342568,No
0.32479409048938135,Yes
-0.3861495844875346,Yes
-0.3278079409048938,Yes
-0.3041551246537396,Yes
1.903785780240074,No
1.5468956602031394,No
-0.11349953831948288,No
-0.3677266851338873,No
0.7018060941828256,No
-0.10965835641735919,No
-0.4072169898430286,No
1.0738688827331488,No
-0.34779686057248377,No
0.00562142197599264,No
-0.3661311172668513,No
-0.3371006463527239,Yes
1.2247682363804249,No
-0.3926795937211449,Yes
2.081987072945522,No
-0.17897691597414586,Yes
1.2737137580794091,No
-0.39225115420129264,Yes
0.18284764542936288,No
-0.3164025854108956,No
1.203848568790397,No
-0.4070249307479224,No
-0.31056694367497684,Yes
-0.09924284395198522,No
0.16961034164358266,No
-0.18432502308402585,Yes
0.0072613111726685265,Yes
-0.4070840258541089,No
0.31405355493998155,No
-0.15984487534626035,No
-0.03593721144967682,No
1.7935438596491227,No
1.7327497691597413,No
1.0989104339796862,No
-0.21789104339796858,No
1.5345004616805173,No
-0.055940904893813426,No
-0.10742751615881804,No
0.14409602954755316,No
0.31604801477377653,Yes
-0.12056140350877188,Yes
0.18008494921514315,No
1.0718448753462604,No
1.0143010156971377,Yes
-0.39526500461680514,Yes
0.4995826408125577,No
0.5133074792243767,No
-0.38498245614035087,Yes
2.0431911357340717,No
1.0242289935364728,No
1.6175586334256693,Yes
1.5163139427516157,Yes
1.5484173591874422,No
0.522437673130194,No
0.016746075715604856,Yes
1.5922068328716528,No
-0.2524764542936288,No
-0.020779316712834665,Yes
0.2974478301015698,Yes
-0.15665373961218834,No
-0.40531117266851335,No
-0.37902862419205907,Yes
-0.3805650969529086,No
0.9737322253000923,No
-0.25133887349953826,No
-0.03646906740535548,No
0.11373591874422904,No
1.15342566943675,No
-0.33008310249307476,No
0.44335364727608495,No
0.5831283471837488,No
-0.1761551246537396,No
1.648096029547553,Yes
-0.33696768236380426,Yes
-0.09396860572483837,No
-0.40107109879963065,Yes
1.654611265004617,No
0.24219390581717457,Yes
-0.07929824561403509,Yes
-0.1236343490304709,No
0.8042622345337026,No
0.3460240073868884,Yes
0.576657433056325,No
-0.2675161588180978,No
0.0949879963065559,No
-0.23408310249307476,No
-0.015652816251154174,No
0.8479187442289935,No
-0.08167682363804246,No
-0.14146629732225297,No
-0.2587405355493998,No
0.9075900277008312,No
0.644971375807941,Yes
0.09806094182825485,No
-0.09578578024007385,No
0.9363693444136658,No
-0.32625669436749766,Yes
0.3562326869806094,No
0.11413481071098802,No
0.3080849492151432,Yes
-0.3894145891043398,Yes
1.455106186518929,No
-0.3959593721144967,No
0.8530895660203138,No
1.696376731301939,No
0.04203878116343493,No
-0.10027700831024931,No
-0.37633979686057245,No
0.4090489381348107,Yes
0.3940240073868883,No
-0.40678855032317635,No
-0.3865927977839335,Yes
-0.26597968605724837,No
-0.202792243767313,No
0.06196860572483845,Yes
0.027619575253924326,Yes
0.14792243767313018,No
0.5544524469067406,No
0.45274976915974147,No
-0.16510433979686054,No
0.013643582640812611,No
1.8760406278855033,No
1.6409750692520773,No
-0.349466297322253,No
0.37583748845798703,No
-0.3434238227146814,No
-0.38554385964912274,Yes
0.5040147737765467,No
-0.23378762696214217,Yes
1.1620240073868882,No
0.0016620498614958448,No
0.39307848568790404,No
1.0758190212373038,No
-0.40727608494921513,Yes
-0.3891929824561403,Yes
0.019242843951985226,No
-0.3684210526315789,No
1.3482622345337025,No
-0.39078855032317633,Yes
-0.06062419205909509,No
-0.31997783933518004,No
-0.39637303785780237,No
-0.31517636195752535,No
-0.15368421052631576,No
0.25163434903047094,No
0.4166722068328717,No
0.08826592797783937,No
-0.10797414589104339,No
1.0357377654662974,No
1.063084025854109,No
1.0745189289012005,No
0.13600000000000004,No
0.17591874422899353,No
-0.19082548476454292,Yes
-0.39313758079409045,Yes
0.09380609418282553,No
-0.3113942751615882,No
-0.4069658356417359,No
-0.2592428439519852,No
-0.002962142197599221,No
1.7687830101569715,No
0.9119778393351801,No
0.09129455216989847,No
-0.020705447830101517,No
1.3523397968605726,No
0.0,No
0.92140350877193,Yes
-0.35977839335180056,No
1.0763361034164358,No
-0.36416620498614954,Yes
-0.2880221606648199,No
0.4872169898430287,Yes
-0.40693628808864263,No
-0.3071246537396122,No
0.45467036011080336,No
-0.03713388734995382,No
-0.2563028624192059,No
-0.4072465373961218,No
0.12150692520775627,Yes
-0.07471837488457987,No
1.7874570637119112,Yes
-0.4055032317636196,Yes
1.8199593721144967,No
1.0227072945521698,No
1.535741458910434,No
-0.36887903970452446,No
1.0562142197599262,No
0.14282548476454293,Yes
0.1914903047091413,No
0.23332963988919672,No
-0.27181532779316714,Yes
0.4666962142197599,No
-0.360118190212373,No
1.0720960295475532,No
0.5779279778393352,No
0.018814404432133017,No
0.4092114496768237,No
0.08913758079409054,No
0.029377654662973277,Yes
-0.2793056325023084,No
0.895578947368421,No
-0.02213850415512464,No
-0.39210341643582636,Yes
0.6400960295475532,Yes
-0.3716269621421976,No
0.15655032317636197,No
0.4735807940904894,No
0.4798005540166206,No
0.2505410895660204,No
-0.405606648199446,Yes
-0.13379870729455215,No
-0.03937950138504151,No
1.0401551246537397,No
0.1817839335180056,Yes
1.2840849492151434,No
0.13803878116343496,No
-0.0519519852262234,No
-0.0019575253924284395,No
-0.3235826408125577,No
-0.00667036011080327,No
-0.017898430286241867,No
-0.02945152354570636,No
1.3798485687903967,No
-0.05177469990766387,No
-0.2687423822714681,No
0.34011449676823646,No
-0.16604986149584486,No
-0.3413998153277932,Yes
-0.39969713758079406,No
-0.39408310249307477,Yes
1.4244801477377655,No
-0.3358301015697137,Yes
1.7502271468144042,No
0.463859649122807,Yes
1.4585632502308405,No
-0.13526131117266849,Yes
0.828151431209603,No
1.345218836565097,No
-0.10628993536472758,Yes
-0.3853222530009233,No
-0.39801292705447827,Yes
0.06424376731301945,No
0.05214404432132968,No
0.6579722991689751,Yes
-0.3832982456140351,Yes
0.02106001846722071,No
0.3575623268698061,No
0.0072760849492151435,Yes
-0.39228070175438595,Yes
-0.1592243767313019,Yes
0.03720775623268703,No
-0.31709695290858725,Yes
0.6022160664819944,No
-0.29484764542936287,Yes
0.931331486611265,No
-0.3176288088642659,No
0.5543342566943675,Yes
1.1753056325023084,No
0.32893074792243765,No
0.5001144967682365,No
-0.3948808864265928,No
-0.4067442289935364,Yes
-0.13056325023084023,No
-0.37143490304709137,No
0.028254847645429362,No
-0.3924136657433056,Yes
0.06753831948291783,No
-0.2530230840258541,Yes
0.11447460757156053,No
-0.39213296398891967,No
1.3823601108033239,No
1.2123730378578024,No
-0.39132040627885506,No
0.5412890120036935,Yes
0.5916528162511542,No
1.4872982456140353,No
-0.4070840258541089,No
-0.0492188365650969,No
-0.27858171745152355,No
-0.3434681440443213,No
-0.3922068328716528,Yes
1.536007386888273,No
1.320635272391505,No
-0.35490304709141274,No
-0.14425854108956598,Yes
1.4926463527239149,No
-0.18763434903047088,No
1.1483582640812557,Yes
0.06501200369344416,Yes
-0.18074976915974142,No
0.11184487534626042,No
1.1815401662049863,No
-0.24316897506925206,No
-0.2946408125577101,No
-0.38801108033240994,Yes
0.3719519852262235,No
0.014323176361957566,No
1.1272908587257617,No
1.490016620498615,Yes
0.2504081255771006,No
-0.07903231763619573,No
1.4967830101569712,No
-0.07867774699907659,Yes
-0.23978578024007383,Yes
1.434600184672207,No
-0.4070249307479224,Yes
0.1963951985226224,No
-0.23944598337950135,No
-0.20004432132963984,No
0.23310803324099727,Yes
0.4673905817174516,No
-0.130253000923361,No
0.5330600184672207,Yes
0.7610637119113574,No
-0.28057617728531853,No
-0.01840073868882729,No
-0.21753647276084948,Yes
-0.08439519852262234,Yes
1.8193979686057247,No
-0.39844136657433055,No
0.48714312096029555,Yes
-0.39242843951985223,Yes
-0.16579870729455215,No
-0.3324912280701754,Yes
1.1511505078485686,Yes
-0.4067294552169898,No
-0.397983379501385,Yes
0.34645244690674054,No
-0.17707109879963062,No
-0.38911911357340717,Yes
-0.3998744228993536,No
-0.14199815327793164,Yes
1.5038891966759005,No
0.1353795013850416,Yes
0.04709141274238227,No
0.17450046168051708,No
1.192162511542013,No
-0.36932225300092336,No
2.0764321329639888,No
0.2382197599261311,No
-0.2984524469067405,No
-0.37845244690674046,Yes
0.48702493074792247,No
0.2629067405355494,Yes
-0.3743601108033241,No
-0.18602400738688826,No
-0.2809012003693444,No
1.980506001846722,No
-0.16746814404432128,Yes
-0.40701015697137577,Yes
0.9726094182825484,No
1.5828254847645429,No
0.6332557710064636,No
0.23257617728531857,No
-0.10131117266851339,Yes
-0.37434533702677747,No
0.04221606648199446,No
1.4814478301015697,No
0.010363804247460771,No
1.8415143120960296,No
-0.38281071098799624,No
-0.3203176361957525,No
1.4523878116343487,No
-0.22690304709141274,No
0.3672982456140352,No
-0.007394275161588141,No
-0.05472945521698982,No
1.429975992613112,No
1.4517968605724836,No
1.073617728531856,No
-0.3877894736842105,Yes
2.149577100646353,No
0.23607756232686977,No
0.4759150507848569,No
-0.3476786703601108,No
1.2948107109879963,No
-0.34713204062788544,No
-0.1426777469990766,No
-0.3401440443213296,No
0.21057802400738695,Yes
1.2299242843951985,No
0.06959187442289938,No
-0.2511024930747922,Yes
-0.12635272391505076,No
0.35846352723915054,No
1.5277340720221604,No
0.9899538319482919,No
0.10698430286241922,No
-0.3830470914127424,No
1.5065337026777468,No
0.8381680517082178,No
-0.32407017543859645,No
-0.39532409972299165,No
0.8645244690674055,No
0.020277008310249308,No
2.15322622345337,Yes
0.1119778393351801,No
0.45399076638965835,No
0.8783822714681441,Yes
-0.3702677746999077,No
1.0067663896583565,No
-0.08045060018467216,No
-0.4011449676823638,No
-0.2881108033240997,No
-0.33853370267774696,Yes
2.0490267774699906,No
-0.3199630655586334,No
0.8669030470914126,No
1.4728051708217913,No
-0.19417913204062787,Yes
-0.235590027700831,No
1.2236602031394277,No
1.6700350877192982,No
-0.20889381348107108,No
-0.330393351800554,No
0.008886426592797798,No
-0.27915789473684205,Yes
-0.4071726685133887,Yes
0.0920923361034165,No
-0.39721514312096023,No
-0.18323176361957522,No
-0.15855955678670355,No
1.06803324099723,No
-0.3637820867959372,Yes
0.2974330563250231,No
-0.39223638042474607,Yes
-0.4057100646352723,No
1.0113167128347182,Yes
-0.35089935364727604,No
-0.2324579870729455,No
0.594533702677747,Yes
-0.3920295475530932,No
-0.36701754385964913,No
-0.370371191135734,No
1.913950138504155,No
-0.1435641735918744,No
-0.037606648199445945,Yes
-0.27165281625115417,No
0.04846537396121886,Yes
-0.18781163434903045,No
0.2616361957525392,No
0.06430286241920591,No
-0.08873868882733144,No
-0.3038005540166205,No
1.5742419205909512,No
-0.4035974145891043,Yes
1.446566943674977,No
-0.2851265004616805,No
-0.31785041551246535,Yes
-0.36944044321329633,Yes
0.3064007386888273,No
-0.25569713758079404,No
-0.30204247460757155,No
-0.3757045244690674,No
-0.10484210526315785,No
0.0658245614035088,No
0.2926020313942752,Yes
-0.21809787626962138,No
0.37310433979686053,Yes
-0.03299722991689749,No
0.8314903047091413,Yes
-0.3013628808864266,No
-0.12013296398891965,Yes
-0.35565650969529083,Yes
1.3773518005540166,No
-0.12781532779316712,No
-0.17944967682363802,Yes
0.31624007386888275,Yes
0.2734256694367498,No
1.7328236380424744,Yes
1.0214072022160665,No
1.876646352723915,No
0.15288642659279783,Yes
1.4988365650969528,No
-0.3959593721144967,No
0.18388180978762697,No
1.2677599261311174,Yes
0.03700092336103421,No
-0.01860757156048012,No
-0.3384598337950138,No
-0.20595383194829175,No
1.2581274238227147,No
1.5807571560480147,No
1.1427885503231765,Yes
1.1159741458910435,No
-0.3817174515235457,No
0.25835641735918746,No
0.46374145891043395,No
0.11073684210526319,Yes
-0.3948513388734995,No
-0.26667405355493995,No
-0.39978578024007383,Yes
1.1502788550323175,No
0.5759778393351801,No
1.12935918744229,No
-0.3486537396121883,No
-0.2333591874422899,No
1.1919261311172669,No
1.3613665743305632,No
1.3474939981532776,No
1.195072945521699,No
0.8783822714681441,No
0.8956232686980611,No
-0.28986888273314865,No
0.49336288088642655,Yes
1.5632502308402585,No
-0.40693628808864263,Yes
0.8353758079409048,No
-0.3909510618651893,Yes
0.7814515235457064,No
-0.3945854108956602,Yes
0.6451634349030471,No
-0.05870360110803323,No
0.10574330563250231,No
0.7017617728531856,No
0.43744413665743304,No
-0.3072280701754386,No
-5.1708217913190626e-05,No
-0.1292927054478301,No
0.5275641735918744,Yes
0.6815660203139428,No
0.9522954755309325,No
2.043294552169898,No
-0.2528014773776546,Yes
-0.1383342566943675,No
-0.1259242843951985,Yes
-0.033218836565096936,No
0.03655771006463531,No
0.5885207756232688,No
-0.058925207756232674,No
0.5960258541089567,No
-0.36491966759002764,Yes
-0.1901311172668513,No
-0.2748882733148661,No
-0.34883102493074786,Yes
-0.3027072945521699,No
-0.34046906740535543,Yes
-0.27076638965835637,No
-0.32346445060018464,Yes
0.0977211449676824,No
0.46288457987072956,No
0.22419944598337954,No
-0.39516158818097874,Yes
-0.10210895660203134,No
-0.38959187442289933,Yes
1.0682991689750694,No
0.10088273314866118,No
0.25931671283471835,No
1.2156380424746074,No
-0.3838153277931671,Yes
-0.02380794090489376,No
1.9489048938134812,No
-0.4070544783010157,No
-0.0026666666666666262,No
-0.21613296398891965,No
-0.38501200369344407,No
-0.34063157894736834,Yes
0.8087830101569713,No
0.2889529085872577,Yes
1.0238301015697138,No
0.30548476454293627,Yes
-0.30906001846722064,No
-0.3815401662049861,No
0.004587257617728558,No
0.10210895660203141,No
-0.2186445060018467,No
-0.102522622345337,No
-0.2869436749769159,No
1.0592871652816251,No
-0.4071431209602955,No
0.016081255771006518,Yes
1.842976915974146,No
-0.3434681440443213,No
0.5078264081255771,No
-0.39191135734072025,Yes
0.3651855955678671,No
-0.3982493074792243,No
1.6494404432132965,Yes
1.0410563250230842,No
-0.39922437673130196,No
-0.11100277008310248,Yes
1.146038781163435,No
2.036336103416436,No
0.3728827331486611,No
-0.35478485687903966,No
-0.3851449676823638,Yes
1.3081514312096028,No
0.0354644506001847,No
0.6150544783010158,No
1.7634644506001849,No
-0.019626962142197585,No
-0.059545706371191096,No
0.7532927054478301,No
0.8576103416435826,No
-0.406921514312096,No
0.008118190212373078,Yes
-0.3557156048014774,Yes
-0.22956232686980607,Yes
0.8845872576177286,No
0.17619944598337953,Yes
0.3546075715604802,Yes
0.8321846722068328,No
-0.407039704524469,No
1.0696879039704523,No
-0.10197599261311173,Yes
1.0397562326869805,No
0.461628808864266,No
1.8207423822714683,No
-0.3969787626962142,Yes
1.694736842105263,No
0.11872945521698985,No
-0.1678079409048938,Yes
-0.025211449676823584,Yes
0.058969529085872587,No
-0.25798707294552164,No
0.8255512465373961,No
-0.2025558633425669,No
0.2376435826408126,No
-0.1744856879039704,No
0.06588365650969533,No
1.6001403508771932,No
0.13013481071098806,No
-0.3922954755309326,Yes
1.7571855955678672,No
-0.25184118190212373,Yes
0.030367497691597443,No
0.26169529085872584,No
-0.2669399815327793,Yes
-0.006197599261311146,No
-0.1897174515235457,No
-0.16903416435826407,No
-0.26853554939981533,No
0.42668882733148666,Yes
-0.26906740535549395,Yes
0.20022160664819943,No
1.1529972299168973,No
-0.35243582640812554,Yes
-0.012166204986149572,No
1.077089566020314,No
-0.17287534626038778,No
1.538858725761773,No
0.4721625115420129,Yes
-0.2634238227146814,No
0.62402216066482,No
1.6530156971375807,No
-0.23848568790397043,No
0.41136842105263155,No
-0.3721588180978762,Yes
-0.08105632502308398,No
1.9370710987996305,No
-0.30956232686980606,No
-0.09763250230840258,No
0.6293111726685134,No
0.6986592797783934,Yes
-0.043900277008310194,No
0.48395198522622346,No
0.8578614958448755,No
1.379228070175439,No
-0.3700904893813481,No
0.5425300092336104,Yes
1.1941421975992612,Yes
-0.09337765466297318,Yes
0.2692151431209603,No
0.14340166204986152,No
0.5489566020313943,No
-0.09745521698984297,No
0.19735549399815333,No
0.8092853185595567,No
-0.3473536472760849,Yes
0.7240701754385965,No
1.9576361957525392,No
-0.36175807940904886,No
-0.1820794090489381,No
0.9199113573407203,No
1.1583601108033241,No
0.9992908587257617,No
-0.3390212373037858,No
0.10274422899353651,No
-0.39078855032317633,Yes
0.8103785780240075,No
0.671623268698061,No
-0.06786334256694367,No
-0.2741495844875346,No
-0.3955161588180978,Yes
-0.31436380424746074,Yes
0.5240775623268699,Yes
-0.39084764542936284,Yes
-0.004808864265927937,No
-0.2783305632502308,Yes
0.6642363804247461,No
-0.0705078485687904,No
1.6418614958448752,No
0.0811449676823638,No
0.5185669436749769,Yes
0.8597229916897509,No
0.33475161588180985,Yes
1.4017876269621419,No
0.5286722068328716,Yes
-0.10125207756232686,No
1.1917045244690674,No
-0.1617950138504155,No
-0.3680812557710064,No
-0.3244542936288088,No
-0.09181163434903045,No
0.3827220683287166,No
-0.002326869806094183,No
0.7002548476454294,No
0.6630544783010157,No
0.3362733148661127,No
-0.4023564173591874,Yes
1.6202031394275163,No
0.6960590951061865,No
-0.22453924284395196,No
-0.3592613111726685,Yes
1.1618319482917823,No
-0.3997562326869806,No
0.042053554939981544,No
0.24000738688827333,No
-0.3468070175438596,No
1.8775180055401663,No
-0.06592797783933518,No
0.8827553093259465,No
0.35719298245614034,No
0.04195013850415517,Yes
-0.4073351800554016,No
-0.040221606648199446,No
-0.39573776546629724,Yes
-0.3462603878116344,Yes
1.3508624192059098,No
-0.3378984302862419,No
-0.2947294552169898,No
-0.3122068328716528,Yes
0.33028993536472767,Yes
-0.34574330563250233,No
-0.3225189289012003,Yes
-0.30495290858725754,Yes
0.28373776546629736,No
-0.3542677746999076,No
-0.24915235457063709,No
-0.3860757156048015,Yes
-0.3924136657433056,Yes
-0.19339612188365646,Yes
-0.3385632502308402,No
1.2410489381348104,No
-0.4069658356417359,Yes
1.010297322253001,Yes
-0.18597968605724838,No
-0.05368051708217912,No
0.6279372114496768,No
0.12926315789473689,Yes
-0.32277008310249306,Yes
-0.14390397045244688,No
-0.3669289012003693,Yes
0.6674127423822714,No
-0.39755493998153274,No
-0.3683471837488458,No
-0.2979058171745152,No
0.14071283471837492,No
-0.04032502308402583,No
-0.38080147737765463,Yes
1.7577026777469993,No
0.6828217913204063,No
-0.2741495844875346,No
-0.3998891966759003,Yes
-0.003434903047091413,No
-0.25076269621421976,No
-0.20231948291782084,Yes
1.479601108033241,Yes
0.07089196675900282,Yes
0.33656879039704535,No
1.372550323176362,No
-0.12978024007386885,No
0.09844506001846727,No
-0.2771191135734072,No
-0.35324838411819015,No
-0.32865004616805166,No
1.403028624192059,Yes
0.03899538319482922,No
0.9653259464450601,No
0.10141458910433984,Yes
-0.24953647276084945,Yes
0.620151431209603,No
-0.38523361034164355,Yes
1.6711726685133887,No
-0.3238190212373038,No
-0.32052446906740534,No
-0.10370452446906737,Yes
0.4617174515235457,No
-0.16643397968605722,Yes
1.6416398891966757,No
0.8088273314866113,Yes
-0.14705078485687903,Yes
-0.25291966759002765,No
-0.378393351800554,No
1.9337913204062787,No
1.1593795013850416,No
0.8153130193905818,No
-0.34685133887349956,No
-0.1858614958448753,No
0.6995604801477379,No
0.22456879039704528,No
-0.38099353647276085,Yes
-0.0017211449676823101,No
-0.005222530009233597,No
-0.036690674053554924,No
-0.17345152354570634,No
0.12214219759926132,No
1.8867220683287165,No
-0.3921477377654663,Yes
0.11807940904893814,No
-0.3012742382271468,No
-0.2813444136657433,No
-0.16124838411819017,Yes
1.8398448753462604,No
-0.30799630655586335,No
-0.24288827331486607,Yes
-0.14496768236380422,No
-0.10043951985226222,No
-0.4071874422899353,No
-0.0025780240073868615,No
0.07204432132963991,No
-0.006596491228070121,Yes
-0.3678005540166205,Yes
-0.3581975992613111,No
-0.35528716528162513,Yes
0.12682548476454297,No
-0.2895586334256694,No
-0.3111283471837488,No
0.07756971375807943,Yes
0.23137950138504162,No
0.4250193905817175,No
-0.399578947368421,No
0.39397968605724837,No
1.1936103416435828,No
-0.40695106186518926,Yes
1.6498984302862418,Yes
1.2991985226223455,No
-0.19214035087719294,No
-0.03827146814404428,No
0.672938134810711,No
-0.036011080332409975,No
1.3285835641735917,No
-0.19880332409972298,No
0.041152354570637144,No
0.6554016620498615,Yes
-0.23347737765466295,No
0.8146481994459834,No
0.2325023084025854,Yes
0.13455216989843027,Yes
-0.39012373037857795,Yes
-0.16241551246537395,No
0.29339981532779313,No
0.1554275161588181,No
0.028284395198522664,No
-0.31301939058171746,Yes
0.4825484764542936,Yes
-0.3906555863342567,No
0.2326500461680517,No
-0.10816620498614953,No
-0.14069806094182824,No
0.7321662049861496,No
0.5102936288088643,Yes
-0.37032686980609414,No
1.5635161588180977,No
0.015844875346260386,No
1.4687276084949217,No
0.6890858725761773,No
-0.3094736842105263,No
0.42835826408125577,No
-0.2792613111726685,No
0.028668513388735023,No
-0.13799445983379496,Yes
-0.4005540166204986,No
-0.03706001846722067,No
-0.272539242843952,No
-0.21403508771929822,Yes
-0.35125392428439517,Yes
-0.36837673130193904,No
0.5323065558633426,No
1.3140313942751614,No
0.3147183748845799,No
1.4378799630655588,No
0.592701754385965,No
-0.3426703601108033,Yes
-0.3475161588180979,Yes
-0.3906703601108033,Yes
0.0811449676823638,No
1.9157820867959374,No
0.272819944598338,No
-0.30344598337950135,No
0.7873610341643582,Yes
0.4864192059095106,No
0.3917783933518006,No
-0.09343674976915972,No
0.7976583564173593,No
-0.22612003693444133,No
0.7814810710987997,Yes
-0.3642105263157895,Yes
2.0001698984302863,No
0.8025780240073869,No
0.4874385964912281,No
-0.392118190212373,Yes
0.8261274238227146,No
0.6891301939058172,No
-0.29489196675900275,No
-0.31502862419205907,Yes
0.16757156048014774,No
-0.01812003693444131,No
-0.07387626962142194,Yes
-0.26930378578024006,No
-0.09413111726685129,Yes
1.337994459833795,No
1.8930156971375807,Yes
0.9897617728531856,No
-0.10890489381348102,No
-0.3460092336103416,Yes
0.8765650969529087,Yes
0.9736140350877194,No
0.3062382271468145,Yes
-0.05325207756232684,Yes
-0.4070840258541089,No
-0.3673277931671283,No
1.4729676823638045,No
1.8395493998153278,No
-0.04019205909510615,No
-0.3865484764542936,No
-0.3874939981532779,No
1.5901237303785782,No
0.8709215143120961,No
-0.3884395198522622,No
0.09368790397045246,No
-0.14900092336103413,No
-0.1733333333333333,No
1.4626260387811636,No
-0.08090858725761768,No
-0.40016989843028616,No
-0.40254847645429365,No
-0.0027996306555863075,No
0.7250895660203139,No
0.1022419205909511,Yes
0.36657433056325023,No
-0.13311911357340717,No
-0.08350877192982456,No
0.11231763619575254,No
-0.21056325023084022,No
-0.3909510618651893,No
-0.02512280701754382,No
-0.3658799630655586,No
-0.2326204986149584,No
-0.293444136657433,No
-0.3923397968605724,Yes
1.4673240997229917,No
0.8058134810710987,No
-0.20221606648199442,Yes
-0.1319963065558633,No
-0.40711357340720217,No
-0.2634238227146814,No
-0.07322622345337021,No
-0.36279224376731295,No
-0.25729270544783006,Yes
-0.2967534626038781,No
-0.07400923361034162,No
0.4798891966759003,Yes
1.276668513388735,No
-0.35638042474607573,Yes
0.928421052631579,No
1.4774145891043398,No
-0.3300683287165281,No
0.3902714681440444,Yes
1.274555863342567,No
0.6147885503231764,No
-0.4021495844875346,Yes
0.8085614035087719,No
0.4491745152354571,No
-0.3968753462603878,No
0.463106186518929,No
0.23662419205909518,No
-0.06133333333333328,No
0.15276823638042478,No
0.1784746075715605,Yes
1.163841181902124,No
1.725909510618652,No
1.9505300092336106,No
0.7175253924284395,Yes
1.2722511542012926,No
1.7727128347183747,No
-0.3642843951985226,No
1.523981532779317,No
-0.3462456140350877,No
-0.13051892890120034,No
0.5864672206832873,No
0.27075161588180985,No
-0.1371523545706371,Yes
-0.18219759926131113,No
1.9072723915050782,No
0.5279482917820868,Yes
-0.18689566020313939,Yes
0.40347922437673134,No
0.06418467220683291,No
-0.3699575253924284,Yes
-0.36675161588180977,Yes
0.06117082179132043,Yes
-0.3330969529085872,No
0.0,No
-0.40683287165281623,No
0.09958264081255774,No
1.6694441366574329,No
-0.24356786703601105,No
0.04169898430286242,No
0.904842105263158,No
1.7910323176361957,No
-0.3224893813481071,No
-0.22390397045244687,No
-0.31004986149584485,No
0.9267368421052631,Yes
1.2310027700831023,No
0.05616251154201294,Yes
-0.4010267774699907,No
-0.16386334256694365,Yes
0.8365133887349955,No
-0.18113388734995378,No
0.6891301939058172,No
0.002784856879039758,No
0.13586703601108036,No
1.7506999076638965,No
1.5743010156971375,No
0.658858725761773,No
0.10754570637119118,Yes
0.09705632502308406,No
0.8257580794090489,No
0.004055401662049902,No
-0.3643139427516159,Yes
0.39213296398891967,Yes
-0.3347516158818098,No
0.9674533702677747,No
-0.06616435826408124,No
-0.3188107109879963,Yes
1.866245614035088,No
0.31727423822714684,No
1.9042880886426594,No
0.24534072022160672,No
1.0615771006463528,Yes
0.6933554939981533,Yes
1.720517082179132,Yes
0.2818762696214219,No
0.47043397968605727,No
1.3829067405355493,No
0.7899464450600184,No
0.31957894736842113,No
0.21771375807940913,No
1.3599630655586334,No
0.23804247460757155,No
-0.35880332409972293,No
1.4172853185595569,No
-0.22412557710064632,No
0.21916158818097872,Yes
-0.1671578947368421,No
-0.2588882733148661,Yes
-0.017721144967682338,No
1.7091708217913204,No
-0.23327054478301013,Yes
0.34352723915050787,No
-0.242253000923361,Yes
1.3460461680517082,No
0.11602585410895666,No
0.3350470914127424,No
0.9936325023084027,No
-0.32638965835641737,Yes
-0.13113942751615879,No
-0.35441551246537395,Yes
1.2727830101569715,No
-0.2327091412742382,Yes
-0.40684764542936286,No
-0.3893850415512465,Yes
1.6535327793167127,No
0.8052225300092335,No
1.2898910433979687,No
0.04147737765466297,No
0.356291782086796,No
1.231815327793167,No
1.192073868882733,No
0.2543379501385042,No
-0.09015697137580794,No
1.4784930747922436,No
0.41801662049861493,Yes
-0.3892668513388735,Yes
0.38437673130193906,Yes
-0.23064081255771005,No
0.15228070175438596,No
-0.16203139427516156,No
0.6095143120960296,No
0.020173591874422928,Yes
-0.3862973222530009,No
1.2285355493998156,No
-0.035065558633425656,No
0.44613111726685134,No
-0.36969159741458907,Yes
-0.3977765466297322,Yes
1.050555863342567,No
0.9181680517082178,No
-0.3994459833795014,Yes
0.9226740535549399,No
-0.3339242843951985,Yes
0.2716528162511542,No
1.9731486611265006,No
0.2673684210526316,No
1.7298393351800552,No
0.20124099722991698,No
1.4265337026777467,No
-0.045865189289011975,No
-0.38353462603878113,No
-0.3278079409048938,Yes
-0.23585595567867032,No
0.6100461680517082,No
-0.16087903970452444,Yes
-0.13691597414589102,Yes
0.28889381348107107,No
0.4182677746999077,No
-0.05161218836565096,Yes
1.1510914127423821,Yes
1.4528162511542013,No
-0.40727608494921513,No
-0.11654293628808864,No
0.05780240073868883,No
0.3287091412742382,No
0.5289529085872576,No
-0.390921514312096,Yes
0.2800295475530932,Yes
0.5710433979686057,No
1.2189030470914128,No
0.27710433979686067,Yes
1.0048901200369345,No
2.1265152354570636,No
-0.12614589104339796,No
1.8521366574330564,No
0.6762179132040629,No
-0.08342012927054474,Yes
0.33670175438596495,No
-0.0011449676823638043,No
-0.3865189289012004,No
0.9005577100646354,No
-0.12376731301939055,No
-0.041167128347183696,No
-0.31501385041551244,No
-0.3268180978762696,Yes
-0.27884764542936286,Yes
-0.3878781163434903,No
0.09385041551246537,No
0.09386518928901205,No
0.05902862419205912,Yes
-0.04354570637119114,No
0.7680369344413667,No
1.1280147737765467,No
-0.34333518005540165,Yes
-0.21400554016620493,No
0.013215143120960336,No
1.2532816251154204,Yes
1.1301569713758082,No
1.7416140350877192,No
-0.17664265927977837,Yes
-0.3979095106186519,Yes
-0.2874903047091412,No
-0.33922807017543855,No
0.8918264081255771,No
1.1444136657433057,No
-0.3702086795937211,Yes
0.31038965835641735,Yes
0.43949769159741464,No
0.4883250230840259,Yes
-0.33816435826408126,No
0.9218171745152355,Yes
-0.2840332409972299,No
-0.3779353647276084,No
-0.407039704524469,Yes
0.6654478301015697,No
-0.05830470914127418,Yes
-0.33739612188365653,No
0.29475900277008316,No
-0.39205909510618653,Yes
1.089144967682364,No
-0.2978024007386888,Yes
-0.2224856879039704,No
-0.2582382271468144,Yes
-0.4013074792243767,No
-0.12067959372114495,No
0.2980240073868883,No
-0.22424376731301937,No
-0.35645429362880887,No
0.9238264081255771,No
0.9652373037857802,No
0.6126168051708218,No
1.6289048938134814,No
0.7731782086795937,No
-0.03234718374884577,No
0.26007017543859656,Yes
1.4709732225300094,No
-0.40559187442289935,Yes
1.1388439519852263,No
0.031903970452446945,No
1.6267774699907664,Yes
-0.143061865189289,No
1.22277377654663,No
-0.17194459833795012,No
0.004188365650969583,No
1.2424081255771005,No
2.023069252077562,No
-0.19382456140350873,No
0.88002216066482,No
-0.11487349953831945,Yes
1.35059649122807,No
0.5021385041551247,No
0.7398042474607572,No
0.3592760849492152,No
-0.16084949215143118,Yes
1.2599741458910434,No
-0.17823822714681437,Yes
-0.20754939981532777,No
-0.3654072022160665,Yes
1.2275752539242846,No
0.5548070175438597,No
0.8388919667590029,No
-0.39681625115420127,No
-0.06592797783933518,Yes
-0.19376546629732222,Yes
0.4791948291782087,Yes
-0.1284062788550323,No
0.9934699907663896,Yes
0.029806094182825486,No
-0.04855401662049856,No
1.0298282548476456,No
1.186090489381348,No
-0.40711357340720217,Yes
-0.369174515235457,No
0.7484616805170823,No
1.6245318559556785,No
-0.3879076638965835,Yes
1.6131412742382272,No
0.372690674053555,No
0.6999002770083103,No
-0.3923693444136657,Yes
-0.37464081255771003,No
-0.31031578947368416,Yes
-0.24104155124653737,No
-0.30830655586334255,Yes
-0.13828993536472756,No
-0.21229178208679592,No
0.7237008310249308,No
0.9110175438596491,No
-0.39981532779316714,Yes
-0.2653591874422899,No
0.04601292705447834,No
-0.34806278855032313,No
1.1566020313942753,No
-0.2397562326869806,Yes
0.34846168051708226,No
1.488539242843952,No
0.1760369344413666,No
0.1555309325946445,No
-0.13523176361957523,No
-0.38792243767313017,No
0.5008827331486612,Yes
-0.29013481071098796,Yes
1.355959372114497,No
1.208354570637119,No
-0.22041735918744226,No
-0.39950507848568784,No
-0.39115789473684204,Yes
0.29771375807940914,Yes
0.904354570637119,Yes
1.612993536472761,No
-0.3979242843951985,No
0.9862160664819944,No
-0.21136103416435825,No
0.9243434903047092,No
-0.3180572483841182,No
-0.31374330563250225,No
0.007955678670360164,No
0.10373407202216067,No
-0.2725983379501385,Yes
-0.2154238227146814,Yes
-0.13923545706371188,Yes
-0.09441181902123727,No
0.33795752539242846,Yes
-0.3993277931671283,Yes
-0.07132040627885504,Yes
0.6786999076638965,No
-0.29981163434903046,No
-0.06786334256694367,Yes
-0.19227331486611263,No
0.7432465373961219,Yes
-0.3039335180055402,No
-0.40695106186518926,No
0.0760036934441367,No
0.16055401662049862,No
-0.34741274238227143,Yes
0.11735549399815333,No
1.1500867959372116,No
-0.26482733148661125,No
1.401551246537396,No
-0.39860387811634346,No
-0.3215438596491228,No
-0.35349953831948294,Yes
1.412927054478301,No
0.4258467220683287,Yes
-0.39646168051708214,No
0.9432686980609419,No
0.6908144044321329,No
-0.3921920590951061,Yes
-0.27181532779316714,No
0.34163619575253923,No
-0.016347183748845744,No
-0.053518005540166204,No
1.8262086795937214,No
0.3564838411819021,No
-0.4003028624192059,No
1.3767460757156045,No
0.46867590027700834,No
-0.20923361034164356,No
0.1854478301015697,No
0.1033351800554017,No
0.9633905817174515,No
-0.3254293628808864,Yes
1.9557894736842105,No
-0.38895660203139426,Yes
-0.2848310249307479,No
-0.40684764542936286,Yes
1.4865152354570634,Yes
1.3256140350877192,No
-0.1045023084025854,No
1.434659279778393,Yes
0.13585226223453373,No
-0.3696620498614958,No
-0.3418725761772853,Yes
0.0965244690674054,No
-0.3197562326869806,Yes
-0.28599815327793165,No
-0.30768605724838405,No
-0.26865373961218836,No
-0.39646168051708214,Yes
-0.029185595567866995,No
-0.005532779316712808,No
-0.1252890120036934,Yes
-0.2993831948291782,No
2.1114016620498615,No
-0.2976989843028624,No
1.280701754385965,No
-0.40681809787626955,No
0.8504598337950139,No
-0.38795198522622343,No
0.15560480147737765,No
-0.21499538319482914,Yes
1.2961994459833797,No
1.1135660203139428,No
0.7868734995383195,No
-0.3339095106186518,Yes
0.6309510618651893,No
1.0392834718374886,No
1.157769159741459,No
-0.39228070175438595,Yes
-0.18374884579870726,No
1.1962253000923362,No
-0.39709695290858726,Yes
-0.1151394275161588,No
-0.16662603878116342,No
1.5310286241920592,Yes
-0.11611449676823635,No
1.9083361034164357,Yes
-0.06335734072022159,No
0.22818836565096956,Yes
-0.14790766389658355,Yes
-0.4072169898430286,Yes
-0.26478301015697137,No
0.8063157894736843,No
-0.3982493074792243,Yes
0.3139944598337951,Yes
-0.27180055401662045,No
-0.30340166204986146,Yes
-0.33439704524469066,No
0.30344598337950135,No
0.1336952908587258,No
-0.3948808864265928,No
0.08896029547553094,No
0.15161588180978763,Yes
-0.11800554016620496,No
-0.14976915974145888,Yes
-0.2564653739612188,Yes
-0.00409972299168975,No
-0.2671320406278855,No
-0.39855955678670363,Yes
-0.05628070175438594,No
-0.24641920590951058,No
-0.15746629732225298,No
0.21034164358264082,Yes
-0.20577654662973222,No
0.25640627885503237,Yes
-0.3477377654662973,Yes
1.2860055401662052,No
0.4133628808864266,No
1.1134182825484764,No
1.270286241920591,No
-0.40695106186518926,Yes
0.20050230840258548,No
-0.39985964912280697,No
-0.3493185595567867,No
0.13651708217913205,No
1.7943120960295476,No
-0.3451080332409972,Yes
0.31693444136657434,Yes
0.20548107109879968,No
1.2504746075715607,No
-0.27409048938134806,No
-0.19605540166204982,No
-0.2695401662049861,No
-0.04520036934441364,Yes
-0.40699538319482914,Yes
0.767342566943675,Yes
-0.3897987072945521,No
-0.07858910433979684,No
-0.3585373961218836,No
-0.407039704524469,Yes
-0.06462788550323173,No
-0.2156306555863342,Yes
1.2503564173591872,No
-0.4070249307479224,Yes
-0.3806241920590951,No
-0.38939981532779316,Yes
-0.12972114496768233,No
-0.29379870729455215,No
-0.3904930747922437,Yes
-0.39040443213296394,Yes
0.8849566020313943,No
-0.40723176361957525,Yes
0.5231468144044321,No
-0.08890120036934442,No
-0.21511357340720216,No
0.27963065558633426,No
0.647364727608495,Yes
-0.39855955678670363,No
-0.2584007386888273,Yes
1.8066629732225299,No
0.09677562326869808,No
-0.39821975992613107,No
0.08699538319482923,No
0.25132409972299175,No
0.9105743305632502,No
0.6127054478301016,No
-0.3943047091412742,No
-0.3921625115420129,Yes
0.5663305632502309,No
-0.1571708217913204,Yes
-0.1609676823638042,No
0.15761403508771935,No
-0.3859132040627885,No
0.7539575253924284,No
0.8588070175438597,No
-0.2918042474607571,Yes
0.046515235457063764,No
0.6129861495844876,No
-0.37811265004616806,No
0.5356602031394275,No
-0.3516380424746075,No
-0.4070840258541089,No
0.5127313019390582,No
-0.395191135734072,Yes
-0.22096398891966756,Yes
-0.4067590027700831,Yes
0.20944044321329647,No
-0.40257802400738685,No
0.18139981532779323,Yes
1.4206537396121883,Yes
-0.1458984302862419,No
-0.264118190212373,Yes
0.7342049861495845,No
-0.15296029547553092,No
-0.29956048014773773,No
0.8842917820867959,No
-0.3927682363804247,No
-0.27912834718374885,No
1.161669436749769,No
0.10679224376731307,No
1.2824007386888274,No
-0.07232502308402582,Yes
1.8547220683287167,Yes
0.22470175438596487,Yes
-0.05248384118190212,No
0.3005207756232688,No
-0.07146814404432134,No
1.8173591874422899,Yes
0.12169898430286243,No
0.04932225300092342,No
-0.40711357340720217,No
-0.3905521698984302,Yes
-0.3879815327793167,No
-0.15737765466297318,No
-0.3453296398891966,No
1.8776214219759928,No
0.1635530932594645,Yes
-0.27386888273314863,No
0.786976915974146,No
-0.29930932594644505,Yes
0.6014182825484765,Yes
-0.38081625115420126,No
0.7549916897506925,No
-0.2760997229916897,Yes
-0.2669399815327793,No
0.5966759002770083,No
0.029894736842105318,No
0.4344302862419206,Yes
1.0075346260387812,No
-0.39183748845798705,Yes
-0.2736472760849492,No
-0.10509325946445058,No
1.859228070175439,No
-0.07833795013850416,Yes
0.1233684210526316,No
-0.02546260387811633,No
-0.3539870729455217,No
0.07086241920590952,No
-0.021015697137580794,No
1.4711948291782089,No
-0.13638411819021234,No
-0.40699538319482914,No
0.06313573407202222,No
-0.40683287165281623,Yes
1.6523656509695293,No
0.40835457063711916,No
0.15786518928901203,Yes
2.0489676823638043,No
-0.1954792243767313,No
0.2617396121883657,No
0.01410156971375812,No
-0.17120590951061865,Yes
0.27643951985226234,No
0.17583010156971376,No
1.3274312096029546,No
-0.14204247460757152,Yes
-0.10863896583564173,No
0.11791689750692522,No
-0.40296214219759924,No
-0.2787590027700831,No
-0.0015438596491227801,No
-0.10278855032317637,No
-0.19586334256694365,No
-0.272539242843952,No
-0.3921920590951061,Yes
0.04212742382271469,No
0.17172299168975075,No
0.5272243767313021,No
-0.3450489381348107,No
1.2492927054478302,No
1.5318707294552167,Yes
-0.014869806094182772,No
0.7123102493074792,No
0.7613444136657433,No
1.8509547553093262,No
0.3196380424746076,No
-0.334145891043398,No
1.2421569713758078,No
0.17289012003693444,No
-0.31248753462603873,No
1.0136509695290858,No
1.3541865189289015,No
1.0079335180055402,No
-0.406921514312096,No
0.6782271468144044,Yes
-0.09730747922437667,No
0.2913758079409049,No
-0.3923397968605724,Yes
-0.386533702677747,Yes
0.011988919667590041,No
-0.1418356417359187,No
1.388432132963989,No
0.4965835641735919,Yes
-0.38338688827331485,No
-0.27250969529085867,No
0.18883102493074794,No
1.4911394275161591,No
0.008650046168051735,Yes
-0.18612742382271466,No
1.9309399815327792,No
0.7809935364727609,No
0.4051486611265005,No
0.08121883656509696,No
-0.27262788550323175,Yes
-0.2811080332409972,Yes
-0.015313019390581663,No
0.3037266851338874,No
0.2010637119113573,No
-0.28991320406278853,Yes
0.07860387811634352,No
-0.03292336103416434,No
-0.40232686980609417,Yes
-0.08956602031394276,No
1.8680036934441366,No
-0.2608679593721145,No
0.015992613111726686,Yes
1.0445133887349953,No
-0.39194090489381345,Yes
1.195545706371191,No
-0.3153388734995383,No
-0.19234718374884577,Yes
-0.3766648199445983,No
-0.39980055401662046,Yes
1.5466297322253002,No
2.024753462603878,No
0.6393130193905817,No
0.1081662049861496,No
0.30183564173591876,No
-0.27398707294552166,No
1.1338799630655587,No
-0.3921477377654663,Yes
-0.3894736842105263,Yes
0.502168051708218,No
0.09207756232686981,No
0.1333554939981533,No
-0.19920221606648197,No
-0.17365835641735916,Yes
0.021710064635272433,Yes
-0.24238596491228068,No
1.6302788550323177,No
-0.23477746999076637,No
-0.37616251154201286,No
-0.38431763619575254,No
0.7181311172668514,No
-0.2554164358264081,No
0.46210156971375815,No
0.5516454293628809,Yes
-0.11881809787626958,No
0.4189178208679594,No
-0.36718005540166204,No
-0.3401440443213296,Yes
-0.33680517082179134,No
1.2881920590951064,No
1.8083767313019392,No
-0.04806648199445982,No
-0.0024450600184671802,Yes
0.7206131117266852,No
0.022832871652816278,Yes
1.3603619575253925,No
-0.20014773776546627,No
0.4240886426592798,No
-0.27338134810710985,No
0.01866666666666672,Yes
-0.018060941828254847,No
1.4747700831024928,No
-0.3676971375807941,Yes
-0.21261680517082177,No
-0.06851338873499538,No
0.2133407202216067,Yes
-0.1406241920590951,No
-0.3916454293628809,No
-0.39272391505078486,No
-0.16257802400738686,No
-0.3999187442289935,No
0.8562511542012928,No
-0.3730304709141274,Yes
0.000908587257617742,Yes
-0.3923397968605724,Yes
-0.005045244690674,No
-0.09965650969529082,Yes
0.8830951061865189,No
-0.3875087719298245,Yes
1.2965540166204985,Yes
-0.3975401662049861,No
0.18346814404432138,No
-0.389444136657433,Yes
0.39293074792243776,No
-0.33501754385964905,No
-0.3315457063711911,No
0.41933148661126507,Yes
-0.25380609418282546,No
-0.13254293628808864,No
-0.16271098799630654,No
1.000487534626039,Yes
0.47275346260387807,No
1.3296177285318558,No
-0.27386888273314863,Yes
-0.25794275161588176,No
-0.3332446906740535,No
0.987634349030471,Yes
0.2789362880886427,No
0.11587811634349036,No
0.06764173591874428,No
-0.1764506001846722,No
1.0824376731301941,No
0.015165281625115434,Yes
0.8442843951985227,Yes
-0.275050784856879,No
0.9544819944598338,No
1.607719298245614,No
-0.38780424746075715,No
-0.0873499538319483,Yes
-0.39983010156971377,No
-0.40695106186518926,Yes
0.8569159741458912,No
-0.29056325023084023,No
-0.3371006463527239,No
0.7599261311172668,Yes
0.2590212373037858,No
-0.029746999076638952,No
-0.038005540166204985,No
2.007793167128347,No
-0.3954127423822714,No
-0.07375807940904894,No
0.8758116343490305,No
0.1798337950138504,No
0.20135918744228992,No
1.8355752539242842,No
-0.2690083102493075,No
-0.05289750692520771,No
0.005532779316712875,No
-0.2701163434903047,No
-0.048125577100646355,No
-0.025373961218836564,No
1.247150507848569,No
1.41464081255771,No
-0.04716528162511542,Yes
-0.26574330563250226,Yes
-0.32591689750692515,Yes
0.29077008310249314,Yes
-0.17998153277931667,No
-0.1894219759926131,No
-0.23167497691597413,Yes
0.6582382271468143,No
-0.25030470914127423,No
1.0035309325946447,No
-0.038493074792243724,No
-0.2822603878116343,Yes
-0.38784856879039703,Yes
-0.21942751615881806,Yes
1.2321255771006465,No
0.5209455216989843,Yes
-0.19417913204062787,Yes
1.273122807017544,No
0.49872576177285316,No
-0.40562142197599255,No
0.633477377654663,No
-0.3880406278855032,No
-0.39793905817174513,No
-0.06852816251154199,No
1.0217174515235459,No
0.4164506001846723,Yes
0.007438596491228124,Yes
-0.23322622345337024,No
-0.2234164358264081,No
1.052387811634349,No
-0.4023120960295475,No
-0.022507848568790383,No
0.07867774699907666,No
0.48064265927977845,No
0.2337285318559557,No
0.8097728531855957,Yes
-0.3826334256694367,Yes
-0.15507294552169895,Yes
0.39202954755309327,No
-0.2908144044321329,No
-0.0068771929824561,No
-0.18921514312096027,Yes
1.5645946445060017,No
-0.34835826408125575,No
-0.23303416435826407,Yes
-0.1160406278855032,No
-0.08033240997229917,No
0.7239519852262235,No
-0.12394459833795012,No
-0.002991689750692521,No
-0.19248014773776545,No
-0.3229178208679594,No
-0.08823638042474607,No
-0.07631394275161583,Yes
0.8779981532779316,No
-0.16835457063711906,No
-0.4069067405355494,No
-0.33549030470914126,No
-0.3303194829178209,Yes
0.624938134810711,No
0.02534441366574333,Yes
0.962179132040628,Yes
-0.3680812557710064,No
0.8873942751615882,Yes
1.9606648199445984,No
-0.04249676823638037,No
-0.24962511542012925,No
-0.10680701754385963,No
0.7765170821791321,No
-0.1386001846722068,No
-0.40556232686980603,No
-0.276927054478301,Yes
1.5094884579870727,No
1.2412409972299172,No
0.8796528162511543,No
-0.21236565096952906,No
0.23467405355493995,No
-0.34207940904893813,No
1.2079113573407203,Yes
-0.23296029547553093,No
-0.2108882733148661,No
-0.2934884579870729,Yes
1.1205244690674054,No
1.0824524469067405,No
-0.3438818097876269,No
1.7075752539242846,Yes
-0.32680332409972296,No
-0.2091154201292705,No
0.551482917820868,No
0.17602216066482,No
-0.33772114496768235,No
-0.31019759926131113,No
-0.12692890120036932,No
-0.3411338873499538,Yes
0.13131671283471844,No
-0.3443397968605725,No
-0.17380609418282547,No
-0.15690489381348102,Yes
-0.3063859649122807,No
0.20054662973222528,Yes
-0.3077599261311172,No
1.7439482917820865,Yes
0.2640738688827331,Yes
-0.37475900277008306,No
1.8007091412742382,Yes
1.3113277931671283,No
1.664701754385965,No
1.86930378578024,Yes
-0.10798891966759,Yes
-0.3920147737765466,Yes
-0.3805355493998153,No
-0.1978725761772853,No
-0.3742862419205909,Yes
-0.14906001846722067,No
-0.1874422899353647,No
-0.18203508771929822,No
-0.14632686980609416,No
0.3711689750692521,Yes
-0.11250969529085869,No
1.3432834718374882,No
-0.3314570637119113,No
0.5108698060941828,No
-0.09671652816251149,No
0.6088051708217914,Yes
-0.31233979686057245,No
0.8573887349953832,No
-0.08990581717451519,No
-0.25871098799630654,No
0.06882363804247466,No
-0.20206832871652813,No
-0.038951061865189235,No
0.7701200369344414,No
0.0011597414589104877,No
-0.39953462603878115,Yes
0.03339612188365654,No
-0.3602954755309326,Yes
-0.33467774699907665,No
-0.2709141274238227,Yes
0.9291006463527238,No
1.057410895660203,No
1.8156306555863342,No
-0.33868144044321324,No
0.05851154201292708,No
-0.4059907663896583,Yes
-0.21035641735918742,No
0.7317820867959373,No
1.6233204062788549,No
1.0399187442289934,No
-0.007231763619575227,No
-0.4041440443213296,Yes
-0.3982049861495845,No
1.3717229916897504,Yes
0.04466851338873505,No
0.603590027700831,No
-0.36821421975992613,Yes
0.8359667590027701,No
-0.11042659279778391,No
-0.3965503231763619,Yes
-0.3861495844875346,Yes
1.6773924284395196,No
-0.3667220683287165,Yes
1.6110138504155123,No
0.5513942751615882,No
-0.0427331486611265,No
-0.3929602954755309,No
-0.3921772853185595,No
1.2860646352723915,No
0.04499353647276088,No
0.12205355493998155,No
0.4595752539242844,Yes
1.7935586334256697,No
1.2075863342566944,No
-0.3257839335180055,No
-0.3841108033240997,No
1.335246537396122,Yes
-0.3794275161588181,Yes
-0.4070249307479224,No
-0.27203693444136656,No
-0.3828845798707294,No
-0.07878116343490305,No
0.6307737765466298,No
1.6233351800554017,No
0.051183748845798745,No
-0.2589916897506925,No
1.9080110803324097,No
0.6452963988919668,No
0.01489935364727614,No
2.1125540166204986,No
-0.19785780240073866,No
-0.30725761772853183,No
-0.36583564173591876,No
-0.3299353647276085,No
1.3803951985226222,No
0.5545706371191136,No
-0.011368421052631552,Yes
0.11240627885503238,Yes
1.392332409972299,No
-0.08127793167128342,No
0.18420683287165288,No
0.7085429362880886,No
0.9180646352723916,Yes
0.6446315789473684,No
-0.3982345337026777,No
-0.33122068328716525,No
2.0028587257617727,No
-0.14984302862419202,No
-0.3361551246537396,Yes
1.2384339796860575,No
-0.3979686057248384,No
-0.3957820867959372,No
1.2323915050784857,Yes
0.23820498614958455,Yes
-0.1354829178208679,No
0.1851523545706371,No
0.6578688827331486,No
0.28707663896583574,Yes
0.7329196675900277,No
0.9397377654662973,No
-0.40528162511542015,No
0.4355383194829178,No
-0.21419759926131116,Yes
0.05207017543859653,Yes
-0.03750323176361956,No
1.8656251154201293,No
-0.3756749769159741,Yes
0.2352502308402586,No
-0.3938467220683287,Yes
-0.4037008310249307,No
-0.40161772853185596,No
0.5763619575253924,No
-0.25525392428439514,No
0.44619021237303796,No
0.06598707294552171,No
0.6154385964912281,No
-0.32609418282548475,No
0.5454404432132963,Yes
0.8095216989843028,No
-0.38950323176361956,Yes
-0.3996528162511542,Yes
-0.4071874422899353,No
1.1674755309325946,No
-0.21800923361034164,Yes
0.5268402585410896,No
-0.3779058171745152,Yes
0.4805540166204986,No
0.581606648199446,Yes
-0.35521329639889193,Yes
-0.10825484764542936,No
-0.11813850415512463,Yes
1.4993536472760849,No
1.4312465373961218,No
1.5080701754385966,No
0.27172668513388737,No
0.24822160664819953,No
1.1328014773776547,No
1.1459501385041553,Yes
-0.36401846722068326,No
-0.3069916897506925,No
1.5416214219759925,No
-0.3891338873499538,Yes
0.3026481994459834,No
-0.030397045244690675,No
-0.029067405355494,No
1.2811597414589102,No
-0.3226371191135734,Yes
1.78268513388735,No
-0.1468439519852262,Yes
-0.2265927977839335,No
0.7266555863342568,Yes
-0.05165650969529081,No
-0.3021754385964912,No
0.06722807017543862,Yes
1.7247867036011082,No
-0.31486611265004616,No
0.7569713758079409,Yes
1.0905780240073868,No
0.7599409048938135,Yes
1.023342566943675,No
-0.1800701754385965,No
-0.038744228993536474,No
-0.27376546629732224,Yes
-0.20957340720221604,No
-0.29836380424746073,No
-0.16316897506925204,No
-0.2472760849492151,Yes
0.8370156971375808,No
1.059449676823638,No
0.8024155124653739,No
-0.40532594644506,Yes
-0.25897691597414585,No
-0.27349953831948287,No
1.353108033240997,No
-0.26314312096029546,Yes
0.8575512465373961,No
1.8175069252077563,No
0.07601846722068331,No
-0.38917820867959374,Yes
0.9319372114496769,No
1.4271542012927054,No
-0.40699538319482914,No
-0.39034533702677743,Yes
-0.261045244690674,Yes
-0.39592982456140347,No
0.022714681440443214,No
-0.15284210526315786,Yes
0.55335918744229,No
-0.39225115420129264,Yes
0.7450932594644507,No
1.7398264081255772,No
-0.38535180055401663,Yes
-0.36296952908587254,Yes
1.849920590951062,No
1.3479076638965837,No
1.1518301015697137,No
0.9738060941828255,No
0.6250563250230841,No
1.1327719298245613,No
0.6518116343490304,No
-0.34866851338873495,No
1.6185780240073868,No
-0.40723176361957525,No
0.18433979686057247,No
0.3449602954755309,No
1.2452151431209602,No
1.835678670360111,No
-0.4025632502308402,Yes
-0.39134995383194826,Yes
-0.3994016620498615,No
0.9297063711911357,No
-0.27983748845798706,No
-0.029584487534626037,No
0.8998042474607572,No
0.007586334256694421,No
0.8807756232686982,No
-0.3909953831948291,No
0.3896805170821792,Yes
-0.3922068328716528,Yes
-0.2797636195752539,No
-0.0654847645429363,No
-0.2478079409048938,No
0.24306555863342566,No
0.5571412742382272,No
-0.37085872576177287,Yes
1.0465078485687904,No
0.8391578947368421,No
-0.3136546629732225,No
-0.4031098799630655,Yes
1.7111061865189288,No
-0.13923545706371188,No
-0.08217913204062789,No
-0.37846722068328714,No
-0.3925909510618652,No
-0.32799999999999996,Yes
0.27895106186518936,No
-0.01023084025854109,No
-0.3645798707294552,No
0.25314127423822713,Yes
-0.3700313942751615,No
1.8776952908587259,Yes
1.5328901200369345,Yes
1.0012557710064636,No
0.7203915050784858,No
-0.2956158818097876,No
-0.40709879963065554,Yes
-0.10939242843951982,No
0.0539612188365651,No
1.7212262234533702,No
0.7009344413665743,No
0.8381089566020313,No
0.08355309325946447,No
0.6878744228993536,No
-0.2906962142197599,Yes
1.8645170821791321,No
-0.20190581717451522,Yes
0.32494182825484763,Yes
2.042349030470914,No
-0.2351763619575254,No
-0.3717746999076639,No
0.14501200369344416,No
0.40669990766389663,No
1.1855290858725762,No
1.2545669436749767,Yes
-0.3545041551246537,Yes
-0.29434533702677745,No
0.5439482917820868,No
0.05187811634349032,No
-0.38953277931671276,Yes
-0.3432465373961219,No
-0.009669436749769132,No
0.17364358264081262,No
-0.21913204062788547,Yes
-0.32334626038781156,Yes
0.8680258541089566,No
-0.22159926131117264,No
0.052291782086795975,Yes
0.39925392428439516,No
0.32093813481071104,No
1.4684321329639891,No
1.036151431209603,No
0.19131301939058176,No
0.11739981532779319,No
1.7065706371191134,No
1.4903564173591872,Yes
1.666947368421053,No
-0.14066851338873498,No
0.774404432132964,No
1.1970083102493076,No
-0.40693628808864263,No
-0.3981754385964912,Yes
0.20327977839335176,No
-0.011412742382271468,Yes
1.1043915050784856,No
-0.1971929824561403,No
0.43505078485687904,Yes
-0.37797968605724835,No
-0.3983674976915974,Yes
-0.08535549399815327,No
0.12356048014773782,No
-0.19710433979686054,No
-0.3906260387811634,No
1.0854515235457065,Yes
0.7732963988919668,No
-0.2448384118190212,No
1.3187737765466299,No
1.7379501385041551,No
-0.09825300092336099,No
1.2918559556786704,Yes
1.3265004616805172,No
0.8394385964912281,No
-0.406921514312096,Yes
-0.28932225300092335,No
-0.3727202216066482,No
-0.20366389658356412,No
-0.17992243767313018,No
-0.2058356417359187,Yes
0.8809085872576178,No
0.6043434903047092,No
-0.3592317636195752,Yes
1.7061421975992614,No
0.7739612188365651,Yes
-0.24952169898430285,No
-0.3843028624192059,No
0.8052963988919667,No
0.025063711911357353,No
-0.3909658356417359,Yes
-0.04629362880886425,No
-0.3997266851338873,Yes
-0.08928531855955678,Yes
-0.17984856879039704,Yes
1.530880886426593,No
-0.4071431209602955,No
0.41509141274238237,No
-0.15947553093259462,No
-0.35843397968605717,No
-0.30520406278855033,Yes
1.3875013850415514,No
0.1369898430286242,No
-0.40689196675900274,Yes
-0.09390951061865184,No
1.7957894736842106,No
0.4328938134810712,No
0.49402770083102493,No
0.28138873499538325,No
-0.27426777469990765,No
0.83202216066482,Yes
0.562459833795014,No
0.6300941828254847,No
1.8692446906740536,Yes
0.8117968605724838,No
0.8472834718374885,No
-0.36722437673130187,Yes
0.5463268698060941,No
2.0505927977839336,No
1.280568790397045,No
1.4121144967682364,No
0.15007940904893818,No
-0.13756602031394274,No
1.758470914127424,Yes
-0.1835567867036011,No
1.1362733148661128,No
-0.3710655586334256,No
1.8562289935364726,No
0.4600627885503232,Yes
-0.11540535549399814,No
0.33761772853185595,No
0.5022271468144044,No
0.7120590951061865,Yes
0.32104155124653744,No
1.2965983379501382,No
0.3609750692520776,No
0.037636195752539243,No
0.4116491228070176,No
0.11435641735918747,No
0.7505004616805171,Yes
0.259612188365651,No
0.18661495844875348,No
-0.17584487534626037,No
-0.2892927054478301,Yes
0.9620018467220683,No
-0.3313979686057248,No
-0.311438596491228,No
0.21657617728531853,No
-0.060890120036934385,No
-0.39799815327793164,Yes
0.34172483841181905,No
1.2386260387811636,No
-0.2747257617728531,No
-0.3909362880886426,Yes
0.6970193905817175,No
0.5724616805170822,No
-0.1409344413665743,No
0.601078485687904,No
-0.3684949215143121,No
0.35168236380424744,Yes
-0.30419944598337945,No
1.1016140350877193,No
1.0056879039704525,No
1.424819944598338,Yes
-0.4071431209602955,No
-0.25037857802400737,No
1.9101828254847644,No
-0.045879963065558596,No
1.0263564173591875,Yes
0.5298393351800554,No
0.3750397045244691,No
0.6311726685133887,No
-0.17885872576177284,No
-0.325562326869806,No
0.018282548476454295,No
0.8866260387811633,Yes
0.8570193905817174,No
-0.3634866112650046,Yes
0.7976140350877192,No
0.6078301015697137,No
-0.032938134810710964,No
-0.003095106186518902,No
-0.1805872576177285,No
-0.22344598337950136,No
-0.20447645429362876,No
-0.3108328716528162,No
-0.3107146814404432,No
1.304325023084026,No
-0.3850267774699907,Yes
-0.3761477377654663,No
-0.006463527239150508,No
0.6187479224376732,No
1.9274533702677747,No
1.5492446906740536,No
-0.396668513388735,Yes
-0.20073868882733145,No
-0.3182493074792243,No
-0.38294367497691595,Yes
-0.01862234533702674,No
0.5794792243767314,No
0.9947257617728532,No
-0.3094145891043398,Yes
1.2721772853185596,No
-0.39238411819021235,Yes
-0.4073499538319483,Yes
-0.25763250230840257,No
-0.3924727608494921,Yes
-0.27016066481994455,No
-0.13670914127423822,No
-0.180528162511542,No
-0.3923397968605724,Yes
0.7944819944598339,Yes
1.172247460757156,No
-0.3886020313942751,Yes
-0.406921514312096,No
-0.18528531855955677,No
1.6013222530009235,No
0.3019981532779317,No
0.8099649122807018,No
-0.33385041551246536,Yes
0.6086722068328716,No
-0.0834053554939981,Yes
1.1931671283471839,Yes
0.8240295475530933,Yes
-0.4055180055401662,Yes
0.955191135734072,No
0.5388808864265928,No
-0.20948476454293627,No
-0.15671283471837485,No
0.9894219759926132,No
-0.20228993536472759,Yes
-0.3984561403508772,Yes
-0.30799630655586335,No
-0.39953462603878115,Yes
1.2904081255771007,No
-0.3634866112650046,Yes
-0.2863231763619575,No
0.03187442289935365,No
-0.2080221606648199,No
-0.13800923361034162,Yes
-0.0648642659279778,No
1.0850378578024007,Yes
-0.3171117266851339,Yes
0.01791320406278855,No
-0.3667072945521698,Yes
0.2663490304709142,No
0.08337580794090495,No
-0.3037119113573407,No
0.4729159741458911,No
1.125488457987073,No
0.6585041551246538,Yes
-0.4057100646352723,No
1.9416805170821791,Yes
-0.3678744228993536,Yes
0.16606463527239154,No
0.19370637119113582,No
-0.2951578947368421,No
-0.07878116343490305,Yes
0.5991874422899354,No
0.8645540166204986,Yes
-0.20503785780240072,Yes
-0.03598153277931667,No
0.46338688827331487,No
0.07372853185595571,No
-0.3962991689750692,Yes
0.2518855032317636,Yes
1.3923619575253923,No
-0.3658208679593721,Yes
0.6954533702677748,No
-0.39263527239150503,Yes
-0.29140535549399815,No
-0.38174699907663895,No
0.5682363804247461,No
-0.31616620498614956,Yes
1.2622788550323176,No
-0.2753905817174515,No
-0.20481625115420127,No
-0.008177285318559543,Yes
-0.08575438596491225,Yes
-0.38468698060941825,No
1.4707959372114499,No
1.9958855032317637,No
0.05001662049861499,No
-0.37443397968605724,No
-0.3650083102493074,No
-0.38040258541089567,No
0.14409602954755316,No
1.4494182825484765,No
0.2561846722068329,No
-0.17157525392428438,No
-0.04254108956602029,No
-0.4007460757156048,No
1.142921514312096,No
-0.20806648199445982,No
1.3590766389658357,No
0.7170378578024007,No
0.7353130193905818,No
1.739102493074792,No
-0.29102123730378576,No
-0.09668698060941826,No
-0.17123545706371188,No
-0.06682917820867958,No
1.522046168051708,No
-0.22805540166204985,No
0.151881809787627,No
-0.3919852262234534,Yes
-0.37311911357340716,Yes
0.032361957525392455,No
0.467095106186519,Yes
-0.3244838411819021,No
1.3104856879039701,No
1.2321551246537399,No
-0.27971929824561403,Yes
0.8181348107109881,No
-0.05373961218836565,Yes
-0.38582456140350874,Yes
1.9208790397045246,No
0.7439852262234534,No
-0.12350138504155123,No
-0.3863120960295475,No
1.7830692520775626,Yes
0.7767830101569714,Yes
-0.40544413665743306,Yes
-0.060402585410895646,Yes
-0.40698060941828257,Yes
-0.2951578947368421,No
0.16575438596491232,No
-0.39226592797783927,Yes
-0.3942603878116343,No
-0.02847645429362881,No
-0.26989473684210524,No
0.9249935364727608,Yes
0.7358448753462604,No
0.23971191135734074,No
-0.34255216989843024,No
-0.38904524469067403,Yes
-0.12980978762696213,No
-0.3779649122807017,Yes
-0.3903305632502308,Yes
0.7233167128347183,No
-0.08952169898430283,Yes
-0.2433905817174515,Yes
-0.03855216989843026,No
-0.2257506925207756,No
1.3982419205909509,No
-0.05295660203139425,No
0.0023120960295475667,No
0.2592576177285319,Yes
-0.39090674053554936,Yes
-0.09710064635272392,Yes
-0.2551652816251154,No
-0.2131338873499538,No
0.7111874422899355,No
-0.0823416435826408,No
1.1343084025854109,No
-0.0031542012927054342,No
-0.1876934441366574,Yes
0.14907479224376735,No
-0.34228624192059093,No
1.2635198522622346,No
-0.4011597414589104,No
-0.11810895660203137,No
1.2341643582640813,No
-0.29294182825484766,No
-0.37189289012003696,No
-0.37638411819021234,No
0.11926131117266851,No
-0.20933702677746996,No
-0.17928716528162508,No
-0.2408051708217913,Yes
0.065218836565097,No
-0.06622345337026778,No
-0.14672576177285315,No
0.21409418282548484,Yes
1.5726463527239147,No
-0.39248753462603875,Yes
0.7051597414589105,No
0.11853739612188371,No
-0.39677192982456133,No
0.7354312096029547,No
-0.051242843951985216,No
0.26968790397045245,No
-0.19917266851338872,Yes
0.765584487534626,No
0.6373776546629732,No
0.0,No
1.370230840258541,No
-0.2558448753462604,No
-0.3877746999076639,No
-0.3618024007386888,No
0.3293000923361034,No
0.7375438596491228,No
-0.3073905817174515,No
-0.2747848568790397,No
0.26333518005540163,No
0.9544967682363805,Yes
-0.3274976915974146,Yes
1.4960147737765468,No
0.15773222530009234,No
-0.29396121883656506,No
0.24349399815327802,No
1.8796454293628806,No
-0.36184672206832874,Yes
-0.3465854108956602,No
1.7701865189289012,No
0.6097063711911357,No
0.08965466297322258,No
0.500291782086796,No
-0.030633425669436738,No
-0.22210156971375808,No
1.1309252077562326,No
-0.26515235457063707,No
0.30422899353647276,No
0.6177433056325023,No
-0.10689566020313938,No
1.8224561403508772,No
0.41411634349030474,No
0.06028439519852265,No
-0.3876565096952908,Yes
1.435634349030471,No
-0.04862788550323171,No
-0.407039704524469,No
0.1595346260387812,No
-0.0890046168051708,Yes
1.082112650046168,No
0.48049492151431217,No
1.031719298245614,No
0.2636897506925208,No
1.508616805170822,No
-0.02488642659279776,No
-0.12031024930747922,No
-0.3455512465373961,Yes
1.2849270544783007,Yes
-0.35113573407202214,Yes
0.13790581717451528,No
1.3539353647276087,No
0.7401588180978762,No
1.6975143120960294,No
-0.1464007386888273,No
0.9111061865189289,Yes
-0.17500277008310244,No
-0.3671652816251154,Yes
-0.256775623268698,No
2.054212373037858,No
1.0506445060018468,No
-0.31462973222530005,No
-0.27398707294552166,No
0.25466297322253,No
0.00409972299168975,No
-0.2374810710987996,Yes
1.4570563250230841,No
0.0042622345337027315,No
1.608546629732225,No
-0.4069067405355494,No
-0.34244875346260384,No
0.5426038781163435,Yes
-0.09909510618651893,Yes
0.7737987072945522,No
-0.3459796860572484,No
1.6881329639889195,No
1.1947331486611263,Yes
-0.3434533702677747,Yes
0.16590212373037863,No
-0.38780424746075715,Yes
1.2207349953831945,No
0.01956786703601112,No
-0.11004247460757155,No
-0.24978762696214216,No
0.7144376731301939,No
0.0,No
0.5661089566020314,No
0.15997783933518012,No
0.4778356417359188,Yes
-0.276927054478301,No
1.0169307479224377,No
-0.35843397968605717,Yes
-0.407039704524469,No
0.18114866112650047,Yes
1.1057211449676823,No
-0.3924727608494921,Yes
0.08152908587257623,No
-0.32151431209602954,No
0.5242105263157895,No
2.1488827331486613,No
-0.14226408125577097,No
-0.32435087719298245,No
-0.20548107109879962,No
0.28286611265004624,Yes
0.6133850415512466,Yes
-0.40711357340720217,No
0.8984598337950138,No
1.0111985226223454,No
-0.3856620498614958,No
0.050090489381348136,No
-0.04580609418282545,No
-0.24768975069252072,No
-0.3478855032317636,Yes
-0.25597783933518004,No
-0.06331301939058168,No
-0.27527239150507843,No
1.61878485687904,Yes
-0.26488642659279776,Yes
0.7046869806094184,No
-0.2769418282548476,No
-0.40695106186518926,Yes
0.11608494921514312,No
-0.1962326869806094,Yes
-0.018755309325946417,Yes
1.882112650046168,No
-0.1540387811634349,No
0.9465484764542936,No
-0.3793684210526316,Yes
0.11694182825484767,No
-0.150921514312096,No
1.8733370267774703,No
-0.014352723915050731,Yes
0.08550323176361957,No
0.1423527239150508,No
0.7730600184672207,No
-0.2845355493998153,No
1.7131301939058172,No
-0.18241920590951058,No
-0.3811265004616805,No
0.7103896583564173,No
-0.3217063711911357,Yes
-0.28342751615881806,Yes
-0.3980424746075716,Yes
0.7034164358264081,No
0.517089566020314,Yes
1.194156971375808,No
1.0946999076638968,No
-0.3921477377654663,Yes
0.14026962142197602,No
-0.34987996306555863,No
1.2469879963065558,Yes
1.1786592797783935,No
0.1121255771006464,Yes
0.3207608494921515,Yes
-0.3432908587257617,No
1.1307479224376733,Yes
0.2586371191135735,No
-0.38817359187442285,No
0.965000923361034,No
-0.35332225300092335,No
-0.3759852262234533,No
-0.2106962142197599,No
-0.22962142197599258,Yes
-0.0742899353647276,No
0.12081255771006463,No
-0.2347479224376731,No
1.300336103416436,No
-0.25952354570637115,Yes
-0.2658910433979686,No
-0.028299168975069212,Yes
-0.07910618651892888,Yes
-0.4072169898430286,No
-0.3340424746075715,No
-0.33698245614035083,No
-0.15709695290858725,Yes
0.3623047091412743,No
-0.39937211449676824,No
-0.3894145891043398,Yes
-0.0929787626962142,No
-0.3692483841181902,No
0.34651154201292705,No
0.8809381348107109,No
0.6555937211449677,No
0.45106555863342573,No
1.3643213296398893,Yes
-0.4032576177285318,No
0.43871468144044323,No
0.033218836565097005,No
1.1545927977839336,No
0.2868845798707295,Yes
1.9467183748845795,No
0.6346445060018467,Yes
-0.028506001846722043,Yes
-0.3028698060941828,Yes
0.4691486611265005,No
-0.38994644506001847,Yes
-0.24616805170821787,No
-0.3847165281625115,Yes
-0.025329639889196648,No
-0.07734810710987992,Yes
0.27252446906740546,Yes
0.6863527239150508,No
1.0720812557710064,No
1.130792243767313,No
1.4148328716528165,No
0.029865189289012016,No
-0.05580794090489381,No
1.5412520775623266,No
-0.39232502308402584,Yes
-0.24352354570637116,Yes
0.12452077562326876,No
0.11519852262234534,No
-0.10236011080332409,No
1.7089639889196675,No
0.6769713758079409,No
-0.38344598337950137,Yes
-0.1554422899353647,Yes
-0.18230101569713755,Yes
-0.1701569713758079,No
-0.34216805170821785,No
-0.3406906740535549,No
0.5792576177285319,No
-0.37462603878116346,No
1.0577211449676824,No
-0.3049676823638042,Yes
-0.31403878116343487,Yes
0.30332779316712843,No
-0.3999335180055401,Yes
1.0588882733148661,No
0.20469806094182827,No
-0.39959372114496766,Yes
1.0366094182825485,No
0.18946629732225304,No
0.7731191135734072,No
0.3085429362880886,No
0.39993351800554017,No
-0.026496768236380412,No
-0.29956048014773773,No
0.4345189289012005,Yes
-0.2800295475530932,Yes
-0.39709695290858726,No
1.9161662049861494,No
-0.09153093259464447,No
-0.1789916897506925,No
1.8010932594644509,No
0.891397968605725,Yes
1.6085170821791324,No
-0.1706445060018467,No
1.375372114496768,No
0.5801883656509697,Yes
1.025898430286242,No
-0.26243397968605725,No
0.8600627885503233,No
-0.34759002770083103,No
0.7199187442289935,No
-0.39242843951985223,Yes
-0.32576915974145887,No
0.7964173591874423,Yes
-0.3192834718374884,No
0.3704450600184672,No
-0.27354385964912276,No
-0.3488753462603878,Yes
1.2774810710987998,No
-0.26422160664819944,No
-0.3923545706371191,Yes
1.7633462603878118,No
1.7280664819944596,No
-0.2991615881809787,Yes
-0.12884949215143118,No
0.9509658356417359,No
0.5477599261311173,No
0.7335401662049862,No
0.49973037857802405,No
-0.0004358264081255502,No
-0.40390766389658356,Yes
-0.39724469067405355,No
1.613894736842105,Yes
0.21004616805170823,No
1.5875974145891043,No
0.9848568790397046,No
-0.07281255771006462,No
-0.3442068328716528,No
-0.11076638965835639,No
1.1002991689750694,Yes
-0.07985964912280698,Yes
-0.32149953831948286,No
-0.2583564173591874,No
0.842880886426593,No
-0.1852557710064635,No
-0.3400258541089566,No
0.5745595567867037,No
0.7484764542936289,No
0.10352723915050785,Yes
0.4009529085872576,Yes
-0.14765650969529084,No
0.408679593721145,No
1.3290415512465374,No
0.23950507848568797,No
0.23598891966759009,Yes
0.087202216066482,Yes
-0.4068624192059095,Yes
-0.3345152354570637,Yes
0.12964727608494925,Yes
1.483708217913204,Yes
1.0264746075715605,No
1.048960295475531,No
0.047623268698060994,No
0.8529566020313942,No
-0.05295660203139425,No
1.2470470914127425,No
-0.4057691597414589,No
-0.2120406278855032,Yes
-0.24909325946445057,No
1.1346038781163434,No
0.1875752539242844,No
-0.17973037857802396,No
0.03778393351800554,No
0.41572668513388733,Yes
0.6880664819944599,No
0.07523545706371192,No
0.05651708217913207,No
0.5816657433056326,No
-0.18301015697137576,Yes
1.6890193905817172,No
0.8775253924284396,Yes
-0.11946814404432131,No
1.0681071098799633,No
0.39331486611265004,Yes
0.205628808864266,No
-0.11395752539242843,No
-0.38134810710988,Yes
-0.015977839335180002,No
-0.3744783010156971,Yes
1.5947626962142196,No
-0.11079593721144965,No
0.6777396121883656,No
-0.2692594644506001,No
0.779870729455217,Yes
0.9715457063711912,No
-0.3372040627885503,Yes
0.1535364727608495,Yes
-0.390921514312096,Yes
-0.332506001846722,Yes
1.1089418282548478,No
0.6970046168051709,No
0.6643102493074793,No
0.43640997229916895,No
-0.39816066481994455,No
-0.11131301939058169,No
-0.39204432132963984,Yes
-0.1688568790397045,No
-0.34230101569713756,No
-0.1978725761772853,Yes
1.8162363804247463,No
1.5015844875346258,No
0.6585780240073869,No
0.08330193905817179,No
-0.29373961218836564,Yes
-0.13766943674976914,No
0.8653813481071099,No
-0.33519482917820864,No
-0.40132225300092333,No
0.5669067405355493,No
-0.39053739612188365,Yes
0.36277746999076643,No
1.621798707294552,Yes
0.02884579870729455,No
-0.1932927054478301,No
0.0064783010156971915,No
0.17522437673130198,No
1.7626371191135732,No
-0.31055216989843026,No
-0.3223268698060942,Yes
1.6094626038781161,No
