tenure,MonthlyCharges,PhoneService_No,PhoneService_Yes,MultipleLines_No phone service,Churn
-0.6086956521739131,-0.7451701931922723,1.0,-1.0,1.0,No
0.10869565217391304,-0.24655013799448008,0.0,0.0,0.0,No
-0.5869565217391305,-0.3035878564857405,0.0,0.0,0.0,Yes
0.34782608695652173,-0.516099356025759,1.0,-1.0,1.0,No
-0.5869565217391305,0.006439742410303745,0.0,0.0,0.0,Yes
-0.45652173913043476,0.5390984360625578,0.0,0.0,0.0,Yes
-0.15217391304347827,0.344986200551978,0.0,0.0,0.0,No
-0.41304347826086957,-0.7470101195952161,1.0,-1.0,1.0,No
-0.021739130434782608,0.6338546458141675,0.0,0.0,0.0,Yes
0.717391304347826,-0.26126954921803125,0.0,0.0,0.0,No
-0.34782608695652173,-0.37534498620055184,0.0,0.0,0.0,No
-0.2826086956521739,-0.9457221711131554,0.0,0.0,0.0,No
0.6304347826086957,0.5519779208831648,0.0,0.0,0.0,No
0.43478260869565216,0.613615455381785,0.0,0.0,0.0,Yes
-0.08695652173913043,0.6467341306347748,0.0,0.0,0.0,No
0.8695652173913043,0.7893284268629257,0.0,0.0,0.0,No
0.5,-0.9144434222631095,0.0,0.0,0.0,No
0.9130434782608695,0.6688132474701014,0.0,0.0,0.0,No
-0.41304347826086957,-0.27874885004599803,0.0,0.0,0.0,Yes
-0.17391304347826086,0.3624655013799449,0.0,0.0,0.0,No
-0.6086956521739131,-0.5648574057037719,1.0,-1.0,1.0,Yes
-0.3695652173913043,-0.9300827966881325,0.0,0.0,0.0,No
-0.6086956521739131,-0.9236430542778289,0.0,0.0,0.0,Yes
0.6304347826086957,-0.19227230910763562,0.0,0.0,0.0,No
0.43478260869565216,-0.19779208831646722,0.0,0.0,0.0,No
0.021739130434782608,-0.27690892364305425,0.0,0.0,0.0,No
0.391304347826087,0.5335786568537259,0.0,0.0,0.0,Yes
-0.6086956521739131,-0.7387304507819686,1.0,-1.0,1.0,Yes
0.9347826086956522,0.3661453541858327,0.0,0.0,0.0,No
-0.2608695652173913,-0.1039558417663292,0.0,0.0,0.0,Yes
0.9130434782608695,0.4783808647654094,0.0,0.0,0.0,No
-0.5869565217391305,0.46274149034038653,0.0,0.0,0.0,No
-0.043478260869565216,-0.07727690892364285,0.0,0.0,0.0,No
-0.6086956521739131,-0.9227230910763569,0.0,0.0,0.0,No
-0.6086956521739131,-0.4618215271389144,0.0,0.0,0.0,No
0.9347826086956522,0.5436982520699175,0.0,0.0,0.0,No
-0.5217391304347826,-0.011959521619135079,0.0,0.0,0.0,Yes
0.3695652173913043,0.08187672493100281,0.0,0.0,0.0,No
0.10869565217391304,0.6623735050597976,0.0,0.0,0.0,Yes
-0.391304347826087,0.5059797608095676,0.0,0.0,0.0,Yes
-0.41304347826086957,-0.38270469181232747,0.0,0.0,0.0,No
0.8913043478260869,-0.02115915363385449,0.0,0.0,0.0,No
-0.2608695652173913,-0.9126034958601655,0.0,0.0,0.0,No
0.7391304347826086,0.17479300827966884,0.0,0.0,0.0,No
-0.34782608695652173,0.10763569457221728,0.0,0.0,0.0,No
0.43478260869565216,0.26034958601655944,0.0,0.0,0.0,No
-0.5869565217391305,-0.3882244710211591,0.0,0.0,0.0,No
-0.5869565217391305,0.1895124195032201,0.0,0.0,0.0,Yes
0.5,0.17295308187672506,0.0,0.0,0.0,No
0.8695652173913043,-0.1140754369825205,0.0,0.0,0.0,No
0.30434782608695654,0.3661453541858327,0.0,0.0,0.0,No
-0.30434782608695654,0.5289788408463661,0.0,0.0,0.0,Yes
-0.08695652173913043,-0.015639374425022896,0.0,0.0,0.0,No
-0.45652173913043476,0.1895124195032201,0.0,0.0,0.0,Yes
0.6739130434782609,0.0827966881324747,0.0,0.0,0.0,No
-0.2391304347826087,0.46182152713891467,0.0,0.0,0.0,Yes
0.7391304347826086,0.5390984360625578,0.0,0.0,0.0,No
0.8043478260869565,0.7010119595216193,0.0,0.0,0.0,No
0.10869565217391304,-0.8353265869365225,0.0,0.0,0.0,No
0.9347826086956522,0.6835326586936524,0.0,0.0,0.0,No
0.391304347826087,0.5547378104875806,0.0,0.0,0.0,No
0.6739130434782609,0.35970561177552923,0.0,0.0,0.0,No
0.9347826086956522,-0.5197792088316466,1.0,-1.0,1.0,No
-0.2391304347826087,-0.29346826126954917,0.0,0.0,0.0,No
-0.43478260869565216,0.44250229990800394,0.0,0.0,0.0,Yes
-0.5652173913043478,0.09107635694572223,0.0,0.0,0.0,No
0.391304347826087,0.15731370745170214,0.0,0.0,0.0,No
0.043478260869565216,0.16283348666053377,0.0,0.0,0.0,No
0.45652173913043476,-0.9236430542778289,0.0,0.0,0.0,No
-0.41304347826086957,0.17479300827966884,0.0,0.0,0.0,No
-0.6086956521739131,-0.39190432382704693,0.0,0.0,0.0,No
0.5,-0.9190432382704692,0.0,0.0,0.0,No
0.7608695652173914,0.7589696412143515,0.0,0.0,0.0,No
0.717391304347826,-0.8482060717571297,0.0,0.0,0.0,No
-0.5652173913043478,-0.10763569457221701,0.0,0.0,0.0,No
0.5869565217391305,0.7387304507819689,0.0,0.0,0.0,No
0.3695652173913043,-0.27046918123275066,0.0,0.0,0.0,No
-0.45652173913043476,-0.28886844526218947,0.0,0.0,0.0,No
0.021739130434782608,0.08095676172953094,0.0,0.0,0.0,No
0.34782608695652173,-0.8178472861085556,0.0,0.0,0.0,No
-0.6086956521739131,0.1655933762649494,0.0,0.0,0.0,Yes
-0.391304347826087,-0.36430542778288866,1.0,-1.0,1.0,No
-0.4782608695652174,0.08831646734130656,0.0,0.0,0.0,Yes
0.2826086956521739,0.6154553817847287,0.0,0.0,0.0,No
0.43478260869565216,-0.9236430542778289,0.0,0.0,0.0,No
-0.43478260869565216,0.532658693652254,0.0,0.0,0.0,No
0.13043478260869565,-0.15087396504139827,0.0,0.0,0.0,No
0.41304347826086957,-0.9144434222631095,0.0,0.0,0.0,No
0.3695652173913043,-0.9273229070837166,0.0,0.0,0.0,No
0.0,-0.6734130634774609,1.0,-1.0,1.0,No
0.021739130434782608,0.2152713891444343,0.0,0.0,0.0,No
-0.6086956521739131,0.08003679852805905,0.0,0.0,0.0,No
0.8043478260869565,0.25114995400184004,0.0,0.0,0.0,No
0.782608695652174,0.7488500459981602,0.0,0.0,0.0,No
0.9347826086956522,0.5620975160993563,0.0,0.0,0.0,No
-0.3695652173913043,0.15823367065317404,0.0,0.0,0.0,Yes
0.9130434782608695,-0.06439742410303588,0.0,0.0,0.0,No
-0.5217391304347826,-0.907083716651334,0.0,0.0,0.0,Yes
0.5,-0.9080036798528058,0.0,0.0,0.0,No
-0.08695652173913043,0.517939282428703,0.0,0.0,0.0,Yes
-0.6086956521739131,-0.9227230910763569,0.0,0.0,0.0,No
-0.6086956521739131,-0.936522539098436,0.0,0.0,0.0,No
0.1956521739130435,0.4535418583256671,0.0,0.0,0.0,No
0.8043478260869565,-0.45630174793008277,1.0,-1.0,1.0,No
0.8478260869565217,0.7295308187672495,0.0,0.0,0.0,Yes
-0.5217391304347826,-0.8472861085556578,1.0,-1.0,1.0,No
0.9347826086956522,0.6218951241950325,0.0,0.0,0.0,No
0.06521739130434782,-0.7396504139834407,1.0,-1.0,1.0,No
0.30434782608695654,0.4415823367065318,0.0,0.0,0.0,No
0.9347826086956522,-0.937442502299908,0.0,0.0,0.0,No
0.5652173913043478,0.48574057037718504,0.0,0.0,0.0,Yes
0.5,-0.22815087396504127,0.0,0.0,0.0,No
0.30434782608695654,0.39190432382704715,0.0,0.0,0.0,No
0.17391304347826086,0.11315547378104887,0.0,0.0,0.0,Yes
0.7608695652173914,-0.28978840846366133,1.0,-1.0,1.0,No
-0.5652173913043478,0.3587856485740571,0.0,0.0,0.0,No
0.15217391304347827,-0.7230910763569457,1.0,-1.0,1.0,No
-0.41304347826086957,0.5501379944802209,0.0,0.0,0.0,Yes
0.2608695652173913,-0.9144434222631095,0.0,0.0,0.0,No
-0.043478260869565216,0.2732290708371667,0.0,0.0,0.0,No
0.5869565217391305,0.5418583256669735,0.0,0.0,0.0,No
-0.5,-0.9135234590616375,0.0,0.0,0.0,No
-0.5652173913043478,0.07451701931922745,0.0,0.0,0.0,Yes
-0.4782608695652174,-0.36154553817847274,0.0,0.0,0.0,No
-0.5434782608695652,-0.9107635694572217,0.0,0.0,0.0,No
0.08695652173913043,0.3422263109475623,0.0,0.0,0.0,No
-0.043478260869565216,0.141674333026679,0.0,0.0,0.0,Yes
0.9347826086956522,-0.8610855565777369,0.0,0.0,0.0,No
-0.6086956521739131,-0.9310027598896045,0.0,0.0,0.0,No
0.9130434782608695,-0.2557497700091995,1.0,-1.0,1.0,No
-0.34782608695652173,0.2870285188592458,0.0,0.0,0.0,No
-0.08695652173913043,-0.21619135234590606,1.0,-1.0,1.0,Yes
0.8260869565217391,-0.36430542778288866,0.0,0.0,0.0,No
-0.6086956521739131,-0.6421343146274148,1.0,-1.0,1.0,Yes
-0.5869565217391305,-0.4783808647654093,0.0,0.0,0.0,Yes
0.30434782608695654,-0.8215271389144434,0.0,0.0,0.0,No
-0.13043478260869565,0.08555657773689064,0.0,0.0,0.0,No
0.7608695652173914,-0.9227230910763569,0.0,0.0,0.0,No
0.6086956521739131,-0.9337626494940202,0.0,0.0,0.0,No
-0.6086956521739131,0.0018399264029440392,0.0,0.0,0.0,Yes
0.9347826086956522,0.32566697332106725,0.0,0.0,0.0,No
-0.45652173913043476,0.01471941122355127,0.0,0.0,0.0,Yes
0.6956521739130435,0.564857405703772,0.0,0.0,0.0,No
0.7608695652173914,0.25666973321067166,0.0,0.0,0.0,No
0.9130434782608695,-0.8537258509659613,0.0,0.0,0.0,No
0.782608695652174,0.5280588776448943,0.0,0.0,0.0,No
-0.5652173913043478,-0.9337626494940202,0.0,0.0,0.0,No
-0.6086956521739131,-0.4544618215271389,0.0,0.0,0.0,Yes
0.021739130434782608,-0.10763569457221701,0.0,0.0,0.0,No
-0.30434782608695654,-0.015639374425022896,0.0,0.0,0.0,No
-0.45652173913043476,-0.03311867525298983,0.0,0.0,0.0,No
-0.4782608695652174,0.4535418583256671,0.0,0.0,0.0,Yes
0.8913043478260869,0.6954921803127878,0.0,0.0,0.0,No
0.717391304347826,0.2897884084636615,0.0,0.0,0.0,No
-0.5,-0.9319227230910763,0.0,0.0,0.0,No
-0.32608695652173914,0.1941122355105798,0.0,0.0,0.0,No
-0.15217391304347827,0.25390984360625596,0.0,0.0,0.0,No
-0.15217391304347827,-0.9236430542778289,0.0,0.0,0.0,No
-0.2826086956521739,-0.11223551057957673,0.0,0.0,0.0,No
-0.41304347826086957,-0.8215271389144434,0.0,0.0,0.0,No
-0.34782608695652173,-0.264029438822447,0.0,0.0,0.0,No
-0.1956521739130435,0.22171113155473804,0.0,0.0,0.0,Yes
-0.5869565217391305,-0.011959521619135079,0.0,0.0,0.0,No
0.5217391304347826,0.06531738730450803,0.0,0.0,0.0,No
-0.391304347826087,-0.9153633854645814,0.0,0.0,0.0,No
0.8695652173913043,-0.9282428702851886,0.0,0.0,0.0,No
-0.5434782608695652,0.010119595216191563,0.0,0.0,0.0,Yes
0.9347826086956522,0.34406623735050607,0.0,0.0,0.0,No
0.6304347826086957,-0.46090156393744247,1.0,-1.0,1.0,Yes
-0.2826086956521739,-0.9190432382704692,0.0,0.0,0.0,No
0.30434782608695654,0.25574977000919974,0.0,0.0,0.0,No
-0.5869565217391305,0.6264949402023922,0.0,0.0,0.0,Yes
-0.32608695652173914,0.21343146274149052,0.0,0.0,0.0,No
0.5217391304347826,0.4507819687212512,0.0,0.0,0.0,Yes
0.06521739130434782,-0.9162833486660534,0.0,0.0,0.0,No
0.10869565217391304,-0.8399264029438822,0.0,0.0,0.0,No
-0.30434782608695654,0.07543698252069933,0.0,0.0,0.0,Yes
-0.4782608695652174,0.11223551057957698,0.0,0.0,0.0,Yes
-0.30434782608695654,0.6439742410303588,0.0,0.0,0.0,No
0.6956521739130435,-0.9162833486660534,0.0,0.0,0.0,No
-0.6086956521739131,-0.7433302667893283,1.0,-1.0,1.0,Yes
-0.6086956521739131,-0.46090156393744247,0.0,0.0,0.0,No
-0.45652173913043476,0.26034958601655944,0.0,0.0,0.0,Yes
0.08695652173913043,0.08095676172953094,0.0,0.0,0.0,No
-0.34782608695652173,0.16375344986200563,0.0,0.0,0.0,Yes
-0.6086956521739131,-0.8380864765409384,1.0,-1.0,1.0,Yes
-0.1956521739130435,-0.34130634774609014,0.0,0.0,0.0,No
-0.5652173913043478,-0.735050597976081,1.0,-1.0,1.0,No
-0.34782608695652173,-0.9328426862925483,0.0,0.0,0.0,No
0.2391304347826087,-0.2529898804047837,0.0,0.0,0.0,No
0.30434782608695654,0.028518859245630388,0.0,0.0,0.0,No
-0.5,0.3799448022079118,0.0,0.0,0.0,Yes
0.8695652173913043,-0.9310027598896045,0.0,0.0,0.0,No
0.9347826086956522,0.724011039558418,0.0,0.0,0.0,No
0.6521739130434783,-0.939282428702852,0.0,0.0,0.0,No
-0.1956521739130435,0.48206071757129726,0.0,0.0,0.0,No
-0.10869565217391304,-0.8509659613615455,0.0,0.0,0.0,No
0.6521739130434783,0.7543698252069918,0.0,0.0,0.0,No
0.9347826086956522,0.7709291628334869,0.0,0.0,0.0,No
-0.6086956521739131,-0.9126034958601655,0.0,0.0,0.0,No
-0.043478260869565216,0.5804967801287951,0.0,0.0,0.0,No
-0.32608695652173914,0.17847286108555666,0.0,0.0,0.0,No
0.9130434782608695,0.6476540938362467,0.0,0.0,0.0,No
-0.34782608695652173,0.1462741490340387,0.0,0.0,0.0,No
0.32608695652173914,-0.027598896044158237,0.0,0.0,0.0,No
0.08695652173913043,0.17663293468261287,0.0,0.0,0.0,No
0.9347826086956522,-0.27414903403863833,1.0,-1.0,1.0,No
-0.6086956521739131,0.17571297148114098,0.0,0.0,0.0,Yes
-0.21739130434782608,0.6669733210671573,0.0,0.0,0.0,Yes
0.7608695652173914,0.5906163753449865,0.0,0.0,0.0,No
-0.5869565217391305,-0.4480220791168353,0.0,0.0,0.0,Yes
-0.6086956521739131,-0.8298068077276909,1.0,-1.0,1.0,No
0.6956521739130435,-0.9310027598896045,0.0,0.0,0.0,No
0.0,-0.9264029438822448,0.0,0.0,0.0,No
-0.13043478260869565,0.30266789328426874,0.0,0.0,0.0,No
0.6086956521739131,-0.21343146274149025,1.0,-1.0,1.0,No
0.9347826086956522,-0.4618215271389144,1.0,-1.0,1.0,No
0.8043478260869565,-0.2529898804047837,1.0,-1.0,1.0,No
0.782608695652174,0.2548298068077279,0.0,0.0,0.0,No
-0.45652173913043476,0.17755289788408476,0.0,0.0,0.0,No
-0.5434782608695652,-0.003679852805887556,0.0,0.0,0.0,Yes
0.9130434782608695,-0.8390064397424103,0.0,0.0,0.0,No
-0.6086956521739131,-0.9227230910763569,0.0,0.0,0.0,No
-0.5434782608695652,-0.37350505979760806,0.0,0.0,0.0,Yes
-0.3695652173913043,-0.9383624655013799,0.0,0.0,0.0,No
-0.10869565217391304,-0.36338546458141663,1.0,-1.0,1.0,No
0.043478260869565216,0.19871205151793953,0.0,0.0,0.0,No
-0.6086956521739131,-0.27874885004599803,0.0,0.0,0.0,Yes
0.021739130434782608,0.35970561177552923,0.0,0.0,0.0,No
0.391304347826087,0.27506899724011047,0.0,0.0,0.0,No
0.5434782608695652,0.6927322907083718,0.0,0.0,0.0,No
0.45652173913043476,0.4259429622815089,0.0,0.0,0.0,No
-0.6086956521739131,0.2621895124195032,0.0,0.0,0.0,Yes
0.9347826086956522,-0.9218031278748849,0.0,0.0,0.0,No
0.0,-0.8316467341306348,0.0,0.0,0.0,No
-0.5869565217391305,-0.29346826126954917,0.0,0.0,0.0,Yes
-0.41304347826086957,-0.749770009199632,1.0,-1.0,1.0,No
-0.2391304347826087,0.05151793928242892,0.0,0.0,0.0,No
-0.391304347826087,0.4535418583256671,0.0,0.0,0.0,Yes
-0.2826086956521739,-0.9310027598896045,0.0,0.0,0.0,No
0.9347826086956522,0.2989880404783809,0.0,0.0,0.0,No
0.9347826086956522,0.7148114075436984,0.0,0.0,0.0,No
0.2608695652173913,0.08003679852805905,0.0,0.0,0.0,No
0.782608695652174,0.44250229990800394,0.0,0.0,0.0,No
-0.34782608695652173,-0.28610855565777366,0.0,0.0,0.0,No
-0.5434782608695652,0.09199632014719412,0.0,0.0,0.0,No
0.2608695652173913,-0.09843606255749761,0.0,0.0,0.0,No
-0.30434782608695654,0.07451701931922745,0.0,0.0,0.0,Yes
-0.6086956521739131,-0.40110395584176634,0.0,0.0,0.0,Yes
0.2826086956521739,0.5271389144434224,0.0,0.0,0.0,No
0.4782608695652174,0.4259429622815089,0.0,0.0,0.0,No
-0.5869565217391305,0.0009199632014721504,0.0,0.0,0.0,Yes
-0.6086956521739131,-0.5547378104875804,1.0,-1.0,1.0,Yes
0.06521739130434782,0.24563017479300847,0.0,0.0,0.0,No
-0.41304347826086957,-0.9291628334866605,0.0,0.0,0.0,No
0.8260869565217391,-0.19871205151793925,1.0,-1.0,1.0,No
0.6956521739130435,0.8233670653173873,0.0,0.0,0.0,No
0.45652173913043476,0.8095676172953082,0.0,0.0,0.0,No
-0.5869565217391305,-0.4737810487580496,0.0,0.0,0.0,Yes
0.0,-0.4664213431462741,1.0,-1.0,1.0,No
-0.5652173913043478,-0.5372585096596136,1.0,-1.0,1.0,Yes
-0.34782608695652173,0.6724931002759892,0.0,0.0,0.0,Yes
0.6086956521739131,0.3587856485740571,0.0,0.0,0.0,No
0.043478260869565216,-0.3771849126034958,1.0,-1.0,1.0,No
0.34782608695652173,0.7902483900643975,0.0,0.0,0.0,No
0.6956521739130435,0.3265869365225391,0.0,0.0,0.0,No
0.45652173913043476,-0.8362465501379945,0.0,0.0,0.0,No
-0.21739130434782608,0.6375344986200554,0.0,0.0,0.0,No
0.6521739130434783,-0.9383624655013799,0.0,0.0,0.0,Yes
0.9130434782608695,-0.8482060717571297,0.0,0.0,0.0,No
-0.2826086956521739,0.4434222631094758,0.0,0.0,0.0,Yes
0.6086956521739131,-0.19503219871205144,0.0,0.0,0.0,No
-0.6086956521739131,-0.8380864765409384,1.0,-1.0,1.0,Yes
-0.1956521739130435,0.6752529898804049,0.0,0.0,0.0,No
-0.6086956521739131,0.004599816007359706,0.0,0.0,0.0,Yes
-0.5217391304347826,0.2769089236430545,0.0,0.0,0.0,Yes
0.5,0.6384544618215272,0.0,0.0,0.0,Yes
-0.17391304347826086,-0.0993560257589695,0.0,0.0,0.0,No
-0.32608695652173914,-0.28242870285188587,1.0,-1.0,1.0,No
-0.5217391304347826,-0.36430542778288866,0.0,0.0,0.0,No
-0.5,-0.27966881324747006,0.0,0.0,0.0,No
-0.41304347826086957,-0.35234590616375333,0.0,0.0,0.0,No
-0.6086956521739131,-0.8270469181232751,0.0,0.0,0.0,No
0.8478260869565217,-0.29254829806807714,0.0,0.0,0.0,No
-0.2391304347826087,0.45630174793008305,0.0,0.0,0.0,Yes
-0.15217391304347827,0.10395584176632947,0.0,0.0,0.0,No
-0.1956521739130435,-0.4783808647654093,0.0,0.0,0.0,No
-0.6086956521739131,-0.006439742410303484,0.0,0.0,0.0,Yes
-0.45652173913043476,0.07635694572217122,0.0,0.0,0.0,Yes
-0.41304347826086957,-0.4691812327506899,0.0,0.0,0.0,Yes
-0.10869565217391304,0.10579576816927325,0.0,0.0,0.0,Yes
0.13043478260869565,-0.16835326586936508,0.0,0.0,0.0,No
-0.13043478260869565,0.30266789328426874,0.0,0.0,0.0,No
-0.5,0.3495860165593377,0.0,0.0,0.0,No
-0.3695652173913043,-0.9319227230910763,0.0,0.0,0.0,No
-0.6086956521739131,-0.9218031278748849,0.0,0.0,0.0,No
0.9130434782608695,0.10487580496780136,0.0,0.0,0.0,No
0.13043478260869565,0.5602575896964123,0.0,0.0,0.0,No
0.2391304347826087,0.07727690892364311,0.0,0.0,0.0,No
-0.6086956521739131,0.05979760809567618,0.0,0.0,0.0,Yes
-0.13043478260869565,-0.10027598896044139,0.0,0.0,0.0,No
-0.5434782608695652,0.46182152713891467,0.0,0.0,0.0,Yes
-0.5434782608695652,0.36890524379024864,0.0,0.0,0.0,No
0.8478260869565217,-0.18491260349586014,1.0,-1.0,1.0,No
0.1956521739130435,0.2115915363385465,0.0,0.0,0.0,No
0.5,-0.8380864765409384,0.0,0.0,0.0,No
0.06521739130434782,0.08371665133394686,0.0,0.0,0.0,Yes
0.0,0.09567617295308194,0.0,0.0,0.0,No
0.1956521739130435,0.566697332106716,0.0,0.0,0.0,No
0.41304347826086957,0.15455381784728622,0.0,0.0,0.0,No
-0.6086956521739131,-0.9402023919043239,0.0,0.0,0.0,No
-0.15217391304347827,0.34406623735050607,0.0,0.0,0.0,No
0.30434782608695654,0.8224471021159155,0.0,0.0,0.0,No
-0.5217391304347826,-0.018399264029438825,0.0,0.0,0.0,No
-0.5217391304347826,0.18859245630174795,0.0,0.0,0.0,Yes
0.4782608695652174,0.7304507819687214,0.0,0.0,0.0,No
0.9130434782608695,-0.9282428702851886,0.0,0.0,0.0,No
0.1956521739130435,0.18307267709291636,0.0,0.0,0.0,Yes
-0.10869565217391304,0.4195032198712054,0.0,0.0,0.0,Yes
0.13043478260869565,0.38914443422263123,0.0,0.0,0.0,No
0.5434782608695652,0.22263109475620993,0.0,0.0,0.0,Yes
0.9347826086956522,-0.19043238270469173,1.0,-1.0,1.0,No
-0.6086956521739131,-0.47010119595216193,0.0,0.0,0.0,No
-0.43478260869565216,-0.4001839926402943,0.0,0.0,0.0,No
0.8695652173913043,-0.18951241950321984,1.0,-1.0,1.0,No
0.5,0.5952161913523462,0.0,0.0,0.0,No
-0.391304347826087,0.23091076356945744,0.0,0.0,0.0,No
-0.5869565217391305,0.0,0.0,0.0,0.0,Yes
-0.021739130434782608,-0.6338546458141674,1.0,-1.0,1.0,No
-0.2608695652173913,0.22631094756209774,0.0,0.0,0.0,No
0.13043478260869565,-0.9291628334866605,0.0,0.0,0.0,No
-0.45652173913043476,-0.9411223551057957,0.0,0.0,0.0,No
0.3695652173913043,0.45170193192272334,0.0,0.0,0.0,No
-0.4782608695652174,0.06439742410303588,0.0,0.0,0.0,Yes
-0.5869565217391305,0.18859245630174795,0.0,0.0,0.0,Yes
0.8478260869565217,0.10027598896044164,0.0,0.0,0.0,Yes
0.30434782608695654,0.6301747930082797,0.0,0.0,0.0,Yes
0.8478260869565217,0.32750689972401126,0.0,0.0,0.0,No
0.15217391304347827,0.4498620055197793,0.0,0.0,0.0,No
0.7391304347826086,0.6080956761729533,0.0,0.0,0.0,Yes
0.06521739130434782,-0.28886844526218947,0.0,0.0,0.0,No
0.9130434782608695,0.283348666053358,0.0,0.0,0.0,No
0.8043478260869565,-0.05335786568537244,0.0,0.0,0.0,No
0.7391304347826086,-0.9172033118675252,0.0,0.0,0.0,No
0.2608695652173913,-0.9218031278748849,0.0,0.0,0.0,No
-0.6086956521739131,0.03219871205151794,0.0,0.0,0.0,No
-0.5869565217391305,0.36890524379024864,0.0,0.0,0.0,Yes
0.8913043478260869,-0.936522539098436,0.0,0.0,0.0,No
-0.13043478260869565,-0.46734130634774596,1.0,-1.0,1.0,No
0.7608695652173914,0.49034038638454475,0.0,0.0,0.0,No
0.17391304347826086,-0.13891444342226308,0.0,0.0,0.0,No
-0.2608695652173913,-0.4737810487580496,0.0,0.0,0.0,No
-0.4782608695652174,0.3459061637534501,0.0,0.0,0.0,No
-0.5434782608695652,0.26586936522539106,0.0,0.0,0.0,Yes
-0.17391304347826086,-0.5234590616375345,1.0,-1.0,1.0,Yes
-0.41304347826086957,0.18215271389144447,0.0,0.0,0.0,Yes
-0.2826086956521739,-0.2989880404783808,0.0,0.0,0.0,No
0.7608695652173914,0.6421343146274151,0.0,0.0,0.0,No
-0.043478260869565216,-0.7286108555657773,1.0,-1.0,1.0,Yes
0.2826086956521739,0.4921803127874885,0.0,0.0,0.0,No
-0.5217391304347826,-0.9227230910763569,0.0,0.0,0.0,No
0.2608695652173913,0.5234590616375346,0.0,0.0,0.0,No
0.6304347826086957,-0.36890524379024836,0.0,0.0,0.0,No
0.391304347826087,-0.9162833486660534,0.0,0.0,0.0,No
-0.2391304347826087,0.10211591536338568,0.0,0.0,0.0,No
-0.5217391304347826,0.48114075436982534,0.0,0.0,0.0,Yes
-0.13043478260869565,-0.19135234590616362,0.0,0.0,0.0,No
-0.6086956521739131,-0.9420423183072677,0.0,0.0,0.0,No
0.9130434782608695,0.5206991720331189,0.0,0.0,0.0,No
0.9347826086956522,0.7773689052437903,0.0,0.0,0.0,No
0.08695652173913043,-0.9153633854645814,0.0,0.0,0.0,No
-0.5869565217391305,0.28150873965041423,0.0,0.0,0.0,Yes
-0.10869565217391304,-0.6366145354185833,1.0,-1.0,1.0,No
0.5869565217391305,0.5409383624655015,0.0,0.0,0.0,No
0.17391304347826086,0.4737810487580497,0.0,0.0,0.0,No
0.30434782608695654,0.2713891444342227,0.0,0.0,0.0,No
-0.6086956521739131,-0.8279668813247469,1.0,-1.0,1.0,No
-0.08695652173913043,0.6366145354185835,0.0,0.0,0.0,Yes
0.6956521739130435,0.35510579576816953,0.0,0.0,0.0,No
-0.2608695652173913,0.3017479300827968,0.0,0.0,0.0,No
0.2608695652173913,0.2916283348666055,0.0,0.0,0.0,No
-0.6086956521739131,-0.36246550137994477,0.0,0.0,0.0,Yes
0.9347826086956522,-0.10211591536338542,1.0,-1.0,1.0,No
-0.6086956521739131,0.3771849126034959,0.0,0.0,0.0,Yes
0.41304347826086957,0.6945722171113157,0.0,0.0,0.0,No
-0.391304347826087,-0.9273229070837166,0.0,0.0,0.0,Yes
0.5652173913043478,0.2778288868445264,0.0,0.0,0.0,Yes
0.2826086956521739,-0.2870285188592456,1.0,-1.0,1.0,No
0.32608695652173914,0.36890524379024864,0.0,0.0,0.0,No
-0.6086956521739131,-0.4848206071757129,0.0,0.0,0.0,No
-0.043478260869565216,0.4645814167433303,0.0,0.0,0.0,No
-0.043478260869565216,0.26586936522539106,0.0,0.0,0.0,No
-0.5869565217391305,-0.47930082796688134,0.0,0.0,0.0,No
-0.21739130434782608,-0.9282428702851886,0.0,0.0,0.0,No
0.2826086956521739,0.454461821527139,0.0,0.0,0.0,No
0.8043478260869565,0.3624655013799449,0.0,0.0,0.0,No
0.08695652173913043,0.7276908923643057,0.0,0.0,0.0,No
0.10869565217391304,0.06623735050597993,0.0,0.0,0.0,Yes
0.08695652173913043,-0.28978840846366133,1.0,-1.0,1.0,No
-0.13043478260869565,-0.9254829806807728,0.0,0.0,0.0,No
0.06521739130434782,-0.9310027598896045,0.0,0.0,0.0,No
-0.391304347826087,-0.9254829806807728,0.0,0.0,0.0,No
0.8695652173913043,0.5354185832566699,0.0,0.0,0.0,Yes
0.8478260869565217,-0.26586936522539095,0.0,0.0,0.0,No
-0.1956521739130435,-0.9319227230910763,0.0,0.0,0.0,No
0.9347826086956522,-0.9300827966881325,0.0,0.0,0.0,No
0.6739130434782609,0.46090156393744275,0.0,0.0,0.0,No
0.06521739130434782,0.4342226310947564,0.0,0.0,0.0,No
-0.6086956521739131,-0.9282428702851886,0.0,0.0,0.0,Yes
-0.6086956521739131,-0.9337626494940202,0.0,0.0,0.0,Yes
-0.5652173913043478,0.20239190432382706,0.0,0.0,0.0,Yes
0.3695652173913043,-0.8445262189512419,0.0,0.0,0.0,No
0.0,0.08463661453541875,0.0,0.0,0.0,No
0.4782608695652174,0.31278748850046,0.0,0.0,0.0,No
0.41304347826086957,0.005519779208831856,0.0,0.0,0.0,No
-0.2826086956521739,0.053357865685372693,0.0,0.0,0.0,No
0.8913043478260869,0.5216191352345908,0.0,0.0,0.0,No
0.2391304347826087,-0.8380864765409384,0.0,0.0,0.0,No
-0.15217391304347827,0.23827046918123282,0.0,0.0,0.0,Yes
-0.6086956521739131,0.09107635694572223,0.0,0.0,0.0,Yes
-0.5217391304347826,-0.8472861085556578,0.0,0.0,0.0,No
-0.4782608695652174,-0.009199632014719412,0.0,0.0,0.0,No
0.0,0.5556577736890526,0.0,0.0,0.0,No
0.32608695652173914,-0.8215271389144434,0.0,0.0,0.0,No
-0.41304347826086957,-0.545538178472861,1.0,-1.0,1.0,No
0.5652173913043478,-0.34406623735050595,0.0,0.0,0.0,No
0.5,0.6393744250229991,0.0,0.0,0.0,No
-0.41304347826086957,0.2870285188592458,0.0,0.0,0.0,No
-0.2391304347826087,0.09659613615455383,0.0,0.0,0.0,No
0.8478260869565217,-0.22263109475620968,0.0,0.0,0.0,No
0.6956521739130435,-0.937442502299908,0.0,0.0,0.0,Yes
0.9347826086956522,-0.09475620975160978,1.0,-1.0,1.0,No
-0.5869565217391305,-0.31094756209751595,0.0,0.0,0.0,No
-0.3695652173913043,-0.4590616375344986,0.0,0.0,0.0,Yes
0.2608695652173913,-0.9310027598896045,0.0,0.0,0.0,No
-0.06521739130434782,-0.4765409383624654,1.0,-1.0,1.0,No
0.15217391304347827,-0.9107635694572217,0.0,0.0,0.0,No
0.9347826086956522,0.8040478380864767,0.0,0.0,0.0,No
0.13043478260869565,0.3587856485740571,0.0,0.0,0.0,No
-0.6086956521739131,-0.28150873965041395,0.0,0.0,0.0,No
-0.2826086956521739,0.7838086476540941,0.0,0.0,0.0,No
0.43478260869565216,0.5740570377184914,0.0,0.0,0.0,No
0.5434782608695652,0.8150873965041401,0.0,0.0,0.0,No
-0.2391304347826087,-0.10211591536338542,0.0,0.0,0.0,No
0.15217391304347827,0.1849126034958604,0.0,0.0,0.0,No
0.6739130434782609,0.6540938362465504,0.0,0.0,0.0,Yes
-0.6086956521739131,-0.014719411223551008,0.0,0.0,0.0,Yes
0.5,-0.8334866605335787,0.0,0.0,0.0,No
-0.45652173913043476,0.4489420423183074,0.0,0.0,0.0,No
0.9347826086956522,0.6467341306347748,0.0,0.0,0.0,No
0.7608695652173914,-0.8399264029438822,0.0,0.0,0.0,No
-0.15217391304347827,-0.01103955841766319,0.0,0.0,0.0,No
0.6739130434782609,-0.18675252989880392,1.0,-1.0,1.0,No
-0.021739130434782608,0.19687212511499547,0.0,0.0,0.0,Yes
0.6956521739130435,-0.8454461821527139,0.0,0.0,0.0,No
-0.10869565217391304,0.6218951241950325,0.0,0.0,0.0,No
-0.021739130434782608,0.4149034038638457,0.0,0.0,0.0,No
0.021739130434782608,0.19227230910763576,0.0,0.0,0.0,No
-0.5869565217391305,-0.9264029438822448,0.0,0.0,0.0,No
-0.6086956521739131,0.08739650413983442,0.0,0.0,0.0,No
-0.5,-0.9328426862925483,0.0,0.0,0.0,No
-0.10869565217391304,-0.016559337626494783,0.0,0.0,0.0,No
-0.5434782608695652,0.566697332106716,0.0,0.0,0.0,Yes
-0.4782608695652174,0.5418583256669735,0.0,0.0,0.0,Yes
0.9347826086956522,0.8408463661453544,0.0,0.0,0.0,No
0.8913043478260869,-0.5574977000919963,1.0,-1.0,1.0,No
0.7608695652173914,0.5841766329346827,0.0,0.0,0.0,No
0.9347826086956522,0.3560257589696414,0.0,0.0,0.0,No
0.32608695652173914,-0.9282428702851886,0.0,0.0,0.0,No
-0.34782608695652173,-0.2649494020239189,0.0,0.0,0.0,Yes
-0.2608695652173913,-0.9144434222631095,0.0,0.0,0.0,No
-0.6086956521739131,-0.28242870285188587,0.0,0.0,0.0,Yes
-0.43478260869565216,-0.005519779208831595,0.0,0.0,0.0,No
-0.10869565217391304,-0.3081876724931002,0.0,0.0,0.0,No
-0.6086956521739131,0.08003679852805905,0.0,0.0,0.0,Yes
-0.10869565217391304,0.18215271389144447,0.0,0.0,0.0,Yes
0.13043478260869565,0.10487580496780136,0.0,0.0,0.0,No
-0.4782608695652174,0.09843606255749787,0.0,0.0,0.0,No
-0.5217391304347826,0.4737810487580497,0.0,0.0,0.0,Yes
-0.30434782608695654,-0.02483900643974231,0.0,0.0,0.0,Yes
-0.391304347826087,-0.9328426862925483,0.0,0.0,0.0,No
0.41304347826086957,-0.46090156393744247,1.0,-1.0,1.0,Yes
-0.1956521739130435,0.20423183072677112,0.0,0.0,0.0,No
0.9347826086956522,0.7019319227230912,0.0,0.0,0.0,No
-0.45652173913043476,0.24287028518859252,0.0,0.0,0.0,Yes
0.9347826086956522,0.26034958601655944,0.0,0.0,0.0,No
-0.30434782608695654,0.5482980680772772,0.0,0.0,0.0,No
0.9347826086956522,0.3357865685372585,0.0,0.0,0.0,No
-0.6304347826086957,-0.32750689972401104,1.0,-1.0,1.0,No
-0.6086956521739131,0.0735970561177553,0.0,0.0,0.0,Yes
0.7391304347826086,0.6338546458141675,0.0,0.0,0.0,No
-0.5869565217391305,-0.20883164673413054,0.0,0.0,0.0,No
-0.5869565217391305,0.07451701931922745,0.0,0.0,0.0,Yes
0.6956521739130435,-0.11591536338546454,0.0,0.0,0.0,No
-0.6086956521739131,-0.9190432382704692,0.0,0.0,0.0,No
-0.15217391304347827,-0.4894204231830726,1.0,-1.0,1.0,Yes
-0.021739130434782608,-0.17387304507819681,0.0,0.0,0.0,No
0.8913043478260869,-0.9300827966881325,0.0,0.0,0.0,No
-0.5217391304347826,-0.7709291628334866,1.0,-1.0,1.0,Yes
-0.3695652173913043,0.5400183992640296,0.0,0.0,0.0,Yes
0.10869565217391304,0.8445262189512421,0.0,0.0,0.0,No
0.9130434782608695,0.19043238270469198,0.0,0.0,0.0,No
0.8913043478260869,-0.09475620975160978,0.0,0.0,0.0,No
0.5,0.25206991720331196,0.0,0.0,0.0,No
0.8695652173913043,0.16743330266789347,0.0,0.0,0.0,No
-0.1956521739130435,0.4369825206991721,0.0,0.0,0.0,Yes
-0.391304347826087,0.14075436982520712,0.0,0.0,0.0,No
-0.5869565217391305,0.4388224471021161,0.0,0.0,0.0,Yes
-0.5,0.18675252989880417,0.0,0.0,0.0,Yes
-0.6086956521739131,-0.9291628334866605,0.0,0.0,0.0,No
-0.1956521739130435,0.4406623735050599,0.0,0.0,0.0,No
0.6956521739130435,0.6642134314627417,0.0,0.0,0.0,No
-0.5217391304347826,0.0735970561177553,0.0,0.0,0.0,Yes
0.5869565217391305,0.6458141674333029,0.0,0.0,0.0,No
0.021739130434782608,0.4535418583256671,0.0,0.0,0.0,No
0.2391304347826087,0.6338546458141675,0.0,0.0,0.0,Yes
-0.021739130434782608,-0.29530818767249306,0.0,0.0,0.0,No
-0.5217391304347826,-0.005519779208831595,0.0,0.0,0.0,No
-0.043478260869565216,0.08923643054277845,0.0,0.0,0.0,Yes
-0.3695652173913043,-0.9254829806807728,0.0,0.0,0.0,No
0.8260869565217391,0.644894204231831,0.0,0.0,0.0,No
0.0,-0.3449862005519778,0.0,0.0,0.0,No
0.5652173913043478,0.2787488500459983,0.0,0.0,0.0,No
-0.13043478260869565,0.09659613615455383,0.0,0.0,0.0,Yes
0.10869565217391304,0.5464581416743332,0.0,0.0,0.0,Yes
0.5,0.3845446182152715,0.0,0.0,0.0,No
0.9347826086956522,0.8353265869365227,0.0,0.0,0.0,No
0.6304347826086957,0.4480220791168355,0.0,0.0,0.0,No
0.13043478260869565,-0.9337626494940202,0.0,0.0,0.0,No
0.5869565217391305,0.5436982520699175,0.0,0.0,0.0,No
-0.10869565217391304,-0.906163753449862,0.0,0.0,0.0,No
0.8913043478260869,-0.9254829806807728,0.0,0.0,0.0,No
-0.5869565217391305,0.17663293468261287,0.0,0.0,0.0,No
0.8478260869565217,0.677092916283349,0.0,0.0,0.0,No
-0.6086956521739131,0.2695492180312789,0.0,0.0,0.0,Yes
-0.3695652173913043,0.35326586936522547,0.0,0.0,0.0,No
0.7391304347826086,0.20607175712971487,0.0,0.0,0.0,No
0.08695652173913043,-0.21895124195032184,0.0,0.0,0.0,No
0.8695652173913043,0.46550137994480245,0.0,0.0,0.0,No
0.6739130434782609,0.18859245630174795,0.0,0.0,0.0,No
0.9347826086956522,0.7865685372585097,0.0,0.0,0.0,No
-0.391304347826087,-0.20975160993560243,0.0,0.0,0.0,No
-0.6086956521739131,-0.9346826126954922,0.0,0.0,0.0,No
-0.41304347826086957,0.2888684452621896,0.0,0.0,0.0,Yes
-0.34782608695652173,-0.45630174793008277,1.0,-1.0,1.0,Yes
0.10869565217391304,0.15823367065317404,0.0,0.0,0.0,No
0.21739130434782608,0.2934682612695493,0.0,0.0,0.0,Yes
0.782608695652174,0.6384544618215272,0.0,0.0,0.0,No
0.45652173913043476,0.5804967801287951,0.0,0.0,0.0,No
-0.30434782608695654,-0.9310027598896045,0.0,0.0,0.0,No
0.9347826086956522,0.7350505979760811,0.0,0.0,0.0,No
0.9347826086956522,0.8325666973321068,0.0,0.0,0.0,No
0.5652173913043478,-0.9383624655013799,0.0,0.0,0.0,No
-0.13043478260869565,-0.8233670653173872,0.0,0.0,0.0,No
0.06521739130434782,0.18399264029438825,0.0,0.0,0.0,Yes
0.5869565217391305,-0.029438822447102015,0.0,0.0,0.0,No
-0.6086956521739131,-0.9282428702851886,0.0,0.0,0.0,No
0.1956521739130435,0.004599816007359706,0.0,0.0,0.0,No
-0.391304347826087,-0.0027598896044156666,0.0,0.0,0.0,No
-0.6086956521739131,-0.3873045078196872,0.0,0.0,0.0,No
0.5869565217391305,0.6789328426862927,0.0,0.0,0.0,No
-0.5652173913043478,-0.8601655933762649,0.0,0.0,0.0,No
-0.4782608695652174,-0.011959521619135079,0.0,0.0,0.0,No
0.6521739130434783,0.5363385464581418,0.0,0.0,0.0,No
-0.4782608695652174,-0.11131554737810484,0.0,0.0,0.0,No
0.9130434782608695,0.009199632014719412,0.0,0.0,0.0,No
-0.30434782608695654,0.5804967801287951,0.0,0.0,0.0,No
0.9130434782608695,0.0579576816927324,0.0,0.0,0.0,No
0.13043478260869565,0.5501379944802209,0.0,0.0,0.0,Yes
-0.391304347826087,-0.5510579576816927,1.0,-1.0,1.0,No
0.6739130434782609,-0.9402023919043239,0.0,0.0,0.0,No
0.391304347826087,-0.19779208831646722,0.0,0.0,0.0,No
-0.391304347826087,-0.10027598896044139,0.0,0.0,0.0,No
0.5869565217391305,0.5510579576816929,0.0,0.0,0.0,Yes
-0.021739130434782608,0.7451701931922724,0.0,0.0,0.0,No
0.6956521739130435,0.19687212511499547,0.0,0.0,0.0,No
0.043478260869565216,0.5096596136154555,0.0,0.0,0.0,No
-0.43478260869565216,0.002759889604415928,0.0,0.0,0.0,No
0.13043478260869565,0.4452621895124196,0.0,0.0,0.0,No
-0.5869565217391305,-0.9328426862925483,0.0,0.0,0.0,No
-0.3695652173913043,-0.9448022079116836,0.0,0.0,0.0,Yes
-0.6086956521739131,0.09107635694572223,0.0,0.0,0.0,Yes
-0.5434782608695652,0.346826126954922,0.0,0.0,0.0,Yes
-0.6086956521739131,-0.9448022079116836,0.0,0.0,0.0,No
-0.5652173913043478,-0.9264029438822448,0.0,0.0,0.0,No
-0.6086956521739131,0.2824287028518861,0.0,0.0,0.0,Yes
0.5,-0.13063477460901554,0.0,0.0,0.0,No
-0.5217391304347826,-0.9245630174793008,0.0,0.0,0.0,No
0.9347826086956522,0.5298988040478384,0.0,0.0,0.0,No
0.9130434782608695,0.36890524379024864,0.0,0.0,0.0,No
0.9347826086956522,0.7644894204231834,0.0,0.0,0.0,No
0.3695652173913043,-0.8362465501379945,0.0,0.0,0.0,No
0.7391304347826086,0.24195032198712063,0.0,0.0,0.0,No
0.021739130434782608,0.25666973321067166,0.0,0.0,0.0,No
-0.6086956521739131,-0.4553817847286108,0.0,0.0,0.0,No
-0.3695652173913043,-0.1600735970561177,0.0,0.0,0.0,Yes
-0.2826086956521739,-0.2851885924563016,1.0,-1.0,1.0,No
-0.5434782608695652,-0.0883164673413063,0.0,0.0,0.0,No
0.4782608695652174,0.3679852805887765,0.0,0.0,0.0,No
0.782608695652174,-0.9190432382704692,0.0,0.0,0.0,No
-0.2826086956521739,0.07727690892364311,0.0,0.0,0.0,No
-0.5869565217391305,-0.9273229070837166,0.0,0.0,0.0,No
0.8043478260869565,0.07175712971481152,0.0,0.0,0.0,No
0.3695652173913043,0.7046918123275072,0.0,0.0,0.0,No
0.06521739130434782,0.721251149954002,0.0,0.0,0.0,No
0.9347826086956522,0.29990800367985304,0.0,0.0,0.0,No
0.1956521739130435,0.19595216191352358,0.0,0.0,0.0,No
0.4782608695652174,-0.4139834406623734,0.0,0.0,0.0,No
0.9347826086956522,0.8132474701011961,0.0,0.0,0.0,No
0.782608695652174,0.6421343146274151,0.0,0.0,0.0,Yes
-0.43478260869565216,-0.7433302667893283,1.0,-1.0,1.0,Yes
-0.43478260869565216,-0.09843606255749761,0.0,0.0,0.0,Yes
0.8043478260869565,-0.9162833486660534,0.0,0.0,0.0,No
0.32608695652173914,0.7258509659613617,0.0,0.0,0.0,No
0.45652173913043476,-0.015639374425022896,0.0,0.0,0.0,No
-0.30434782608695654,-0.3955841766329346,0.0,0.0,0.0,No
-0.45652173913043476,-0.8298068077276909,1.0,-1.0,1.0,No
0.8043478260869565,0.5979760809567618,0.0,0.0,0.0,No
0.6086956521739131,0.31646734130634785,0.0,0.0,0.0,No
-0.4782608695652174,0.1508739650413984,0.0,0.0,0.0,No
-0.41304347826086957,-0.6586936522539099,1.0,-1.0,1.0,No
0.717391304347826,0.39926402943882255,0.0,0.0,0.0,No
0.2391304347826087,0.27046918123275077,0.0,0.0,0.0,No
-0.1956521739130435,-0.9319227230910763,0.0,0.0,0.0,No
-0.4782608695652174,-0.9264029438822448,0.0,0.0,0.0,Yes
-0.08695652173913043,0.45630174793008305,0.0,0.0,0.0,No
-0.13043478260869565,0.25574977000919974,0.0,0.0,0.0,No
0.8043478260869565,0.6301747930082797,0.0,0.0,0.0,No
0.9347826086956522,0.7598896044158236,0.0,0.0,0.0,No
0.43478260869565216,0.3624655013799449,0.0,0.0,0.0,Yes
0.30434782608695654,0.7433302667893286,0.0,0.0,0.0,Yes
0.3695652173913043,-0.28242870285188587,0.0,0.0,0.0,No
0.9347826086956522,0.3587856485740571,0.0,0.0,0.0,No
-0.41304347826086957,-0.9199632014719411,0.0,0.0,0.0,No
0.2391304347826087,-0.29070837166513336,1.0,-1.0,1.0,No
0.782608695652174,0.6467341306347748,0.0,0.0,0.0,Yes
0.043478260869565216,0.5354185832566699,0.0,0.0,0.0,No
0.8478260869565217,0.010119595216191563,0.0,0.0,0.0,No
0.5869565217391305,0.6292548298068078,0.0,0.0,0.0,Yes
-0.41304347826086957,0.2741490340386386,0.0,0.0,0.0,Yes
0.8478260869565217,-0.8270469181232751,0.0,0.0,0.0,No
0.30434782608695654,-0.26126954921803125,0.0,0.0,0.0,Yes
-0.6086956521739131,0.35326586936522547,0.0,0.0,0.0,Yes
0.43478260869565216,0.3587856485740571,0.0,0.0,0.0,No
-0.30434782608695654,-0.8298068077276909,0.0,0.0,0.0,No
-0.1956521739130435,0.4452621895124196,0.0,0.0,0.0,Yes
-0.6086956521739131,-0.45354185832566685,0.0,0.0,0.0,Yes
0.45652173913043476,-0.012879484820606968,0.0,0.0,0.0,No
-0.5869565217391305,0.3523459061637536,0.0,0.0,0.0,Yes
-0.10869565217391304,-0.006439742410303484,0.0,0.0,0.0,No
-0.5652173913043478,-0.014719411223551008,0.0,0.0,0.0,Yes
-0.6086956521739131,0.078196872125115,0.0,0.0,0.0,Yes
0.13043478260869565,-0.9245630174793008,0.0,0.0,0.0,No
-0.2608695652173913,-0.8380864765409384,0.0,0.0,0.0,No
-0.45652173913043476,-0.9328426862925483,0.0,0.0,0.0,Yes
-0.41304347826086957,0.4553817847286109,0.0,0.0,0.0,No
0.8478260869565217,0.3403863845446182,0.0,0.0,0.0,No
0.34782608695652173,0.15547378104875811,0.0,0.0,0.0,No
-0.5869565217391305,-0.9291628334866605,0.0,0.0,0.0,Yes
0.17391304347826086,-0.9199632014719411,0.0,0.0,0.0,No
-0.5434782608695652,-0.8482060717571297,1.0,-1.0,1.0,Yes
-0.41304347826086957,-0.4618215271389144,0.0,0.0,0.0,No
-0.6086956521739131,-0.9254829806807728,0.0,0.0,0.0,No
0.782608695652174,-0.014719411223551008,0.0,0.0,0.0,No
0.6086956521739131,-0.9356025758969642,0.0,0.0,0.0,No
-0.5652173913043478,0.08095676172953094,0.0,0.0,0.0,No
-0.5869565217391305,-0.012879484820606968,0.0,0.0,0.0,Yes
0.43478260869565216,-0.7387304507819686,1.0,-1.0,1.0,No
-0.5434782608695652,-0.4544618215271389,0.0,0.0,0.0,Yes
0.8913043478260869,-0.2309107635694572,1.0,-1.0,1.0,No
0.5217391304347826,-0.9291628334866605,0.0,0.0,0.0,No
0.5217391304347826,-0.8242870285188593,0.0,0.0,0.0,No
-0.6086956521739131,0.08647654093836253,0.0,0.0,0.0,Yes
-0.15217391304347827,-0.8371665133394663,0.0,0.0,0.0,No
0.5,-0.390064397424103,1.0,-1.0,1.0,Yes
0.782608695652174,0.735970561177553,0.0,0.0,0.0,No
0.41304347826086957,-0.8426862925482981,0.0,0.0,0.0,No
-0.5869565217391305,-0.6559337626494939,1.0,-1.0,1.0,Yes
-0.5652173913043478,0.6918123275068999,0.0,0.0,0.0,No
0.34782608695652173,0.20331186752529923,0.0,0.0,0.0,No
-0.6086956521739131,0.17755289788408476,0.0,0.0,0.0,Yes
0.6956521739130435,0.06347746090156399,0.0,0.0,0.0,No
-0.5652173913043478,-0.1094756209751608,0.0,0.0,0.0,No
0.2391304347826087,0.6145354185832569,0.0,0.0,0.0,No
-0.6086956521739131,0.013799448022079119,0.0,0.0,0.0,No
-0.6086956521739131,-0.3762649494020239,0.0,0.0,0.0,No
0.4782608695652174,-0.841766329346826,0.0,0.0,0.0,No
-0.5869565217391305,-0.3882244710211591,0.0,0.0,0.0,Yes
0.5,-0.7405703771849126,1.0,-1.0,1.0,No
0.4782608695652174,0.24011039558417688,0.0,0.0,0.0,No
-0.6086956521739131,-0.9181232750689972,0.0,0.0,0.0,No
0.043478260869565216,0.09015639374425034,0.0,0.0,0.0,No
0.391304347826087,-0.9162833486660534,0.0,0.0,0.0,No
-0.5652173913043478,0.08739650413983442,0.0,0.0,0.0,Yes
-0.15217391304347827,-0.9254829806807728,0.0,0.0,0.0,No
-0.6086956521739131,-0.9144434222631095,0.0,0.0,0.0,No
0.9347826086956522,0.2723091076356948,0.0,0.0,0.0,No
-0.5652173913043478,-0.37166513339466417,0.0,0.0,0.0,Yes
0.391304347826087,0.268629254829807,0.0,0.0,0.0,No
0.9347826086956522,-0.07083716651333936,0.0,0.0,0.0,No
0.8043478260869565,-0.12971481140754365,0.0,0.0,0.0,No
0.13043478260869565,0.23551057957681715,0.0,0.0,0.0,No
0.0,0.2677092916283351,0.0,0.0,0.0,No
-0.5869565217391305,-0.9162833486660534,0.0,0.0,0.0,No
-0.5434782608695652,-0.3882244710211591,0.0,0.0,0.0,No
-0.08695652173913043,0.17479300827966884,0.0,0.0,0.0,Yes
0.782608695652174,-0.19779208831646722,0.0,0.0,0.0,No
-0.043478260869565216,0.6310947562097519,0.0,0.0,0.0,No
0.0,0.09107635694572223,0.0,0.0,0.0,No
0.0,0.17939282428702855,0.0,0.0,0.0,No
-0.6086956521739131,-0.9346826126954922,0.0,0.0,0.0,Yes
-0.1956521739130435,0.19595216191352358,0.0,0.0,0.0,No
0.6304347826086957,-0.8399264029438822,0.0,0.0,0.0,No
-0.32608695652173914,0.2879484820607177,0.0,0.0,0.0,No
0.9347826086956522,-0.8270469181232751,0.0,0.0,0.0,No
0.3695652173913043,0.3459061637534501,0.0,0.0,0.0,No
0.9130434782608695,-0.22263109475620968,1.0,-1.0,1.0,No
0.06521739130434782,0.28150873965041423,0.0,0.0,0.0,No
-0.06521739130434782,-0.36798528058877633,1.0,-1.0,1.0,No
0.8478260869565217,0.18399264029438825,0.0,0.0,0.0,No
-0.5869565217391305,-0.9227230910763569,0.0,0.0,0.0,No
0.6956521739130435,-0.9162833486660534,0.0,0.0,0.0,No
-0.5434782608695652,0.2870285188592458,0.0,0.0,0.0,Yes
-0.5652173913043478,-0.4599816007359705,0.0,0.0,0.0,Yes
0.08695652173913043,0.4443422263109477,0.0,0.0,0.0,Yes
-0.43478260869565216,-0.9034038638454461,0.0,0.0,0.0,No
-0.15217391304347827,-0.8114075436982521,0.0,0.0,0.0,No
-0.5217391304347826,0.19319227230910765,0.0,0.0,0.0,No
0.021739130434782608,0.39282428702851907,0.0,0.0,0.0,Yes
0.782608695652174,0.07083716651333963,0.0,0.0,0.0,No
0.34782608695652173,0.31094756209751623,0.0,0.0,0.0,Yes
-0.5217391304347826,-0.9199632014719411,0.0,0.0,0.0,No
-0.08695652173913043,0.09475620975161005,0.0,0.0,0.0,No
0.9347826086956522,0.16007359705611782,0.0,0.0,0.0,No
-0.043478260869565216,0.36430542778288894,0.0,0.0,0.0,No
0.06521739130434782,-0.36338546458141663,1.0,-1.0,1.0,No
0.021739130434782608,0.737810487580497,0.0,0.0,0.0,No
0.8913043478260869,0.5639374425023,0.0,0.0,0.0,No
0.2826086956521739,0.1655933762649494,0.0,0.0,0.0,No
0.9347826086956522,0.3587856485740571,0.0,0.0,0.0,No
0.391304347826087,-0.09843606255749761,0.0,0.0,0.0,No
-0.5869565217391305,0.18583256669733228,0.0,0.0,0.0,No
-0.41304347826086957,0.5188592456301749,0.0,0.0,0.0,Yes
0.6956521739130435,-0.8509659613615455,0.0,0.0,0.0,No
-0.5217391304347826,-0.48390064397424104,0.0,0.0,0.0,No
0.9347826086956522,0.7442502299908005,0.0,0.0,0.0,No
0.9347826086956522,0.8206071757129717,0.0,0.0,0.0,No
-0.5652173913043478,0.08647654093836253,0.0,0.0,0.0,No
0.41304347826086957,-0.9402023919043239,0.0,0.0,0.0,No
0.7391304347826086,0.3624655013799449,0.0,0.0,0.0,No
-0.043478260869565216,-0.2511499540018398,0.0,0.0,0.0,No
0.8913043478260869,0.1803127874885007,0.0,0.0,0.0,No
-0.4782608695652174,0.018399264029438825,0.0,0.0,0.0,No
-0.6304347826086957,-0.9218031278748849,0.0,0.0,0.0,No
-0.5869565217391305,0.3679852805887765,0.0,0.0,0.0,No
-0.1956521739130435,0.5188592456301749,0.0,0.0,0.0,Yes
0.8043478260869565,-0.9319227230910763,0.0,0.0,0.0,No
-0.5652173913043478,-0.9291628334866605,0.0,0.0,0.0,No
-0.30434782608695654,0.28610855565777393,0.0,0.0,0.0,Yes
0.9347826086956522,0.3679852805887765,0.0,0.0,0.0,No
-0.6086956521739131,-0.9116835326586937,0.0,0.0,0.0,No
-0.15217391304347827,0.3477460901563939,0.0,0.0,0.0,Yes
-0.5652173913043478,-0.000919963201471889,0.0,0.0,0.0,Yes
0.9347826086956522,-0.06439742410303588,0.0,0.0,0.0,No
0.782608695652174,-0.9282428702851886,0.0,0.0,0.0,No
-0.391304347826087,-0.6356945722171113,1.0,-1.0,1.0,No
-0.15217391304347827,0.15639374425023,0.0,0.0,0.0,No
-0.32608695652173914,-0.9190432382704692,0.0,0.0,0.0,No
0.2608695652173913,0.07175712971481152,0.0,0.0,0.0,No
-0.2608695652173913,-0.10211591536338542,0.0,0.0,0.0,No
-0.391304347826087,-0.9181232750689972,0.0,0.0,0.0,No
-0.30434782608695654,0.423183072677093,0.0,0.0,0.0,Yes
-0.6086956521739131,-0.9282428702851886,0.0,0.0,0.0,Yes
-0.5217391304347826,0.3413063477460904,0.0,0.0,0.0,Yes
0.08695652173913043,0.46826126954921815,0.0,0.0,0.0,Yes
0.9347826086956522,0.7414903403863848,0.0,0.0,0.0,No
-0.5652173913043478,-0.5528978840846366,1.0,-1.0,1.0,No
-0.5869565217391305,0.21435142594296241,0.0,0.0,0.0,Yes
0.6521739130434783,0.674333026678933,0.0,0.0,0.0,No
-0.5869565217391305,-0.4599816007359705,0.0,0.0,0.0,Yes
0.9130434782608695,0.055197792088316475,0.0,0.0,0.0,No
-0.5217391304347826,-0.47010119595216193,0.0,0.0,0.0,No
-0.043478260869565216,-0.2870285188592456,0.0,0.0,0.0,No
-0.6086956521739131,-0.3339466421343145,0.0,0.0,0.0,Yes
0.7391304347826086,-0.5473781048758048,1.0,-1.0,1.0,No
0.3695652173913043,0.7295308187672495,0.0,0.0,0.0,Yes
0.9347826086956522,-0.27690892364305425,0.0,0.0,0.0,No
0.10869565217391304,-0.1747930082796687,0.0,0.0,0.0,No
-0.10869565217391304,0.14811407543698274,0.0,0.0,0.0,No
0.9347826086956522,-0.012879484820606968,0.0,0.0,0.0,No
0.6739130434782609,-0.19319227230910752,1.0,-1.0,1.0,No
0.8478260869565217,0.12051517939282451,0.0,0.0,0.0,No
-0.45652173913043476,-0.9291628334866605,0.0,0.0,0.0,No
0.10869565217391304,-0.04967801287948462,0.0,0.0,0.0,No
-0.5,-0.4664213431462741,1.0,-1.0,1.0,No
-0.5869565217391305,-0.11315547378104861,0.0,0.0,0.0,No
0.043478260869565216,0.20883164673413082,0.0,0.0,0.0,No
-0.1956521739130435,-0.8242870285188593,0.0,0.0,0.0,No
-0.6086956521739131,-0.9264029438822448,0.0,0.0,0.0,No
0.717391304347826,0.48574057037718504,0.0,0.0,0.0,Yes
0.8913043478260869,0.09751609935602598,0.0,0.0,0.0,No
-0.41304347826086957,0.517939282428703,0.0,0.0,0.0,Yes
0.21739130434782608,-0.8564857405703772,0.0,0.0,0.0,No
0.3695652173913043,-0.11315547378104861,0.0,0.0,0.0,No
-0.5,0.2759889604415824,0.0,0.0,0.0,Yes
0.9347826086956522,0.11867525298988046,0.0,0.0,0.0,No
-0.2391304347826087,-0.27874885004599803,0.0,0.0,0.0,No
0.9130434782608695,0.7028518859245632,0.0,0.0,0.0,No
0.2391304347826087,0.5694572217111317,0.0,0.0,0.0,Yes
-0.6086956521739131,-0.014719411223551008,0.0,0.0,0.0,Yes
0.6304347826086957,0.6053357865685375,0.0,0.0,0.0,Yes
0.8913043478260869,0.6191352345906166,0.0,0.0,0.0,Yes
0.2826086956521739,-0.8298068077276909,0.0,0.0,0.0,No
0.10869565217391304,-0.735050597976081,1.0,-1.0,1.0,No
-0.5217391304347826,-0.9254829806807728,0.0,0.0,0.0,No
-0.08695652173913043,0.2621895124195032,0.0,0.0,0.0,No
-0.5869565217391305,0.2916283348666055,0.0,0.0,0.0,Yes
0.5652173913043478,0.613615455381785,0.0,0.0,0.0,No
-0.17391304347826086,0.7516099356025762,0.0,0.0,0.0,Yes
0.8913043478260869,0.32474701011959534,0.0,0.0,0.0,No
0.6956521739130435,0.6623735050597976,0.0,0.0,0.0,No
0.30434782608695654,0.16191352345906188,0.0,0.0,0.0,No
0.391304347826087,0.6025758969641215,0.0,0.0,0.0,No
-0.5217391304347826,-0.11775528978840832,0.0,0.0,0.0,No
0.717391304347826,-0.8196872125114996,0.0,0.0,0.0,No
-0.2826086956521739,0.3514259429622817,0.0,0.0,0.0,Yes
-0.4782608695652174,0.4645814167433303,0.0,0.0,0.0,Yes
-0.32608695652173914,-0.8242870285188593,0.0,0.0,0.0,No
0.6739130434782609,0.37902483900643996,0.0,0.0,0.0,Yes
0.10869565217391304,-0.4691812327506899,1.0,-1.0,1.0,No
0.45652173913043476,0.7028518859245632,0.0,0.0,0.0,Yes
0.1956521739130435,-0.8334866605335787,0.0,0.0,0.0,No
0.8913043478260869,0.0689972401103956,0.0,0.0,0.0,No
0.17391304347826086,0.33946642134314636,0.0,0.0,0.0,No
-0.5434782608695652,0.15639374425023,0.0,0.0,0.0,Yes
0.6739130434782609,0.4213431462741492,0.0,0.0,0.0,No
0.717391304347826,0.019319227230910976,0.0,0.0,0.0,No
-0.6086956521739131,-0.4774609015639374,0.0,0.0,0.0,Yes
0.15217391304347827,0.16283348666053377,0.0,0.0,0.0,No
0.32608695652173914,-0.9190432382704692,0.0,0.0,0.0,No
0.5652173913043478,0.5455381784728612,0.0,0.0,0.0,Yes
0.9347826086956522,0.6375344986200554,0.0,0.0,0.0,No
-0.3695652173913043,-0.9300827966881325,0.0,0.0,0.0,Yes
-0.34782608695652173,-0.7267709291628335,1.0,-1.0,1.0,No
-0.6086956521739131,0.35970561177552923,0.0,0.0,0.0,Yes
-0.30434782608695654,-0.9162833486660534,0.0,0.0,0.0,No
0.782608695652174,0.2667893284268629,0.0,0.0,0.0,No
-0.3695652173913043,-0.6844526218951242,1.0,-1.0,1.0,No
0.9347826086956522,0.39834406623735064,0.0,0.0,0.0,No
0.9347826086956522,0.3578656853725852,0.0,0.0,0.0,No
0.9347826086956522,0.8362465501379946,0.0,0.0,0.0,No
0.5,0.2723091076356948,0.0,0.0,0.0,No
-0.5869565217391305,-0.8371665133394663,0.0,0.0,0.0,No
-0.5217391304347826,-0.11039558417663295,0.0,0.0,0.0,No
0.8478260869565217,-0.9172033118675252,0.0,0.0,0.0,No
0.717391304347826,0.5482980680772772,0.0,0.0,0.0,Yes
0.9347826086956522,0.2888684452621896,0.0,0.0,0.0,No
-0.6086956521739131,-0.35970561177552896,0.0,0.0,0.0,Yes
0.8043478260869565,0.3431462741490342,0.0,0.0,0.0,No
0.9347826086956522,-0.10211591536338542,1.0,-1.0,1.0,No
-0.06521739130434782,-0.9300827966881325,0.0,0.0,0.0,No
0.7608695652173914,0.4241030358785651,0.0,0.0,0.0,No
-0.1956521739130435,0.06071757129714833,0.0,0.0,0.0,Yes
-0.5652173913043478,0.4553817847286109,0.0,0.0,0.0,Yes
-0.15217391304347827,0.44710211591536364,0.0,0.0,0.0,Yes
-0.5434782608695652,0.18859245630174795,0.0,0.0,0.0,Yes
0.717391304347826,-0.576816927322907,1.0,-1.0,1.0,No
-0.5217391304347826,-0.9172033118675252,0.0,0.0,0.0,No
0.6521739130434783,0.27966881324747017,0.0,0.0,0.0,Yes
-0.5652173913043478,-0.8086476540938362,0.0,0.0,0.0,No
0.9347826086956522,0.5124195032198714,0.0,0.0,0.0,No
0.6086956521739131,0.5004599816007361,0.0,0.0,0.0,No
0.8043478260869565,-0.9273229070837166,0.0,0.0,0.0,No
0.6739130434782609,-0.35970561177552896,1.0,-1.0,1.0,Yes
0.34782608695652173,0.5400183992640296,0.0,0.0,0.0,No
-0.5652173913043478,-0.6540938362465502,1.0,-1.0,1.0,No
-0.30434782608695654,0.6393744250229991,0.0,0.0,0.0,Yes
0.4782608695652174,-0.18767249310027592,1.0,-1.0,1.0,No
0.6739130434782609,-0.10303587856485731,0.0,0.0,0.0,No
0.08695652173913043,-0.28886844526218947,0.0,0.0,0.0,No
-0.41304347826086957,0.7313707451701933,0.0,0.0,0.0,Yes
-0.06521739130434782,-0.939282428702852,0.0,0.0,0.0,No
-0.5,0.24931002759889628,0.0,0.0,0.0,Yes
0.8260869565217391,0.752529898804048,0.0,0.0,0.0,No
0.43478260869565216,-0.6356945722171113,1.0,-1.0,1.0,No
-0.6086956521739131,-0.9254829806807728,0.0,0.0,0.0,No
-0.4782608695652174,0.2575896964121435,0.0,0.0,0.0,No
-0.043478260869565216,0.7387304507819689,0.0,0.0,0.0,No
0.17391304347826086,0.38362465501379966,0.0,0.0,0.0,No
0.7391304347826086,0.5556577736890526,0.0,0.0,0.0,Yes
0.043478260869565216,0.34866605335786577,0.0,0.0,0.0,No
0.45652173913043476,0.6163753449862006,0.0,0.0,0.0,Yes
0.06521739130434782,0.19779208831646736,0.0,0.0,0.0,No
-0.6086956521739131,-0.841766329346826,1.0,-1.0,1.0,Yes
0.7391304347826086,0.1996320147194114,0.0,0.0,0.0,No
0.021739130434782608,0.4406623735050599,0.0,0.0,0.0,No
0.9130434782608695,0.8417663293468263,0.0,0.0,0.0,No
0.5217391304347826,0.6476540938362467,0.0,0.0,0.0,No
-0.3695652173913043,0.5252989880404787,0.0,0.0,0.0,Yes
0.45652173913043476,0.44250229990800394,0.0,0.0,0.0,No
-0.5869565217391305,-0.9356025758969642,0.0,0.0,0.0,No
-0.43478260869565216,0.5142594296228152,0.0,0.0,0.0,Yes
-0.2608695652173913,0.4323827046918124,0.0,0.0,0.0,Yes
0.5869565217391305,0.6485740570377185,0.0,0.0,0.0,No
0.8260869565217391,0.20239190432382706,0.0,0.0,0.0,No
-0.43478260869565216,0.5547378104875806,0.0,0.0,0.0,Yes
-0.5434782608695652,-0.25666973321067155,0.0,0.0,0.0,No
-0.21739130434782608,-0.09199632014719412,0.0,0.0,0.0,No
-0.45652173913043476,-0.9273229070837166,0.0,0.0,0.0,No
0.9130434782608695,0.752529898804048,0.0,0.0,0.0,No
-0.41304347826086957,0.04599816007359706,0.0,0.0,0.0,Yes
-0.30434782608695654,0.3431462741490342,0.0,0.0,0.0,No
0.9347826086956522,0.6577736890524379,0.0,0.0,0.0,No
-0.3695652173913043,-0.9254829806807728,0.0,0.0,0.0,No
0.9347826086956522,-0.8307267709291628,0.0,0.0,0.0,No
-0.6086956521739131,0.05887764489420429,0.0,0.0,0.0,Yes
-0.13043478260869565,0.09291628334866628,0.0,0.0,0.0,No
0.9347826086956522,-0.0883164673413063,1.0,-1.0,1.0,No
-0.06521739130434782,0.19043238270469198,0.0,0.0,0.0,No
-0.17391304347826086,0.6292548298068078,0.0,0.0,0.0,No
0.6739130434782609,-0.8500459981600736,0.0,0.0,0.0,No
-0.3695652173913043,-0.9181232750689972,0.0,0.0,0.0,No
-0.2826086956521739,0.09291628334866628,0.0,0.0,0.0,No
0.7391304347826086,0.17203311867525317,0.0,0.0,0.0,No
-0.15217391304347827,0.20883164673413082,0.0,0.0,0.0,No
0.06521739130434782,0.10947562097516106,0.0,0.0,0.0,No
-0.5652173913043478,0.16651333946642158,0.0,0.0,0.0,Yes
-0.34782608695652173,0.19871205151793953,0.0,0.0,0.0,Yes
0.8478260869565217,0.6145354185832569,0.0,0.0,0.0,No
0.021739130434782608,0.29622815087396526,0.0,0.0,0.0,No
-0.2826086956521739,0.08739650413983442,0.0,0.0,0.0,No
0.08695652173913043,0.18859245630174795,0.0,0.0,0.0,No
0.9347826086956522,-0.939282428702852,0.0,0.0,0.0,No
-0.5434782608695652,0.2621895124195032,0.0,0.0,0.0,Yes
-0.3695652173913043,-0.6761729530818766,1.0,-1.0,1.0,No
-0.5434782608695652,0.23735050597976093,0.0,0.0,0.0,No
-0.6304347826086957,0.19319227230910765,0.0,0.0,0.0,No
-0.5,0.16007359705611782,0.0,0.0,0.0,Yes
0.782608695652174,0.6936522539098438,0.0,0.0,0.0,No
-0.30434782608695654,-0.9282428702851886,0.0,0.0,0.0,No
-0.10869565217391304,-0.907083716651334,0.0,0.0,0.0,No
-0.34782608695652173,-0.7396504139834407,1.0,-1.0,1.0,No
-0.10869565217391304,0.17479300827966884,0.0,0.0,0.0,No
0.9347826086956522,-0.08923643054277819,1.0,-1.0,1.0,No
0.5434782608695652,0.6209751609935603,0.0,0.0,0.0,No
-0.5652173913043478,0.07451701931922745,0.0,0.0,0.0,Yes
-0.5434782608695652,-0.9172033118675252,0.0,0.0,0.0,No
0.06521739130434782,0.3863845446182153,0.0,0.0,0.0,No
0.13043478260869565,0.5280588776448943,0.0,0.0,0.0,Yes
0.13043478260869565,-0.9172033118675252,0.0,0.0,0.0,No
-0.5869565217391305,-0.46734130634774596,0.0,0.0,0.0,Yes
-0.45652173913043476,0.09659613615455383,0.0,0.0,0.0,No
-0.15217391304347827,-0.2805887764489419,0.0,0.0,0.0,No
-0.30434782608695654,-0.20975160993560243,0.0,0.0,0.0,No
-0.15217391304347827,0.4553817847286109,0.0,0.0,0.0,No
-0.6086956521739131,-0.4719411223551057,0.0,0.0,0.0,Yes
0.9130434782608695,-0.8261269549218031,0.0,0.0,0.0,No
-0.5434782608695652,-0.2502299908003679,0.0,0.0,0.0,No
-0.08695652173913043,0.2097516099356027,0.0,0.0,0.0,No
0.06521739130434782,0.2897884084636615,0.0,0.0,0.0,No
-0.4782608695652174,-0.7460901563937443,1.0,-1.0,1.0,No
-0.2608695652173913,-0.9172033118675252,0.0,0.0,0.0,No
-0.45652173913043476,-0.17387304507819681,0.0,0.0,0.0,No
0.5869565217391305,0.053357865685372693,0.0,0.0,0.0,No
-0.6086956521739131,-0.45354185832566685,0.0,0.0,0.0,Yes
-0.45652173913043476,0.5510579576816929,0.0,0.0,0.0,Yes
-0.4782608695652174,-0.9402023919043239,0.0,0.0,0.0,Yes
-0.5652173913043478,-0.9107635694572217,0.0,0.0,0.0,No
0.9130434782608695,0.12879484820607176,0.0,0.0,0.0,No
-0.5869565217391305,0.47194112235510594,0.0,0.0,0.0,Yes
-0.6086956521739131,0.3716651333946643,0.0,0.0,0.0,Yes
0.43478260869565216,0.4323827046918124,0.0,0.0,0.0,No
0.6304347826086957,-0.004599816007359706,0.0,0.0,0.0,No
0.32608695652173914,-0.7359705611775529,1.0,-1.0,1.0,Yes
0.6521739130434783,0.10303587856485757,0.0,0.0,0.0,No
0.9130434782608695,0.6936522539098438,0.0,0.0,0.0,Yes
-0.6086956521739131,-0.008279668813247262,0.0,0.0,0.0,Yes
-0.391304347826087,0.09015639374425034,0.0,0.0,0.0,No
0.717391304347826,0.6145354185832569,0.0,0.0,0.0,Yes
0.13043478260869565,-0.28334866605335773,0.0,0.0,0.0,No
-0.1956521739130435,-0.9356025758969642,0.0,0.0,0.0,No
0.2391304347826087,-0.9337626494940202,0.0,0.0,0.0,No
0.21739130434782608,-0.4139834406623734,0.0,0.0,0.0,No
-0.6086956521739131,0.2989880404783809,0.0,0.0,0.0,Yes
0.9347826086956522,-0.8574057037718491,0.0,0.0,0.0,No
0.08695652173913043,0.18859245630174795,0.0,0.0,0.0,Yes
-0.3695652173913043,-0.48850045998160074,0.0,0.0,0.0,No
-0.6086956521739131,-0.9310027598896045,0.0,0.0,0.0,No
-0.043478260869565216,-0.9420423183072677,0.0,0.0,0.0,No
0.10869565217391304,-0.9337626494940202,0.0,0.0,0.0,No
0.5869565217391305,0.18307267709291636,0.0,0.0,0.0,No
0.6304347826086957,-0.8463661453541858,0.0,0.0,0.0,No
-0.15217391304347827,-0.8298068077276909,0.0,0.0,0.0,No
-0.41304347826086957,-0.8141674333026678,0.0,0.0,0.0,No
-0.34782608695652173,-0.9264029438822448,0.0,0.0,0.0,No
0.13043478260869565,0.27506899724011047,0.0,0.0,0.0,Yes
0.10869565217391304,-0.006439742410303484,0.0,0.0,0.0,Yes
-0.5434782608695652,0.4406623735050599,0.0,0.0,0.0,Yes
0.9347826086956522,-0.9135234590616375,0.0,0.0,0.0,No
-0.5869565217391305,-0.000919963201471889,0.0,0.0,0.0,No
-0.4782608695652174,0.4599816007359706,0.0,0.0,0.0,Yes
-0.043478260869565216,0.09475620975161005,0.0,0.0,0.0,Yes
-0.5434782608695652,-0.014719411223551008,0.0,0.0,0.0,No
0.17391304347826086,-0.9291628334866605,0.0,0.0,0.0,No
-0.17391304347826086,-0.9264029438822448,0.0,0.0,0.0,No
0.5217391304347826,0.46918123275069,0.0,0.0,0.0,No
-0.2391304347826087,0.3633854645814168,0.0,0.0,0.0,Yes
-0.5869565217391305,-0.025758969641214196,0.0,0.0,0.0,Yes
0.06521739130434782,0.5372585096596137,0.0,0.0,0.0,Yes
-0.13043478260869565,-0.9126034958601655,0.0,0.0,0.0,No
-0.5652173913043478,-0.37166513339466417,0.0,0.0,0.0,No
0.9130434782608695,-0.21527138914443417,1.0,-1.0,1.0,No
-0.43478260869565216,0.47010119595216215,0.0,0.0,0.0,No
-0.6086956521739131,-0.3836246550137994,0.0,0.0,0.0,No
-0.2391304347826087,-0.23735050597976068,0.0,0.0,0.0,Yes
-0.3695652173913043,-0.3072677092916283,0.0,0.0,0.0,Yes
0.9130434782608695,0.17939282428702855,0.0,0.0,0.0,No
0.7608695652173914,-0.8454461821527139,0.0,0.0,0.0,No
-0.5434782608695652,-0.5574977000919963,1.0,-1.0,1.0,No
-0.13043478260869565,-0.9356025758969642,0.0,0.0,0.0,No
0.21739130434782608,-0.35510579576816925,0.0,0.0,0.0,No
-0.021739130434782608,-0.29438822447102103,0.0,0.0,0.0,No
-0.5217391304347826,0.2640294388224473,0.0,0.0,0.0,No
0.34782608695652173,0.2897884084636615,0.0,0.0,0.0,No
0.17391304347826086,0.0,0.0,0.0,0.0,No
0.6739130434782609,0.7295308187672495,0.0,0.0,0.0,No
-0.45652173913043476,0.5565777368905245,0.0,0.0,0.0,Yes
0.391304347826087,0.45170193192272334,0.0,0.0,0.0,No
-0.06521739130434782,0.24655013799448036,0.0,0.0,0.0,Yes
-0.5652173913043478,0.33026678932842696,0.0,0.0,0.0,Yes
0.45652173913043476,-0.01103955841766319,0.0,0.0,0.0,No
-0.043478260869565216,0.02299908003679853,0.0,0.0,0.0,No
-0.45652173913043476,0.4001839926402944,0.0,0.0,0.0,Yes
0.717391304347826,-0.859245630174793,0.0,0.0,0.0,No
0.9130434782608695,0.2115915363385465,0.0,0.0,0.0,No
0.8043478260869565,-0.8325666973321066,0.0,0.0,0.0,No
0.8478260869565217,0.816007359705612,0.0,0.0,0.0,No
-0.34782608695652173,-0.390064397424103,1.0,-1.0,1.0,No
0.5869565217391305,0.1941122355105798,0.0,0.0,0.0,No
0.1956521739130435,0.16743330266789347,0.0,0.0,0.0,Yes
-0.32608695652173914,0.3698252069917205,0.0,0.0,0.0,Yes
-0.2826086956521739,-0.939282428702852,0.0,0.0,0.0,No
-0.32608695652173914,-0.0027598896044156666,0.0,0.0,0.0,No
0.06521739130434782,-0.01103955841766319,0.0,0.0,0.0,Yes
-0.45652173913043476,-0.296228150873965,0.0,0.0,0.0,No
0.30434782608695654,0.532658693652254,0.0,0.0,0.0,No
0.5,0.06715731370745182,0.0,0.0,0.0,No
-0.5652173913043478,-0.3698252069917203,0.0,0.0,0.0,No
0.0,-0.9300827966881325,0.0,0.0,0.0,No
-0.6086956521739131,-0.9328426862925483,0.0,0.0,0.0,Yes
-0.3695652173913043,-0.49126034958601655,1.0,-1.0,1.0,Yes
-0.2826086956521739,-0.641214351425943,1.0,-1.0,1.0,No
0.2391304347826087,0.19135234590616387,0.0,0.0,0.0,No
-0.5217391304347826,-0.5676172953081876,1.0,-1.0,1.0,Yes
0.2391304347826087,0.4921803127874885,0.0,0.0,0.0,Yes
0.15217391304347827,-0.9346826126954922,0.0,0.0,0.0,No
-0.5217391304347826,0.17755289788408476,0.0,0.0,0.0,Yes
-0.41304347826086957,0.2640294388224473,0.0,0.0,0.0,Yes
-0.5869565217391305,0.35326586936522547,0.0,0.0,0.0,Yes
-0.13043478260869565,0.3725850965961362,0.0,0.0,0.0,Yes
-0.06521739130434782,-0.9254829806807728,0.0,0.0,0.0,No
0.9347826086956522,0.7736890524379028,0.0,0.0,0.0,No
0.10869565217391304,-0.37074517019319214,0.0,0.0,0.0,No
-0.41304347826086957,-0.14903403863845438,0.0,0.0,0.0,No
-0.32608695652173914,-0.2695492180312786,0.0,0.0,0.0,No
-0.13043478260869565,0.3624655013799449,0.0,0.0,0.0,Yes
0.391304347826087,-0.9328426862925483,0.0,0.0,0.0,No
-0.10869565217391304,0.3477460901563939,0.0,0.0,0.0,No
0.43478260869565216,0.5280588776448943,0.0,0.0,0.0,Yes
-0.1956521739130435,-0.3008279668813247,0.0,0.0,0.0,No
-0.5869565217391305,-0.01103955841766319,0.0,0.0,0.0,Yes
-0.5869565217391305,-0.39190432382704693,0.0,0.0,0.0,Yes
-0.15217391304347827,-0.2502299908003679,1.0,-1.0,1.0,No
-0.4782608695652174,0.5096596136154555,0.0,0.0,0.0,Yes
-0.6086956521739131,-0.906163753449862,0.0,0.0,0.0,No
0.6521739130434783,0.48390064397424126,0.0,0.0,0.0,No
0.6304347826086957,-0.84360625574977,0.0,0.0,0.0,No
0.2608695652173913,0.8123275068997242,0.0,0.0,0.0,Yes
0.6521739130434783,0.16283348666053377,0.0,0.0,0.0,No
-0.5652173913043478,-0.014719411223551008,0.0,0.0,0.0,No
0.06521739130434782,-0.9254829806807728,0.0,0.0,0.0,No
0.3695652173913043,0.5243790248390064,0.0,0.0,0.0,No
-0.6304347826086957,-0.8206071757129715,0.0,0.0,0.0,No
-0.5869565217391305,0.19503219871205169,0.0,0.0,0.0,Yes
0.5,-0.9337626494940202,0.0,0.0,0.0,No
-0.34782608695652173,0.07267709291628341,0.0,0.0,0.0,Yes
-0.391304347826087,0.3560257589696414,0.0,0.0,0.0,Yes
0.06521739130434782,0.31830726770929185,0.0,0.0,0.0,No
-0.2608695652173913,0.5538178472861087,0.0,0.0,0.0,Yes
-0.2826086956521739,0.08095676172953094,0.0,0.0,0.0,No
0.4782608695652174,0.6826126954921805,0.0,0.0,0.0,No
0.0,0.09199632014719412,0.0,0.0,0.0,No
0.8913043478260869,-0.0993560257589695,0.0,0.0,0.0,No
0.9130434782608695,0.5538178472861087,0.0,0.0,0.0,No
0.2608695652173913,-0.03403863845446172,0.0,0.0,0.0,No
-0.6086956521739131,0.18767249310027606,0.0,0.0,0.0,No
-0.4782608695652174,0.20055197792088328,0.0,0.0,0.0,No
-0.08695652173913043,0.36890524379024864,0.0,0.0,0.0,Yes
0.8260869565217391,0.35326586936522547,0.0,0.0,0.0,No
-0.5217391304347826,-0.2695492180312786,0.0,0.0,0.0,No
-0.30434782608695654,-0.8380864765409384,0.0,0.0,0.0,No
-0.1956521739130435,-0.9264029438822448,0.0,0.0,0.0,No
-0.5652173913043478,-0.26126954921803125,0.0,0.0,0.0,Yes
0.5434782608695652,0.6412143514259432,0.0,0.0,0.0,No
0.2826086956521739,-0.9346826126954922,0.0,0.0,0.0,No
-0.43478260869565216,0.17295308187672506,0.0,0.0,0.0,No
0.7391304347826086,0.4986200551977923,0.0,0.0,0.0,No
0.8695652173913043,-0.8482060717571297,0.0,0.0,0.0,No
0.8695652173913043,-0.841766329346826,0.0,0.0,0.0,No
0.2391304347826087,-0.37166513339466417,0.0,0.0,0.0,No
0.6739130434782609,-0.5657773689052438,1.0,-1.0,1.0,No
-0.5434782608695652,0.44250229990800394,0.0,0.0,0.0,Yes
0.9130434782608695,0.3587856485740571,0.0,0.0,0.0,No
0.17391304347826086,0.15823367065317404,0.0,0.0,0.0,Yes
0.06521739130434782,0.5243790248390064,0.0,0.0,0.0,No
0.21739130434782608,-0.3035878564857405,0.0,0.0,0.0,No
0.1956521739130435,-0.8482060717571297,0.0,0.0,0.0,No
0.5,0.3514259429622817,0.0,0.0,0.0,No
0.41304347826086957,0.6421343146274151,0.0,0.0,0.0,No
0.8913043478260869,-0.19963201471941114,1.0,-1.0,1.0,No
-0.1956521739130435,0.0036798528058878174,0.0,0.0,0.0,No
0.45652173913043476,0.22355105795768182,0.0,0.0,0.0,No
-0.21739130434782608,-0.4691812327506899,1.0,-1.0,1.0,Yes
-0.08695652173913043,-0.1609935602575896,0.0,0.0,0.0,No
-0.3695652173913043,-0.39190432382704693,0.0,0.0,0.0,No
0.21739130434782608,0.6494940202391907,0.0,0.0,0.0,Yes
-0.4782608695652174,0.07911683532658716,0.0,0.0,0.0,Yes
-0.13043478260869565,-0.07543698252069908,0.0,0.0,0.0,No
-0.043478260869565216,-0.937442502299908,0.0,0.0,0.0,No
0.391304347826087,0.2888684452621896,0.0,0.0,0.0,No
-0.06521739130434782,-0.9420423183072677,0.0,0.0,0.0,No
-0.32608695652173914,-0.1039558417663292,0.0,0.0,0.0,Yes
-0.391304347826087,0.6200551977920884,0.0,0.0,0.0,Yes
-0.5869565217391305,-0.9402023919043239,0.0,0.0,0.0,No
-0.06521739130434782,0.21343146274149052,0.0,0.0,0.0,No
0.9347826086956522,0.8150873965041401,0.0,0.0,0.0,No
0.7391304347826086,-0.9264029438822448,0.0,0.0,0.0,No
0.9130434782608695,-0.9300827966881325,0.0,0.0,0.0,No
-0.391304347826087,-0.09567617295308167,0.0,0.0,0.0,No
-0.32608695652173914,-0.9328426862925483,0.0,0.0,0.0,No
-0.34782608695652173,0.3422263109475623,0.0,0.0,0.0,No
-0.5,-0.9227230910763569,0.0,0.0,0.0,No
-0.391304347826087,0.08923643054277845,0.0,0.0,0.0,No
-0.2391304347826087,-0.249310027598896,0.0,0.0,0.0,No
-0.6086956521739131,-0.640294388224471,1.0,-1.0,1.0,Yes
0.06521739130434782,0.09475620975161005,0.0,0.0,0.0,No
0.0,-0.639374425022999,1.0,-1.0,1.0,No
-0.5652173913043478,-0.18583256669733203,0.0,0.0,0.0,No
-0.5869565217391305,0.45630174793008305,0.0,0.0,0.0,Yes
-0.34782608695652173,0.48390064397424126,0.0,0.0,0.0,Yes
0.2608695652173913,-0.5519779208831646,1.0,-1.0,1.0,No
-0.6086956521739131,-0.9475620975160993,0.0,0.0,0.0,No
-0.4782608695652174,-0.2851885924563016,0.0,0.0,0.0,No
0.5,-0.11131554737810484,0.0,0.0,0.0,No
0.34782608695652173,-0.8408463661453542,0.0,0.0,0.0,No
0.8913043478260869,0.10579576816927325,0.0,0.0,0.0,No
0.5217391304347826,-0.9503219871205151,0.0,0.0,0.0,No
0.717391304347826,0.5078196872125117,0.0,0.0,0.0,No
0.6739130434782609,0.4369825206991721,0.0,0.0,0.0,No
-0.5652173913043478,0.1849126034958604,0.0,0.0,0.0,Yes
-0.13043478260869565,0.4553817847286109,0.0,0.0,0.0,No
-0.6086956521739131,-0.7175712971481141,1.0,-1.0,1.0,Yes
0.8260869565217391,0.03679852805887765,0.0,0.0,0.0,No
-0.3695652173913043,0.3569457221711133,0.0,0.0,0.0,Yes
0.9130434782608695,0.22723091076356963,0.0,0.0,0.0,No
-0.08695652173913043,-0.9282428702851886,0.0,0.0,0.0,No
-0.5217391304347826,-0.30450781968721247,0.0,0.0,0.0,No
-0.06521739130434782,-0.34590616375344985,0.0,0.0,0.0,No
-0.6086956521739131,-0.9328426862925483,0.0,0.0,0.0,No
0.8913043478260869,-0.48390064397424104,1.0,-1.0,1.0,No
0.9347826086956522,0.8031278748850048,0.0,0.0,0.0,No
0.6739130434782609,0.44250229990800394,0.0,0.0,0.0,Yes
0.06521739130434782,0.5528978840846369,0.0,0.0,0.0,No
-0.6086956521739131,-0.9291628334866605,0.0,0.0,0.0,Yes
-0.32608695652173914,-0.296228150873965,0.0,0.0,0.0,No
-0.34782608695652173,0.17755289788408476,0.0,0.0,0.0,No
-0.5,0.7276908923643057,0.0,0.0,0.0,Yes
0.3695652173913043,0.16283348666053377,0.0,0.0,0.0,No
-0.30434782608695654,0.5703771849126036,0.0,0.0,0.0,Yes
0.30434782608695654,0.4406623735050599,0.0,0.0,0.0,No
0.21739130434782608,-0.37810487580496777,0.0,0.0,0.0,No
-0.17391304347826086,-0.18951241950321984,0.0,0.0,0.0,Yes
0.6086956521739131,-0.3054277828886844,1.0,-1.0,1.0,No
0.5217391304347826,0.425022999080037,0.0,0.0,0.0,No
-0.2391304347826087,0.32290708371665156,0.0,0.0,0.0,No
-0.6086956521739131,-0.18767249310027592,0.0,0.0,0.0,Yes
0.6304347826086957,-0.171113155473781,0.0,0.0,0.0,No
0.9130434782608695,0.6200551977920884,0.0,0.0,0.0,No
0.13043478260869565,0.5317387304507821,0.0,0.0,0.0,No
-0.5652173913043478,0.2824287028518861,0.0,0.0,0.0,No
0.1956521739130435,0.6347746090156394,0.0,0.0,0.0,No
0.13043478260869565,-0.02207911683532638,0.0,0.0,0.0,No
-0.4782608695652174,0.3698252069917205,0.0,0.0,0.0,Yes
0.391304347826087,0.07543698252069933,0.0,0.0,0.0,No
-0.32608695652173914,-0.36614535418583244,0.0,0.0,0.0,No
-0.1956521739130435,-0.19043238270469173,0.0,0.0,0.0,No
0.8043478260869565,0.2741490340386386,0.0,0.0,0.0,No
-0.30434782608695654,-0.936522539098436,0.0,0.0,0.0,No
0.2826086956521739,-0.9126034958601655,0.0,0.0,0.0,No
-0.2608695652173913,0.15731370745170214,0.0,0.0,0.0,No
0.17391304347826086,0.628334866605336,0.0,0.0,0.0,No
-0.3695652173913043,-0.3854645814167433,0.0,0.0,0.0,No
0.5217391304347826,0.439742410303588,0.0,0.0,0.0,Yes
0.6739130434782609,-0.8344066237350506,0.0,0.0,0.0,No
-0.2391304347826087,-0.8242870285188593,1.0,-1.0,1.0,No
-0.6086956521739131,0.08371665133394686,0.0,0.0,0.0,Yes
-0.5652173913043478,-0.003679852805887556,0.0,0.0,0.0,No
-0.43478260869565216,-0.017479300827966674,0.0,0.0,0.0,No
-0.6086956521739131,0.18215271389144447,0.0,0.0,0.0,Yes
0.5869565217391305,0.4195032198712054,0.0,0.0,0.0,No
-0.2608695652173913,-0.02483900643974231,0.0,0.0,0.0,Yes
-0.391304347826087,-0.0735970561177553,0.0,0.0,0.0,Yes
-0.4782608695652174,-0.014719411223551008,0.0,0.0,0.0,No
0.8695652173913043,-0.9227230910763569,0.0,0.0,0.0,No
-0.21739130434782608,0.2879484820607177,0.0,0.0,0.0,Yes
-0.5652173913043478,0.18307267709291636,0.0,0.0,0.0,Yes
0.5434782608695652,-0.9190432382704692,0.0,0.0,0.0,No
0.717391304347826,-0.8574057037718491,0.0,0.0,0.0,No
-0.10869565217391304,0.3716651333946643,0.0,0.0,0.0,Yes
0.717391304347826,0.0018399264029440392,0.0,0.0,0.0,No
-0.2608695652173913,-0.08463661453541849,0.0,0.0,0.0,No
-0.43478260869565216,-0.841766329346826,1.0,-1.0,1.0,No
0.7608695652173914,-0.020239190432382603,0.0,0.0,0.0,No
-0.5869565217391305,0.10211591536338568,0.0,0.0,0.0,Yes
-0.6086956521739131,-0.4507819687212511,0.0,0.0,0.0,Yes
-0.2826086956521739,-0.37534498620055184,1.0,-1.0,1.0,Yes
0.9347826086956522,-0.8408463661453542,0.0,0.0,0.0,No
0.021739130434782608,0.36890524379024864,0.0,0.0,0.0,No
0.43478260869565216,0.5611775528978842,0.0,0.0,0.0,No
0.6956521739130435,0.09199632014719412,0.0,0.0,0.0,No
0.391304347826087,0.31002759889604437,0.0,0.0,0.0,No
-0.1956521739130435,-0.1094756209751608,0.0,0.0,0.0,No
0.10869565217391304,0.1462741490340387,0.0,0.0,0.0,Yes
0.8913043478260869,-0.8399264029438822,0.0,0.0,0.0,No
0.5434782608695652,0.6531738730450782,0.0,0.0,0.0,No
0.6956521739130435,0.5142594296228152,0.0,0.0,0.0,No
-0.5652173913043478,0.1214351425942964,0.0,0.0,0.0,Yes
-0.34782608695652173,-0.936522539098436,0.0,0.0,0.0,No
-0.2826086956521739,0.47470101195952186,0.0,0.0,0.0,Yes
-0.5652173913043478,-0.21435142594296214,0.0,0.0,0.0,No
-0.08695652173913043,-0.9236430542778289,0.0,0.0,0.0,No
0.021739130434782608,-0.10763569457221701,0.0,0.0,0.0,No
-0.17391304347826086,-0.7700091996320146,1.0,-1.0,1.0,No
-0.6086956521739131,-0.46090156393744247,0.0,0.0,0.0,Yes
-0.30434782608695654,-0.937442502299908,0.0,0.0,0.0,Yes
-0.13043478260869565,0.3698252069917205,0.0,0.0,0.0,No
0.34782608695652173,0.6402943882244713,0.0,0.0,0.0,No
-0.10869565217391304,0.23551057957681715,0.0,0.0,0.0,No
-0.391304347826087,0.36430542778288894,0.0,0.0,0.0,Yes
-0.6086956521739131,-0.46550137994480223,0.0,0.0,0.0,Yes
0.5869565217391305,0.6044158233670656,0.0,0.0,0.0,No
-0.6086956521739131,0.10027598896044164,0.0,0.0,0.0,Yes
-0.6086956521739131,-0.936522539098436,0.0,0.0,0.0,No
-0.4782608695652174,0.16467341306347752,0.0,0.0,0.0,Yes
0.5652173913043478,0.33946642134314636,0.0,0.0,0.0,No
-0.5869565217391305,-0.7258509659613616,1.0,-1.0,1.0,Yes
0.9347826086956522,0.28610855565777393,0.0,0.0,0.0,No
0.34782608695652173,-0.6651333946642134,1.0,-1.0,1.0,No
0.391304347826087,-0.9236430542778289,0.0,0.0,0.0,No
0.3695652173913043,0.4581416743330268,0.0,0.0,0.0,Yes
-0.5869565217391305,-0.36890524379024836,0.0,0.0,0.0,No
-0.5869565217391305,0.1803127874885007,0.0,0.0,0.0,No
-0.3695652173913043,-0.35142594296228147,0.0,0.0,0.0,No
0.8478260869565217,0.3541858325666974,0.0,0.0,0.0,Yes
0.8695652173913043,0.45722171113155496,0.0,0.0,0.0,No
0.5869565217391305,0.4498620055197793,0.0,0.0,0.0,No
-0.5434782608695652,0.18215271389144447,0.0,0.0,0.0,No
0.7608695652173914,0.10579576816927325,0.0,0.0,0.0,No
0.6521739130434783,0.7322907083716654,0.0,0.0,0.0,Yes
0.717391304347826,0.831646734130635,0.0,0.0,0.0,No
0.7391304347826086,-0.8408463661453542,0.0,0.0,0.0,No
0.5217391304347826,-0.3081876724931002,1.0,-1.0,1.0,No
-0.5217391304347826,-0.936522539098436,0.0,0.0,0.0,No
0.43478260869565216,0.3284268629254832,0.0,0.0,0.0,No
0.717391304347826,0.566697332106716,0.0,0.0,0.0,No
0.5652173913043478,-0.249310027598896,0.0,0.0,0.0,No
0.9130434782608695,0.5344986200551981,0.0,0.0,0.0,No
0.9347826086956522,-0.9245630174793008,0.0,0.0,0.0,No
0.15217391304347827,-0.1775528978840845,1.0,-1.0,1.0,No
-0.08695652173913043,-0.9089236430542778,0.0,0.0,0.0,No
0.9347826086956522,0.8187672493100276,0.0,0.0,0.0,No
0.15217391304347827,-0.9402023919043239,0.0,0.0,0.0,No
-0.6086956521739131,-0.13891444342226308,0.0,0.0,0.0,No
0.9347826086956522,0.6467341306347748,0.0,0.0,0.0,No
0.6521739130434783,-0.9291628334866605,0.0,0.0,0.0,No
-0.4782608695652174,0.3523459061637536,0.0,0.0,0.0,Yes
-0.6086956521739131,0.0689972401103956,0.0,0.0,0.0,No
0.021739130434782608,0.6835326586936524,0.0,0.0,0.0,No
0.7608695652173914,-0.9346826126954922,0.0,0.0,0.0,No
0.7391304347826086,-0.028518859245630124,0.0,0.0,0.0,No
0.9347826086956522,0.2594296228150876,0.0,0.0,0.0,No
-0.45652173913043476,0.08555657773689064,0.0,0.0,0.0,Yes
0.717391304347826,0.26034958601655944,0.0,0.0,0.0,No
0.8260869565217391,0.7516099356025762,0.0,0.0,0.0,No
-0.5,-0.4710211591536338,0.0,0.0,0.0,Yes
0.8913043478260869,0.18859245630174795,0.0,0.0,0.0,No
-0.1956521739130435,0.19043238270469198,0.0,0.0,0.0,No
-0.5217391304347826,0.09659613615455383,0.0,0.0,0.0,No
-0.10869565217391304,-0.23459061637534487,1.0,-1.0,1.0,No
-0.391304347826087,-0.48390064397424104,0.0,0.0,0.0,Yes
0.9347826086956522,0.7405703771849127,0.0,0.0,0.0,No
0.8043478260869565,-0.22355105795768157,0.0,0.0,0.0,No
0.34782608695652173,0.19595216191352358,0.0,0.0,0.0,No
0.8695652173913043,-0.9319227230910763,0.0,0.0,0.0,No
-0.30434782608695654,0.2805887764489421,0.0,0.0,0.0,Yes
-0.021739130434782608,-0.19871205151793925,0.0,0.0,0.0,No
0.8913043478260869,0.831646734130635,0.0,0.0,0.0,Yes
0.15217391304347827,0.09567617295308194,0.0,0.0,0.0,No
-0.2826086956521739,0.2989880404783809,0.0,0.0,0.0,Yes
-0.2391304347826087,0.2732290708371667,0.0,0.0,0.0,Yes
0.10869565217391304,0.5022999080036801,0.0,0.0,0.0,Yes
0.2826086956521739,-0.4645814167433302,1.0,-1.0,1.0,No
0.41304347826086957,0.011039558417663452,0.0,0.0,0.0,No
0.391304347826087,0.721251149954002,0.0,0.0,0.0,Yes
0.21739130434782608,0.35326586936522547,0.0,0.0,0.0,Yes
-0.391304347826087,-0.9098436062557498,0.0,0.0,0.0,No
-0.4782608695652174,-0.9273229070837166,0.0,0.0,0.0,No
-0.5652173913043478,-0.841766329346826,0.0,0.0,0.0,No
-0.45652173913043476,-0.06715731370745155,0.0,0.0,0.0,No
-0.6086956521739131,-0.936522539098436,0.0,0.0,0.0,Yes
0.06521739130434782,0.4498620055197793,0.0,0.0,0.0,No
0.6739130434782609,-0.0827966881324747,0.0,0.0,0.0,No
-0.41304347826086957,-0.9273229070837166,0.0,0.0,0.0,No
0.9130434782608695,-0.8408463661453542,0.0,0.0,0.0,No
-0.5434782608695652,-0.9199632014719411,0.0,0.0,0.0,Yes
-0.6086956521739131,-0.020239190432382603,0.0,0.0,0.0,Yes
0.30434782608695654,-0.35142594296228147,1.0,-1.0,1.0,No
0.6521739130434783,0.5363385464581418,0.0,0.0,0.0,Yes
-0.13043478260869565,-0.296228150873965,0.0,0.0,0.0,No
0.9347826086956522,-0.937442502299908,0.0,0.0,0.0,No
-0.15217391304347827,-0.2594296228150873,0.0,0.0,0.0,No
-0.6086956521739131,-0.8316467341306348,1.0,-1.0,1.0,No
0.8695652173913043,-0.8537258509659613,0.0,0.0,0.0,No
0.45652173913043476,-0.6430542778288868,1.0,-1.0,1.0,No
-0.6086956521739131,-0.8307267709291628,1.0,-1.0,1.0,Yes
-0.5869565217391305,-0.4664213431462741,0.0,0.0,0.0,Yes
-0.30434782608695654,0.09199632014719412,0.0,0.0,0.0,No
0.043478260869565216,-0.9190432382704692,0.0,0.0,0.0,No
-0.6086956521739131,-0.9236430542778289,0.0,0.0,0.0,Yes
0.8043478260869565,0.6375344986200554,0.0,0.0,0.0,Yes
-0.6304347826086957,-0.26310947562097514,1.0,-1.0,1.0,No
-0.5652173913043478,-0.28794848206071744,0.0,0.0,0.0,Yes
-0.45652173913043476,-0.9264029438822448,0.0,0.0,0.0,No
0.7608695652173914,0.04967801287948488,0.0,0.0,0.0,No
-0.021739130434782608,-0.9172033118675252,0.0,0.0,0.0,No
0.6086956521739131,0.5593376264949403,0.0,0.0,0.0,No
-0.32608695652173914,0.31094756209751623,0.0,0.0,0.0,Yes
-0.21739130434782608,-0.9273229070837166,0.0,0.0,0.0,No
-0.41304347826086957,0.17663293468261287,0.0,0.0,0.0,Yes
0.4782608695652174,-0.3808647654093836,1.0,-1.0,1.0,No
0.8260869565217391,-0.08647654093836227,0.0,0.0,0.0,No
-0.391304347826087,-0.9181232750689972,0.0,0.0,0.0,No
0.9347826086956522,-0.17295308187672478,1.0,-1.0,1.0,No
0.8043478260869565,-0.9199632014719411,0.0,0.0,0.0,No
-0.2391304347826087,0.3311867525298988,0.0,0.0,0.0,Yes
-0.43478260869565216,-0.9356025758969642,0.0,0.0,0.0,No
-0.43478260869565216,0.08923643054277845,0.0,0.0,0.0,No
0.41304347826086957,0.7562097516099359,0.0,0.0,0.0,No
-0.41304347826086957,-0.003679852805887556,0.0,0.0,0.0,No
-0.43478260869565216,0.4489420423183074,0.0,0.0,0.0,Yes
-0.34782608695652173,0.454461821527139,0.0,0.0,0.0,Yes
-0.5434782608695652,0.14903403863845463,0.0,0.0,0.0,Yes
-0.5434782608695652,-0.0027598896044156666,0.0,0.0,0.0,Yes
0.9347826086956522,0.39834406623735064,0.0,0.0,0.0,No
0.4782608695652174,0.2787488500459983,0.0,0.0,0.0,No
0.6521739130434783,-0.5390984360625575,1.0,-1.0,1.0,Yes
-0.41304347826086957,0.2805887764489421,0.0,0.0,0.0,Yes
0.6956521739130435,0.21711131554737834,0.0,0.0,0.0,No
0.5434782608695652,0.2585096596136157,0.0,0.0,0.0,No
0.08695652173913043,-0.17387304507819681,0.0,0.0,0.0,No
-0.043478260869565216,-0.9218031278748849,0.0,0.0,0.0,No
-0.6086956521739131,0.16283348666053377,0.0,0.0,0.0,Yes
-0.13043478260869565,0.45906163753449875,0.0,0.0,0.0,No
-0.6086956521739131,-0.9291628334866605,0.0,0.0,0.0,No
0.34782608695652173,0.2575896964121435,0.0,0.0,0.0,No
0.21739130434782608,-0.9291628334866605,0.0,0.0,0.0,No
-0.5217391304347826,-0.006439742410303484,0.0,0.0,0.0,Yes
0.9347826086956522,0.219871205151794,0.0,0.0,0.0,No
0.6304347826086957,-0.06531738730450777,0.0,0.0,0.0,No
0.8913043478260869,-0.4737810487580496,1.0,-1.0,1.0,No
0.6956521739130435,0.5170193192272311,0.0,0.0,0.0,No
-0.5869565217391305,0.006439742410303745,0.0,0.0,0.0,No
0.3695652173913043,-0.8353265869365225,0.0,0.0,0.0,No
-0.6086956521739131,-0.37534498620055184,0.0,0.0,0.0,Yes
-0.15217391304347827,-0.020239190432382603,0.0,0.0,0.0,Yes
0.41304347826086957,0.5915363385464583,0.0,0.0,0.0,No
0.7608695652173914,0.298068077276909,0.0,0.0,0.0,No
0.9347826086956522,-0.8472861085556578,0.0,0.0,0.0,No
-0.3695652173913043,-0.22079116835326576,0.0,0.0,0.0,No
0.10869565217391304,0.439742410303588,0.0,0.0,0.0,Yes
0.9347826086956522,-0.029438822447102015,0.0,0.0,0.0,No
0.0,0.2842686292548299,0.0,0.0,0.0,No
0.08695652173913043,-0.9245630174793008,0.0,0.0,0.0,No
-0.6086956521739131,-0.9199632014719411,0.0,0.0,0.0,No
0.717391304347826,0.7442502299908005,0.0,0.0,0.0,No
0.2608695652173913,0.04875804967801299,0.0,0.0,0.0,Yes
0.7608695652173914,0.5464581416743332,0.0,0.0,0.0,Yes
-0.5434782608695652,0.2299908003679853,0.0,0.0,0.0,No
-0.10869565217391304,0.2575896964121435,0.0,0.0,0.0,No
-0.32608695652173914,-0.9346826126954922,0.0,0.0,0.0,No
-0.5652173913043478,-0.9273229070837166,0.0,0.0,0.0,No
-0.5434782608695652,0.5418583256669735,0.0,0.0,0.0,Yes
-0.2391304347826087,-0.6504139834406624,1.0,-1.0,1.0,Yes
-0.45652173913043476,-0.07543698252069908,0.0,0.0,0.0,No
0.13043478260869565,-0.8656853725850966,0.0,0.0,0.0,No
-0.6086956521739131,0.10395584176632947,0.0,0.0,0.0,Yes
0.8043478260869565,-0.828886844526219,0.0,0.0,0.0,No
-0.45652173913043476,-0.47470101195952163,1.0,-1.0,1.0,No
0.9130434782608695,0.6209751609935603,0.0,0.0,0.0,No
0.30434782608695654,0.40846366145354196,0.0,0.0,0.0,No
-0.5869565217391305,0.4323827046918124,0.0,0.0,0.0,Yes
0.0,0.5722171113155476,0.0,0.0,0.0,No
-0.30434782608695654,0.25666973321067166,0.0,0.0,0.0,Yes
0.782608695652174,0.4452621895124196,0.0,0.0,0.0,No
0.13043478260869565,0.46274149034038653,0.0,0.0,0.0,No
0.7608695652173914,0.5510579576816929,0.0,0.0,0.0,No
0.6304347826086957,-0.2732290708371664,1.0,-1.0,1.0,No
-0.2391304347826087,-0.3771849126034958,0.0,0.0,0.0,No
0.8260869565217391,0.35326586936522547,0.0,0.0,0.0,No
0.7391304347826086,-0.9420423183072677,0.0,0.0,0.0,No
0.6739130434782609,0.5418583256669735,0.0,0.0,0.0,No
-0.43478260869565216,0.2585096596136157,0.0,0.0,0.0,Yes
0.8913043478260869,0.7856485740570378,0.0,0.0,0.0,No
-0.30434782608695654,0.5657773689052439,0.0,0.0,0.0,Yes
0.41304347826086957,-0.9273229070837166,0.0,0.0,0.0,No
-0.3695652173913043,0.06991720331186774,0.0,0.0,0.0,No
0.9130434782608695,0.39834406623735064,0.0,0.0,0.0,No
0.32608695652173914,0.06439742410303588,0.0,0.0,0.0,No
-0.6086956521739131,-0.36614535418583244,0.0,0.0,0.0,Yes
0.34782608695652173,-0.8445262189512419,0.0,0.0,0.0,No
-0.13043478260869565,-0.8380864765409384,0.0,0.0,0.0,No
0.30434782608695654,-0.10119595216191353,0.0,0.0,0.0,No
0.13043478260869565,-0.9126034958601655,0.0,0.0,0.0,No
-0.43478260869565216,-0.025758969641214196,0.0,0.0,0.0,No
-0.3695652173913043,0.5446182152713893,0.0,0.0,0.0,Yes
0.782608695652174,0.7184912603495863,0.0,0.0,0.0,No
-0.5869565217391305,0.38730450781968745,0.0,0.0,0.0,Yes
-0.043478260869565216,-0.3928242870285188,0.0,0.0,0.0,No
0.2391304347826087,-0.3698252069917203,0.0,0.0,0.0,No
-0.5217391304347826,0.09567617295308194,0.0,0.0,0.0,Yes
-0.45652173913043476,-0.9282428702851886,0.0,0.0,0.0,No
0.6304347826086957,0.5050597976080958,0.0,0.0,0.0,No
0.5,0.5510579576816929,0.0,0.0,0.0,No
-0.5652173913043478,-0.26770929162833484,0.0,0.0,0.0,No
0.2608695652173913,0.7506899724011042,0.0,0.0,0.0,No
-0.1956521739130435,0.5188592456301749,0.0,0.0,0.0,No
-0.6086956521739131,-0.37350505979760806,0.0,0.0,0.0,No
-0.5434782608695652,0.19227230910763576,0.0,0.0,0.0,Yes
-0.13043478260869565,-0.9107635694572217,0.0,0.0,0.0,No
-0.5,-0.9356025758969642,0.0,0.0,0.0,No
-0.45652173913043476,-0.9383624655013799,0.0,0.0,0.0,No
-0.2391304347826087,-0.015639374425022896,0.0,0.0,0.0,No
0.5,-0.39650413983440663,1.0,-1.0,1.0,No
0.043478260869565216,0.4443422263109477,0.0,0.0,0.0,No
0.0,-0.9144434222631095,0.0,0.0,0.0,No
0.15217391304347827,0.6568537258509661,0.0,0.0,0.0,No
-0.2826086956521739,0.5455381784728612,0.0,0.0,0.0,Yes
0.2826086956521739,0.6982520699172035,0.0,0.0,0.0,No
-0.6086956521739131,-0.9162833486660534,0.0,0.0,0.0,Yes
0.6739130434782609,0.5390984360625578,0.0,0.0,0.0,No
-0.5217391304347826,0.27506899724011047,0.0,0.0,0.0,Yes
-0.15217391304347827,0.47010119595216215,0.0,0.0,0.0,No
0.15217391304347827,-0.9264029438822448,0.0,0.0,0.0,No
-0.5434782608695652,0.0009199632014721504,0.0,0.0,0.0,Yes
-0.43478260869565216,-0.0993560257589695,0.0,0.0,0.0,No
-0.6086956521739131,0.078196872125115,0.0,0.0,0.0,No
-0.3695652173913043,-0.38914443422263095,0.0,0.0,0.0,No
-0.13043478260869565,0.06255749770009211,0.0,0.0,0.0,No
0.717391304347826,0.40386384544618226,0.0,0.0,0.0,No
0.17391304347826086,0.5234590616375346,0.0,0.0,0.0,Yes
-0.45652173913043476,-0.9411223551057957,0.0,0.0,0.0,No
0.043478260869565216,0.3367065317387307,0.0,0.0,0.0,No
-0.34782608695652173,0.07451701931922745,0.0,0.0,0.0,Yes
-0.10869565217391304,0.5225390984360627,0.0,0.0,0.0,Yes
0.34782608695652173,0.4710211591536341,0.0,0.0,0.0,No
0.8695652173913043,0.644894204231831,0.0,0.0,0.0,No
-0.5869565217391305,-0.9218031278748849,0.0,0.0,0.0,No
0.6956521739130435,0.6559337626494942,0.0,0.0,0.0,Yes
0.2608695652173913,0.6320147194112238,0.0,0.0,0.0,Yes
0.32608695652173914,-0.39190432382704693,1.0,-1.0,1.0,No
0.21739130434782608,-0.640294388224471,1.0,-1.0,1.0,No
0.9347826086956522,-0.09659613615455383,1.0,-1.0,1.0,No
-0.34782608695652173,0.4875804967801288,0.0,0.0,0.0,No
0.4782608695652174,-0.01103955841766319,0.0,0.0,0.0,No
0.9130434782608695,0.5308187672493102,0.0,0.0,0.0,No
-0.15217391304347827,0.4848206071757132,0.0,0.0,0.0,Yes
-0.5869565217391305,-0.28150873965041395,0.0,0.0,0.0,Yes
0.5869565217391305,0.6706531738730452,0.0,0.0,0.0,No
-0.6086956521739131,-0.35142594296228147,0.0,0.0,0.0,No
-0.13043478260869565,-0.23183072677092909,0.0,0.0,0.0,No
0.8043478260869565,0.009199632014719412,0.0,0.0,0.0,No
-0.6086956521739131,-0.9346826126954922,0.0,0.0,0.0,No
-0.21739130434782608,0.3284268629254832,0.0,0.0,0.0,Yes
-0.391304347826087,0.16835326586936536,0.0,0.0,0.0,No
-0.45652173913043476,-0.9310027598896045,0.0,0.0,0.0,Yes
0.5,0.5114995400183995,0.0,0.0,0.0,No
-0.5652173913043478,-0.9218031278748849,0.0,0.0,0.0,No
0.4782608695652174,0.16191352345906188,0.0,0.0,0.0,No
-0.30434782608695654,0.09751609935602598,0.0,0.0,0.0,Yes
0.7608695652173914,0.439742410303588,0.0,0.0,0.0,No
0.17391304347826086,-0.5547378104875804,1.0,-1.0,1.0,No
-0.34782608695652173,-0.9273229070837166,0.0,0.0,0.0,No
0.43478260869565216,-0.2759889604415822,0.0,0.0,0.0,No
0.34782608695652173,0.5850965961361548,0.0,0.0,0.0,No
-0.2391304347826087,0.013799448022079119,0.0,0.0,0.0,No
-0.6086956521739131,0.08003679852805905,0.0,0.0,0.0,Yes
0.8478260869565217,-0.2989880404783808,1.0,-1.0,1.0,No
0.5434782608695652,-0.9328426862925483,0.0,0.0,0.0,No
-0.13043478260869565,0.3330266789328429,0.0,0.0,0.0,No
-0.2608695652173913,0.1159153633854648,0.0,0.0,0.0,Yes
0.9130434782608695,0.1849126034958604,0.0,0.0,0.0,No
0.8260869565217391,-0.9402023919043239,0.0,0.0,0.0,No
-0.32608695652173914,0.26586936522539106,0.0,0.0,0.0,No
-0.6086956521739131,-0.8196872125114996,1.0,-1.0,1.0,Yes
0.7391304347826086,-0.9356025758969642,0.0,0.0,0.0,No
0.2608695652173913,-0.03219871205151794,0.0,0.0,0.0,No
-0.2608695652173913,0.4093836246550138,0.0,0.0,0.0,No
0.5869565217391305,0.5556577736890526,0.0,0.0,0.0,No
-0.5217391304347826,-0.9162833486660534,0.0,0.0,0.0,No
-0.5869565217391305,-0.5105795768169272,1.0,-1.0,1.0,Yes
-0.5652173913043478,-0.9337626494940202,0.0,0.0,0.0,No
0.17391304347826086,-0.05335786568537244,0.0,0.0,0.0,No
0.0,-0.027598896044158237,0.0,0.0,0.0,Yes
-0.45652173913043476,-0.49310027598896045,0.0,0.0,0.0,No
0.7391304347826086,0.7267709291628336,0.0,0.0,0.0,No
-0.4782608695652174,-0.9144434222631095,0.0,0.0,0.0,No
-0.5652173913043478,0.46090156393744275,0.0,0.0,0.0,No
0.9347826086956522,-0.9080036798528058,0.0,0.0,0.0,No
-0.21739130434782608,-0.2603495860165592,0.0,0.0,0.0,No
0.6521739130434783,-0.9558417663293468,0.0,0.0,0.0,No
-0.5869565217391305,0.361545538178473,0.0,0.0,0.0,Yes
0.13043478260869565,-0.8206071757129715,0.0,0.0,0.0,No
-0.32608695652173914,-0.9337626494940202,0.0,0.0,0.0,No
-0.32608695652173914,0.09199632014719412,0.0,0.0,0.0,Yes
0.8695652173913043,-0.9300827966881325,0.0,0.0,0.0,No
-0.4782608695652174,-0.11315547378104861,0.0,0.0,0.0,No
0.8695652173913043,0.09935602575896976,0.0,0.0,0.0,No
0.9347826086956522,0.15823367065317404,0.0,0.0,0.0,No
-0.45652173913043476,0.5611775528978842,0.0,0.0,0.0,Yes
-0.5434782608695652,-0.36890524379024836,0.0,0.0,0.0,No
0.7391304347826086,0.18307267709291636,0.0,0.0,0.0,No
0.9347826086956522,-0.9291628334866605,0.0,0.0,0.0,No
0.3695652173913043,-0.906163753449862,0.0,0.0,0.0,No
-0.5217391304347826,-0.007359705611775373,0.0,0.0,0.0,Yes
0.021739130434782608,-0.37442502299908,0.0,0.0,0.0,No
0.7391304347826086,0.6329346826126957,0.0,0.0,0.0,No
0.6739130434782609,-0.9291628334866605,0.0,0.0,0.0,No
0.7391304347826086,0.6835326586936524,0.0,0.0,0.0,Yes
-0.08695652173913043,0.28610855565777393,0.0,0.0,0.0,No
-0.6086956521739131,-0.4507819687212511,0.0,0.0,0.0,Yes
-0.5,0.19227230910763576,0.0,0.0,0.0,No
-0.15217391304347827,-0.8298068077276909,0.0,0.0,0.0,No
0.043478260869565216,0.18767249310027606,0.0,0.0,0.0,No
0.21739130434782608,0.205151793928243,0.0,0.0,0.0,No
-0.06521739130434782,-0.9098436062557498,0.0,0.0,0.0,No
0.5217391304347826,0.6577736890524379,0.0,0.0,0.0,Yes
-0.6086956521739131,0.39282428702851907,0.0,0.0,0.0,Yes
-0.3695652173913043,-0.05703771849126025,0.0,0.0,0.0,No
-0.2826086956521739,0.4645814167433303,0.0,0.0,0.0,Yes
-0.5869565217391305,-0.9199632014719411,0.0,0.0,0.0,No
0.21739130434782608,-0.46550137994480223,1.0,-1.0,1.0,No
-0.6086956521739131,0.08463661453541875,0.0,0.0,0.0,Yes
-0.4782608695652174,-0.6568537258509659,1.0,-1.0,1.0,No
-0.5434782608695652,-0.018399264029438825,0.0,0.0,0.0,No
-0.41304347826086957,0.4599816007359706,0.0,0.0,0.0,Yes
0.5652173913043478,0.20607175712971487,0.0,0.0,0.0,No
0.9347826086956522,0.09291628334866628,0.0,0.0,0.0,No
-0.41304347826086957,-0.04691812327506895,0.0,0.0,0.0,No
-0.391304347826087,0.755289788408464,0.0,0.0,0.0,No
-0.30434782608695654,-0.44250229990800366,0.0,0.0,0.0,No
-0.13043478260869565,-0.9190432382704692,0.0,0.0,0.0,No
-0.6086956521739131,-0.9254829806807728,0.0,0.0,0.0,No
-0.5652173913043478,-0.4664213431462741,0.0,0.0,0.0,Yes
0.391304347826087,0.4737810487580497,0.0,0.0,0.0,No
-0.30434782608695654,-0.9328426862925483,0.0,0.0,0.0,No
0.8043478260869565,0.5363385464581418,0.0,0.0,0.0,Yes
0.8478260869565217,-0.17847286108555652,0.0,0.0,0.0,No
-0.2608695652173913,0.5197792088316467,0.0,0.0,0.0,Yes
-0.4782608695652174,-0.19963201471941114,0.0,0.0,0.0,Yes
-0.3695652173913043,0.18583256669733228,0.0,0.0,0.0,Yes
-0.17391304347826086,0.02483900643974257,0.0,0.0,0.0,No
-0.17391304347826086,-0.6320147194112236,1.0,-1.0,1.0,No
0.5869565217391305,-0.09475620975160978,0.0,0.0,0.0,No
-0.5,-0.3937442502299907,0.0,0.0,0.0,No
0.782608695652174,-0.3100275988960441,1.0,-1.0,1.0,No
0.2826086956521739,0.18583256669733228,0.0,0.0,0.0,No
0.8478260869565217,0.7120515179392826,0.0,0.0,0.0,No
0.41304347826086957,-0.8104875804967802,0.0,0.0,0.0,No
0.45652173913043476,0.6706531738730452,0.0,0.0,0.0,No
-0.4782608695652174,-0.0993560257589695,0.0,0.0,0.0,No
0.7391304347826086,-0.9383624655013799,0.0,0.0,0.0,No
-0.2608695652173913,-0.906163753449862,0.0,0.0,0.0,No
0.2826086956521739,0.13983440662373522,0.0,0.0,0.0,Yes
-0.5434782608695652,-0.9475620975160993,0.0,0.0,0.0,No
0.717391304347826,-0.8160073597056118,0.0,0.0,0.0,No
-0.5869565217391305,0.08003679852805905,0.0,0.0,0.0,Yes
-0.5869565217391305,0.0,0.0,0.0,0.0,No
0.41304347826086957,0.488500459981601,0.0,0.0,0.0,No
-0.043478260869565216,-0.9346826126954922,0.0,0.0,0.0,No
0.8913043478260869,0.1849126034958604,0.0,0.0,0.0,No
-0.6086956521739131,0.33946642134314636,0.0,0.0,0.0,Yes
0.3695652173913043,0.44710211591536364,0.0,0.0,0.0,No
0.021739130434782608,0.3661453541858327,0.0,0.0,0.0,Yes
-0.30434782608695654,-0.10487580496780109,0.0,0.0,0.0,Yes
0.8695652173913043,0.46734130634774623,0.0,0.0,0.0,No
0.782608695652174,-0.9346826126954922,0.0,0.0,0.0,No
0.9347826086956522,0.6209751609935603,0.0,0.0,0.0,No
-0.34782608695652173,0.34406623735050607,0.0,0.0,0.0,Yes
-0.2608695652173913,-0.9245630174793008,0.0,0.0,0.0,No
0.4782608695652174,0.7580496780128796,0.0,0.0,0.0,No
0.4782608695652174,-0.18123275068997233,0.0,0.0,0.0,No
0.9347826086956522,0.37902483900643996,0.0,0.0,0.0,No
0.8260869565217391,0.31370745170193215,0.0,0.0,0.0,Yes
0.10869565217391304,-0.9319227230910763,0.0,0.0,0.0,No
0.8260869565217391,-0.35694572217111303,1.0,-1.0,1.0,No
0.43478260869565216,-0.9254829806807728,0.0,0.0,0.0,No
0.5217391304347826,-0.937442502299908,0.0,0.0,0.0,No
-0.043478260869565216,-0.20055197792088303,0.0,0.0,0.0,No
-0.13043478260869565,0.4489420423183074,0.0,0.0,0.0,Yes
0.8695652173913043,0.205151793928243,0.0,0.0,0.0,No
-0.5869565217391305,-0.7598896044158234,1.0,-1.0,1.0,No
0.13043478260869565,0.29622815087396526,0.0,0.0,0.0,Yes
0.3695652173913043,0.004599816007359706,0.0,0.0,0.0,No
0.5434782608695652,0.4940202391904326,0.0,0.0,0.0,No
0.5869565217391305,0.5133394664213433,0.0,0.0,0.0,Yes
-0.43478260869565216,0.09935602575896976,0.0,0.0,0.0,Yes
-0.1956521739130435,-0.20515179392824273,0.0,0.0,0.0,No
-0.391304347826087,0.10211591536338568,0.0,0.0,0.0,No
0.021739130434782608,0.3624655013799449,0.0,0.0,0.0,No
0.8478260869565217,0.011039558417663452,0.0,0.0,0.0,No
0.1956521739130435,0.5933762649494021,0.0,0.0,0.0,No
-0.2608695652173913,0.2759889604415824,0.0,0.0,0.0,Yes
0.41304347826086957,0.6577736890524379,0.0,0.0,0.0,Yes
-0.6086956521739131,-0.48850045998160074,0.0,0.0,0.0,No
0.7391304347826086,-0.20883164673413054,1.0,-1.0,1.0,No
-0.5652173913043478,-0.007359705611775373,0.0,0.0,0.0,No
0.41304347826086957,-0.8463661453541858,0.0,0.0,0.0,No
0.8043478260869565,-0.7525298988040477,1.0,-1.0,1.0,No
0.8478260869565217,0.2585096596136157,0.0,0.0,0.0,No
-0.2608695652173913,-0.46550137994480223,0.0,0.0,0.0,Yes
-0.4782608695652174,-0.9144434222631095,0.0,0.0,0.0,No
0.9347826086956522,0.3081876724931003,0.0,0.0,0.0,No
0.0,-0.9291628334866605,0.0,0.0,0.0,No
0.17391304347826086,0.3679852805887765,0.0,0.0,0.0,No
0.10869565217391304,0.7258509659613617,0.0,0.0,0.0,Yes
0.2826086956521739,0.2631094756209754,0.0,0.0,0.0,Yes
0.6521739130434783,-0.08923643054277819,0.0,0.0,0.0,No
-0.391304347826087,0.16835326586936536,0.0,0.0,0.0,Yes
0.6739130434782609,0.19503219871205169,0.0,0.0,0.0,No
-0.043478260869565216,-0.26126954921803125,0.0,0.0,0.0,No
-0.6086956521739131,0.2842686292548299,0.0,0.0,0.0,Yes
-0.6086956521739131,0.1609935602575897,0.0,0.0,0.0,Yes
-0.2608695652173913,-0.6614535418583256,1.0,-1.0,1.0,No
0.6304347826086957,-0.9126034958601655,0.0,0.0,0.0,No
-0.6086956521739131,-0.9484820607175714,0.0,0.0,0.0,No
-0.5652173913043478,-0.47930082796688134,0.0,0.0,0.0,Yes
0.5217391304347826,0.376264949402024,0.0,0.0,0.0,No
0.13043478260869565,-0.8233670653173872,0.0,0.0,0.0,No
0.45652173913043476,0.6550137994480223,0.0,0.0,0.0,Yes
0.8478260869565217,0.008279668813247524,0.0,0.0,0.0,No
0.391304347826087,-0.8270469181232751,0.0,0.0,0.0,No
0.782608695652174,0.7074517019319229,0.0,0.0,0.0,No
-0.5217391304347826,-0.01103955841766319,0.0,0.0,0.0,Yes
0.4782608695652174,0.44710211591536364,0.0,0.0,0.0,Yes
0.3695652173913043,0.47286108555657785,0.0,0.0,0.0,Yes
-0.43478260869565216,0.11959521619135235,0.0,0.0,0.0,No
-0.45652173913043476,-0.9218031278748849,0.0,0.0,0.0,No
-0.32608695652173914,-0.8380864765409384,0.0,0.0,0.0,No
0.34782608695652173,0.833486660533579,0.0,0.0,0.0,No
-0.45652173913043476,0.078196872125115,0.0,0.0,0.0,No
-0.6086956521739131,-0.37166513339466417,0.0,0.0,0.0,Yes
0.8043478260869565,0.6034958601655936,0.0,0.0,0.0,No
0.9347826086956522,0.03219871205151794,0.0,0.0,0.0,No
0.2608695652173913,0.7957681692732291,0.0,0.0,0.0,Yes
-0.13043478260869565,-0.8325666973321066,0.0,0.0,0.0,No
0.0,0.15731370745170214,0.0,0.0,0.0,Yes
-0.5434782608695652,0.1803127874885007,0.0,0.0,0.0,No
-0.5,-0.8270469181232751,0.0,0.0,0.0,No
0.8260869565217391,0.644894204231831,0.0,0.0,0.0,No
-0.4782608695652174,-0.452621895124195,0.0,0.0,0.0,No
0.5869565217391305,-0.8445262189512419,0.0,0.0,0.0,No
0.9347826086956522,-0.8344066237350506,0.0,0.0,0.0,No
0.9347826086956522,0.2741490340386386,0.0,0.0,0.0,No
-0.13043478260869565,-0.9337626494940202,0.0,0.0,0.0,No
0.13043478260869565,-0.37166513339466417,0.0,0.0,0.0,No
-0.043478260869565216,0.0036798528058878174,0.0,0.0,0.0,No
-0.06521739130434782,-0.18951241950321984,0.0,0.0,0.0,Yes
-0.3695652173913043,-0.8086476540938362,0.0,0.0,0.0,No
0.2391304347826087,-0.9236430542778289,0.0,0.0,0.0,No
-0.4782608695652174,-0.21159153633854635,1.0,-1.0,1.0,No
0.8913043478260869,0.5004599816007361,0.0,0.0,0.0,No
0.6739130434782609,-0.9328426862925483,0.0,0.0,0.0,No
0.21739130434782608,-0.8298068077276909,1.0,-1.0,1.0,No
0.9347826086956522,0.8114075436982523,0.0,0.0,0.0,No
-0.6086956521739131,-0.6559337626494939,1.0,-1.0,1.0,Yes
0.5434782608695652,0.006439742410303745,0.0,0.0,0.0,No
-0.5652173913043478,0.27506899724011047,0.0,0.0,0.0,Yes
0.7391304347826086,0.09567617295308194,0.0,0.0,0.0,No
0.9130434782608695,0.26586936522539106,0.0,0.0,0.0,No
0.2826086956521739,-0.9144434222631095,0.0,0.0,0.0,No
0.391304347826087,-0.9181232750689972,0.0,0.0,0.0,No
0.8043478260869565,0.5906163753449865,0.0,0.0,0.0,Yes
-0.17391304347826086,0.6264949402023922,0.0,0.0,0.0,Yes
-0.391304347826087,-0.6384544618215271,1.0,-1.0,1.0,No
-0.6086956521739131,0.5409383624655015,0.0,0.0,0.0,Yes
0.5652173913043478,0.3698252069917205,0.0,0.0,0.0,No
0.8695652173913043,0.5022999080036801,0.0,0.0,0.0,No
-0.5652173913043478,0.06439742410303588,0.0,0.0,0.0,No
-0.5434782608695652,0.07451701931922745,0.0,0.0,0.0,Yes
0.021739130434782608,-0.02299908003679853,0.0,0.0,0.0,No
-0.5217391304347826,0.22815087396504152,0.0,0.0,0.0,No
0.9130434782608695,-0.8454461821527139,0.0,0.0,0.0,No
0.0,-0.27782888684452617,0.0,0.0,0.0,No
0.5,-0.1655933762649493,0.0,0.0,0.0,No
0.8478260869565217,0.11775528978840857,0.0,0.0,0.0,No
0.3695652173913043,-0.937442502299908,0.0,0.0,0.0,No
-0.45652173913043476,-0.2870285188592456,0.0,0.0,0.0,No
0.9347826086956522,-0.9319227230910763,0.0,0.0,0.0,No
-0.2608695652173913,-0.9282428702851886,0.0,0.0,0.0,No
-0.5652173913043478,0.6918123275068999,0.0,0.0,0.0,No
-0.5869565217391305,0.24747010119595225,0.0,0.0,0.0,No
-0.43478260869565216,0.07175712971481152,0.0,0.0,0.0,Yes
0.4782608695652174,-0.25666973321067155,1.0,-1.0,1.0,No
-0.5,-0.9245630174793008,0.0,0.0,0.0,No
-0.5652173913043478,0.45170193192272334,0.0,0.0,0.0,No
-0.2608695652173913,0.4388224471021161,0.0,0.0,0.0,No
0.021739130434782608,-0.3762649494020239,0.0,0.0,0.0,No
0.043478260869565216,0.01287948482060723,0.0,0.0,0.0,No
0.34782608695652173,0.20791168353265893,0.0,0.0,0.0,No
0.7608695652173914,0.3514259429622817,0.0,0.0,0.0,No
-0.6086956521739131,-0.19319227230910752,0.0,0.0,0.0,Yes
-0.6086956521739131,-0.013799448022079119,0.0,0.0,0.0,Yes
0.6956521739130435,0.5271389144434224,0.0,0.0,0.0,No
-0.6086956521739131,-0.9438822447102116,0.0,0.0,0.0,No
-0.43478260869565216,-0.4590616375344986,1.0,-1.0,1.0,Yes
0.9347826086956522,0.8114075436982523,0.0,0.0,0.0,No
-0.6086956521739131,-0.9356025758969642,0.0,0.0,0.0,Yes
-0.4782608695652174,-0.4802207911683532,0.0,0.0,0.0,No
0.8043478260869565,0.3716651333946643,0.0,0.0,0.0,No
-0.6086956521739131,-0.008279668813247262,0.0,0.0,0.0,Yes
0.2391304347826087,-0.9190432382704692,0.0,0.0,0.0,No
-0.2826086956521739,0.019319227230910976,0.0,0.0,0.0,No
-0.5869565217391305,0.30910763569457245,0.0,0.0,0.0,Yes
0.8260869565217391,-0.8371665133394663,0.0,0.0,0.0,No
0.2608695652173913,0.6274149034038641,0.0,0.0,0.0,No
0.5869565217391305,-0.9300827966881325,0.0,0.0,0.0,No
0.9347826086956522,0.8482060717571299,0.0,0.0,0.0,No
-0.5652173913043478,0.2649494020239192,0.0,0.0,0.0,Yes
0.5434782608695652,-0.9254829806807728,0.0,0.0,0.0,No
0.5,0.7433302667893286,0.0,0.0,0.0,No
0.45652173913043476,0.3560257589696414,0.0,0.0,0.0,No
-0.32608695652173914,0.3606255749770011,0.0,0.0,0.0,Yes
-0.043478260869565216,-0.3983440662373504,0.0,0.0,0.0,No
0.9347826086956522,0.4829806807727691,0.0,0.0,0.0,No
0.717391304347826,0.07267709291628341,0.0,0.0,0.0,No
-0.3695652173913043,-0.29530818767249306,0.0,0.0,0.0,No
0.32608695652173914,0.0827966881324747,0.0,0.0,0.0,No
0.5434782608695652,0.17663293468261287,0.0,0.0,0.0,No
0.8478260869565217,-0.9254829806807728,0.0,0.0,0.0,No
-0.1956521739130435,-0.937442502299908,0.0,0.0,0.0,No
0.45652173913043476,-0.28426862925482976,0.0,0.0,0.0,No
0.6304347826086957,-0.8445262189512419,0.0,0.0,0.0,No
0.13043478260869565,0.35510579576816953,0.0,0.0,0.0,No
-0.5869565217391305,-0.4590616375344986,0.0,0.0,0.0,No
0.7391304347826086,0.09843606255749787,0.0,0.0,0.0,No
0.6304347826086957,0.7414903403863848,0.0,0.0,0.0,No
-0.043478260869565216,-0.9162833486660534,0.0,0.0,0.0,No
0.9130434782608695,0.8242870285188595,0.0,0.0,0.0,No
0.7391304347826086,-0.2171113155473781,0.0,0.0,0.0,No
0.9130434782608695,0.4213431462741492,0.0,0.0,0.0,No
0.2608695652173913,0.7884084636614538,0.0,0.0,0.0,Yes
-0.34782608695652173,0.3707451701931924,0.0,0.0,0.0,Yes
-0.5869565217391305,0.15915363385464593,0.0,0.0,0.0,Yes
0.8478260869565217,-0.9383624655013799,0.0,0.0,0.0,No
-0.6086956521739131,-0.3974241030358785,0.0,0.0,0.0,No
0.782608695652174,0.7120515179392826,0.0,0.0,0.0,No
0.9347826086956522,-0.8344066237350506,0.0,0.0,0.0,No
-0.021739130434782608,-0.28426862925482976,0.0,0.0,0.0,No
0.9347826086956522,-0.8390064397424103,0.0,0.0,0.0,No
-0.5869565217391305,0.38270469181232775,0.0,0.0,0.0,No
-0.2391304347826087,-0.9236430542778289,0.0,0.0,0.0,Yes
0.6739130434782609,0.62557497700092,0.0,0.0,0.0,No
-0.06521739130434782,-0.07911683532658689,0.0,0.0,0.0,No
-0.6086956521739131,0.023919043238270682,0.0,0.0,0.0,Yes
-0.5434782608695652,-0.9199632014719411,0.0,0.0,0.0,Yes
0.8478260869565217,0.4020239190432385,0.0,0.0,0.0,No
0.1956521739130435,0.25574977000919974,0.0,0.0,0.0,Yes
0.2826086956521739,0.6412143514259432,0.0,0.0,0.0,No
0.6086956521739131,-0.9337626494940202,0.0,0.0,0.0,No
0.5434782608695652,-0.735050597976081,1.0,-1.0,1.0,No
-0.3695652173913043,0.1425942962281509,0.0,0.0,0.0,Yes
0.32608695652173914,-0.1628334866605335,0.0,0.0,0.0,No
0.2826086956521739,-0.017479300827966674,0.0,0.0,0.0,No
0.9347826086956522,-0.8390064397424103,0.0,0.0,0.0,No
0.9130434782608695,0.38086476540938374,0.0,0.0,0.0,No
-0.21739130434782608,0.35510579576816953,0.0,0.0,0.0,Yes
-0.13043478260869565,0.06071757129714833,0.0,0.0,0.0,No
0.021739130434782608,-0.937442502299908,0.0,0.0,0.0,No
0.13043478260869565,-0.812327506899724,0.0,0.0,0.0,No
-0.41304347826086957,0.5216191352345908,0.0,0.0,0.0,Yes
-0.6086956521739131,-0.4875804967801287,0.0,0.0,0.0,No
-0.15217391304347827,-0.011959521619135079,0.0,0.0,0.0,No
-0.4782608695652174,-0.5850965961361546,1.0,-1.0,1.0,No
0.15217391304347827,-0.3173873045078196,1.0,-1.0,1.0,No
0.10869565217391304,-0.9144434222631095,0.0,0.0,0.0,No
0.9347826086956522,-0.1085556577736889,0.0,0.0,0.0,No
0.15217391304347827,-0.8325666973321066,0.0,0.0,0.0,No
-0.6086956521739131,0.11039558417663295,0.0,0.0,0.0,Yes
-0.13043478260869565,0.16191352345906188,0.0,0.0,0.0,Yes
0.06521739130434782,0.2695492180312789,0.0,0.0,0.0,Yes
0.9130434782608695,0.45630174793008305,0.0,0.0,0.0,No
-0.13043478260869565,0.1655933762649494,0.0,0.0,0.0,No
-0.2608695652173913,0.48390064397424126,0.0,0.0,0.0,No
-0.6086956521739131,0.09475620975161005,0.0,0.0,0.0,No
-0.3695652173913043,-0.9319227230910763,0.0,0.0,0.0,No
0.9347826086956522,-0.9172033118675252,0.0,0.0,0.0,No
-0.6086956521739131,-0.9411223551057957,0.0,0.0,0.0,No
0.9347826086956522,0.515179392824287,0.0,0.0,0.0,No
0.6739130434782609,0.0735970561177553,0.0,0.0,0.0,No
0.6956521739130435,-0.3495860165593375,1.0,-1.0,1.0,No
-0.5,-0.4544618215271389,0.0,0.0,0.0,No
0.06521739130434782,0.27506899724011047,0.0,0.0,0.0,Yes
0.043478260869565216,0.298068077276909,0.0,0.0,0.0,Yes
-0.21739130434782608,0.06439742410303588,0.0,0.0,0.0,Yes
0.9347826086956522,-0.9208831646734131,0.0,0.0,0.0,No
0.06521739130434782,-0.29714811407543684,0.0,0.0,0.0,No
0.782608695652174,0.37350505979760834,0.0,0.0,0.0,No
0.34782608695652173,-0.35786568537258506,1.0,-1.0,1.0,No
0.2826086956521739,-0.8334866605335787,0.0,0.0,0.0,No
-0.45652173913043476,0.0827966881324747,0.0,0.0,0.0,No
0.06521739130434782,-0.9172033118675252,0.0,0.0,0.0,No
-0.15217391304347827,-0.12511499540018395,0.0,0.0,0.0,No
0.6086956521739131,-0.4691812327506899,1.0,-1.0,1.0,Yes
-0.6086956521739131,-0.4121435142594295,0.0,0.0,0.0,No
-0.6086956521739131,-0.4645814167433302,0.0,0.0,0.0,Yes
-0.6086956521739131,-0.4664213431462741,0.0,0.0,0.0,No
-0.10869565217391304,0.47194112235510594,0.0,0.0,0.0,Yes
-0.6086956521739131,-0.9254829806807728,0.0,0.0,0.0,Yes
0.5434782608695652,0.3624655013799449,0.0,0.0,0.0,No
-0.5434782608695652,-0.828886844526219,0.0,0.0,0.0,No
0.782608695652174,0.7046918123275072,0.0,0.0,0.0,Yes
0.5869565217391305,-0.8472861085556578,0.0,0.0,0.0,No
0.34782608695652173,0.10303587856485757,0.0,0.0,0.0,No
0.9130434782608695,-0.9319227230910763,0.0,0.0,0.0,No
0.6521739130434783,-0.07267709291628315,0.0,0.0,0.0,No
0.8695652173913043,-0.6366145354185833,1.0,-1.0,1.0,No
-0.21739130434782608,-0.9484820607175714,0.0,0.0,0.0,No
0.5652173913043478,-0.937442502299908,0.0,0.0,0.0,No
0.1956521739130435,-0.939282428702852,0.0,0.0,0.0,No
-0.41304347826086957,-0.45630174793008277,0.0,0.0,0.0,Yes
0.391304347826087,-0.05335786568537244,0.0,0.0,0.0,No
-0.5869565217391305,-0.6485740570377184,1.0,-1.0,1.0,Yes
-0.6086956521739131,-0.44434222631094744,0.0,0.0,0.0,Yes
-0.6086956521739131,-0.4636614535418583,0.0,0.0,0.0,Yes
-0.6086956521739131,-0.49770009199632015,1.0,-1.0,1.0,Yes
0.3695652173913043,-0.9245630174793008,0.0,0.0,0.0,No
0.1956521739130435,-0.2428702851885924,0.0,0.0,0.0,Yes
0.782608695652174,-0.21067157313707446,0.0,0.0,0.0,No
-0.21739130434782608,0.0524379024839008,0.0,0.0,0.0,Yes
0.5,0.2759889604415824,0.0,0.0,0.0,Yes
0.9130434782608695,-0.936522539098436,0.0,0.0,0.0,No
-0.6086956521739131,-0.44894204231830714,0.0,0.0,0.0,Yes
0.5,-0.3652253909843606,1.0,-1.0,1.0,No
-0.5,-0.8325666973321066,0.0,0.0,0.0,No
-0.06521739130434782,-0.1775528978840845,0.0,0.0,0.0,No
0.41304347826086957,0.5271389144434224,0.0,0.0,0.0,No
0.7608695652173914,0.6264949402023922,0.0,0.0,0.0,No
-0.5652173913043478,0.24655013799448036,0.0,0.0,0.0,Yes
-0.6086956521739131,-0.48390064397424104,0.0,0.0,0.0,No
0.9347826086956522,-0.8509659613615455,0.0,0.0,0.0,No
-0.6086956521739131,-0.45630174793008277,0.0,0.0,0.0,No
0.4782608695652174,0.4314627414903405,0.0,0.0,0.0,No
0.2608695652173913,-0.9319227230910763,0.0,0.0,0.0,No
0.9347826086956522,0.005519779208831856,0.0,0.0,0.0,No
0.30434782608695654,0.29622815087396526,0.0,0.0,0.0,No
0.9347826086956522,0.8049678012879485,0.0,0.0,0.0,No
0.391304347826087,0.45722171113155496,0.0,0.0,0.0,No
0.9347826086956522,0.33486660533578666,0.0,0.0,0.0,No
-0.5652173913043478,-0.9126034958601655,0.0,0.0,0.0,No
-0.6086956521739131,-0.005519779208831595,0.0,0.0,0.0,Yes
-0.5869565217391305,0.2879484820607177,0.0,0.0,0.0,Yes
-0.06521739130434782,-0.4728610855565777,1.0,-1.0,1.0,No
0.0,-0.18675252989880392,0.0,0.0,0.0,No
0.13043478260869565,0.5547378104875806,0.0,0.0,0.0,Yes
-0.043478260869565216,-0.27414903403863833,0.0,0.0,0.0,No
-0.10869565217391304,-0.000919963201471889,0.0,0.0,0.0,No
0.8260869565217391,-0.18307267709291622,0.0,0.0,0.0,No
-0.2826086956521739,0.04231830726770951,0.0,0.0,0.0,Yes
-0.13043478260869565,-0.26770929162833484,0.0,0.0,0.0,No
-0.32608695652173914,-0.7221711131554738,1.0,-1.0,1.0,No
-0.6086956521739131,-0.9080036798528058,0.0,0.0,0.0,Yes
-0.6086956521739131,-0.4645814167433302,0.0,0.0,0.0,Yes
-0.5434782608695652,-0.35694572217111303,1.0,-1.0,1.0,No
-0.2826086956521739,-0.02299908003679853,0.0,0.0,0.0,No
0.3695652173913043,-0.4857405703771848,1.0,-1.0,1.0,No
0.8478260869565217,0.2971481140754371,0.0,0.0,0.0,No
0.1956521739130435,-0.007359705611775373,0.0,0.0,0.0,No
0.021739130434782608,-0.36706531738730447,0.0,0.0,0.0,Yes
-0.5217391304347826,0.15823367065317404,0.0,0.0,0.0,Yes
-0.2608695652173913,0.37902483900643996,0.0,0.0,0.0,No
-0.5434782608695652,-0.9282428702851886,0.0,0.0,0.0,No
-0.3695652173913043,-0.9236430542778289,0.0,0.0,0.0,No
0.9347826086956522,0.3725850965961362,0.0,0.0,0.0,No
-0.5652173913043478,0.39834406623735064,0.0,0.0,0.0,No
0.5869565217391305,0.4434222631094758,0.0,0.0,0.0,Yes
0.2608695652173913,-0.8371665133394663,0.0,0.0,0.0,No
0.2391304347826087,-0.6320147194112236,1.0,-1.0,1.0,No
-0.4782608695652174,0.14995400183992652,0.0,0.0,0.0,No
0.8695652173913043,-0.9273229070837166,0.0,0.0,0.0,No
-0.4782608695652174,-0.9144434222631095,0.0,0.0,0.0,No
-0.5217391304347826,-0.733210671573137,1.0,-1.0,1.0,No
0.9347826086956522,0.6577736890524379,0.0,0.0,0.0,No
0.32608695652173914,-0.9172033118675252,0.0,0.0,0.0,No
0.782608695652174,0.46274149034038653,0.0,0.0,0.0,No
-0.5652173913043478,-0.10579576816927325,0.0,0.0,0.0,No
-0.10869565217391304,-0.3541858325666972,0.0,0.0,0.0,No
0.32608695652173914,0.26586936522539106,0.0,0.0,0.0,Yes
0.9347826086956522,0.344986200551978,0.0,0.0,0.0,No
-0.10869565217391304,-0.28334866605335773,0.0,0.0,0.0,No
-0.6086956521739131,-0.35786568537258506,0.0,0.0,0.0,Yes
-0.15217391304347827,-0.9181232750689972,0.0,0.0,0.0,No
0.8913043478260869,0.2870285188592458,0.0,0.0,0.0,No
-0.08695652173913043,-0.1839926402943881,0.0,0.0,0.0,No
0.17391304347826086,-0.9300827966881325,0.0,0.0,0.0,No
-0.15217391304347827,0.2759889604415824,0.0,0.0,0.0,No
0.6521739130434783,0.03219871205151794,0.0,0.0,0.0,No
0.43478260869565216,0.5418583256669735,0.0,0.0,0.0,Yes
0.391304347826087,0.6807727690892365,0.0,0.0,0.0,Yes
0.043478260869565216,-0.9346826126954922,0.0,0.0,0.0,Yes
-0.6086956521739131,0.19687212511499547,0.0,0.0,0.0,No
-0.5652173913043478,-0.9172033118675252,0.0,0.0,0.0,No
0.5217391304347826,0.7626494940202393,0.0,0.0,0.0,No
-0.6086956521739131,-0.9227230910763569,0.0,0.0,0.0,No
-0.1956521739130435,-0.9319227230910763,0.0,0.0,0.0,No
-0.5652173913043478,0.1609935602575897,0.0,0.0,0.0,Yes
0.4782608695652174,-0.9291628334866605,0.0,0.0,0.0,No
0.4782608695652174,-0.18123275068997233,0.0,0.0,0.0,No
-0.34782608695652173,-0.9346826126954922,0.0,0.0,0.0,No
-0.6086956521739131,-0.9098436062557498,0.0,0.0,0.0,No
-0.6086956521739131,-0.907083716651334,0.0,0.0,0.0,No
0.7391304347826086,0.021159153633854753,0.0,0.0,0.0,No
-0.5652173913043478,-0.28886844526218947,0.0,0.0,0.0,No
0.3695652173913043,-0.9411223551057957,0.0,0.0,0.0,No
-0.6086956521739131,-0.37810487580496777,0.0,0.0,0.0,No
-0.45652173913043476,-0.8252069917203312,1.0,-1.0,1.0,Yes
0.9130434782608695,-0.9172033118675252,0.0,0.0,0.0,No
0.5652173913043478,0.36890524379024864,0.0,0.0,0.0,No
0.8913043478260869,0.3661453541858327,0.0,0.0,0.0,No
-0.5869565217391305,0.19135234590616387,0.0,0.0,0.0,Yes
0.8260869565217391,0.6301747930082797,0.0,0.0,0.0,No
0.782608695652174,0.3955841766329347,0.0,0.0,0.0,Yes
-0.32608695652173914,-0.37074517019319214,0.0,0.0,0.0,No
-0.1956521739130435,0.46274149034038653,0.0,0.0,0.0,No
-0.6086956521739131,0.09199632014719412,0.0,0.0,0.0,Yes
-0.6086956521739131,0.09383624655013816,0.0,0.0,0.0,Yes
0.43478260869565216,0.46090156393744275,0.0,0.0,0.0,No
0.9347826086956522,0.5694572217111317,0.0,0.0,0.0,No
0.3695652173913043,-0.3173873045078196,0.0,0.0,0.0,No
-0.10869565217391304,0.2667893284268629,0.0,0.0,0.0,No
-0.5217391304347826,-0.6642134314627415,1.0,-1.0,1.0,No
0.08695652173913043,0.3357865685372585,0.0,0.0,0.0,No
0.2826086956521739,-0.18767249310027592,0.0,0.0,0.0,No
-0.13043478260869565,0.5446182152713893,0.0,0.0,0.0,No
-0.45652173913043476,0.006439742410303745,0.0,0.0,0.0,No
0.8043478260869565,-0.28610855565777366,0.0,0.0,0.0,No
-0.10869565217391304,-0.38270469181232747,0.0,0.0,0.0,Yes
-0.10869565217391304,-0.28610855565777366,0.0,0.0,0.0,No
0.8695652173913043,0.1517939282428703,0.0,0.0,0.0,Yes
0.5217391304347826,0.5510579576816929,0.0,0.0,0.0,No
0.6739130434782609,-0.3081876724931002,1.0,-1.0,1.0,No
-0.4782608695652174,0.19779208831646736,0.0,0.0,0.0,Yes
-0.1956521739130435,-0.9383624655013799,0.0,0.0,0.0,No
-0.13043478260869565,0.2805887764489421,0.0,0.0,0.0,No
0.9347826086956522,0.19227230910763576,0.0,0.0,0.0,No
-0.391304347826087,0.08463661453541875,0.0,0.0,0.0,Yes
-0.17391304347826086,-0.9337626494940202,0.0,0.0,0.0,No
-0.6086956521739131,0.42686292548298077,0.0,0.0,0.0,Yes
0.043478260869565216,0.37442502299908026,0.0,0.0,0.0,No
0.6086956521739131,-0.01103955841766319,0.0,0.0,0.0,No
0.34782608695652173,-0.9264029438822448,0.0,0.0,0.0,No
-0.41304347826086957,0.4581416743330268,0.0,0.0,0.0,No
0.6304347826086957,0.5841766329346827,0.0,0.0,0.0,Yes
-0.32608695652173914,-0.9273229070837166,0.0,0.0,0.0,No
-0.043478260869565216,0.19319227230910765,0.0,0.0,0.0,No
-0.32608695652173914,0.37810487580496804,0.0,0.0,0.0,Yes
-0.3695652173913043,-0.7571297148114075,1.0,-1.0,1.0,Yes
0.8695652173913043,0.42226310947562107,0.0,0.0,0.0,No
-0.08695652173913043,0.3459061637534501,0.0,0.0,0.0,Yes
0.6304347826086957,0.7083716651333948,0.0,0.0,0.0,Yes
0.13043478260869565,-0.44158233670653163,1.0,-1.0,1.0,No
-0.2826086956521739,0.2649494020239192,0.0,0.0,0.0,Yes
0.34782608695652173,0.15455381784728622,0.0,0.0,0.0,No
-0.2608695652173913,0.24287028518859252,0.0,0.0,0.0,No
-0.6086956521739131,-0.45354185832566685,0.0,0.0,0.0,Yes
-0.15217391304347827,-0.9337626494940202,0.0,0.0,0.0,No
-0.6086956521739131,-0.007359705611775373,0.0,0.0,0.0,Yes
0.8260869565217391,-0.04599816007359706,0.0,0.0,0.0,No
0.8260869565217391,0.6494940202391907,0.0,0.0,0.0,No
-0.5869565217391305,-0.4737810487580496,1.0,-1.0,1.0,Yes
-0.13043478260869565,0.08463661453541875,0.0,0.0,0.0,Yes
-0.43478260869565216,0.09475620975161005,0.0,0.0,0.0,No
-0.5217391304347826,-0.9236430542778289,0.0,0.0,0.0,No
0.5434782608695652,-0.46274149034038625,1.0,-1.0,1.0,No
0.6086956521739131,0.4581416743330268,0.0,0.0,0.0,Yes
-0.10869565217391304,0.3587856485740571,0.0,0.0,0.0,Yes
0.43478260869565216,0.5538178472861087,0.0,0.0,0.0,Yes
-0.5217391304347826,-0.42686292548298066,0.0,0.0,0.0,Yes
-0.5869565217391305,0.18123275068997258,0.0,0.0,0.0,Yes
-0.5434782608695652,0.3081876724931003,0.0,0.0,0.0,Yes
0.8913043478260869,0.16375344986200563,0.0,0.0,0.0,No
-0.5217391304347826,0.10211591536338568,0.0,0.0,0.0,Yes
0.5217391304347826,0.2824287028518861,0.0,0.0,0.0,No
0.391304347826087,0.5225390984360627,0.0,0.0,0.0,Yes
0.043478260869565216,-0.9245630174793008,0.0,0.0,0.0,No
-0.34782608695652173,-0.1573137074517019,0.0,0.0,0.0,No
-0.021739130434782608,-0.3762649494020239,0.0,0.0,0.0,No
-0.41304347826086957,0.29622815087396526,0.0,0.0,0.0,Yes
0.1956521739130435,-0.9190432382704692,0.0,0.0,0.0,No
-0.6086956521739131,-0.46090156393744247,0.0,0.0,0.0,Yes
0.8260869565217391,0.6209751609935603,0.0,0.0,0.0,Yes
0.5,0.09291628334866628,0.0,0.0,0.0,No
0.717391304347826,0.6954921803127878,0.0,0.0,0.0,No
-0.2826086956521739,0.2925482980680774,0.0,0.0,0.0,No
-0.5217391304347826,0.19595216191352358,0.0,0.0,0.0,Yes
-0.3695652173913043,0.46642134314627437,0.0,0.0,0.0,No
0.9347826086956522,0.8555657773689054,0.0,0.0,0.0,No
0.9130434782608695,0.6513339466421345,0.0,0.0,0.0,No
-0.10869565217391304,-0.9236430542778289,0.0,0.0,0.0,No
-0.30434782608695654,-0.9337626494940202,0.0,0.0,0.0,No
0.8260869565217391,0.3725850965961362,0.0,0.0,0.0,Yes
-0.5869565217391305,-0.17295308187672478,0.0,0.0,0.0,No
-0.5217391304347826,-0.8334866605335787,1.0,-1.0,1.0,No
-0.30434782608695654,0.32750689972401126,0.0,0.0,0.0,Yes
-0.6086956521739131,-0.9227230910763569,0.0,0.0,0.0,Yes
0.2608695652173913,-0.18491260349586014,0.0,0.0,0.0,No
0.30434782608695654,-0.11775528978840832,0.0,0.0,0.0,No
-0.6086956521739131,0.07267709291628341,0.0,0.0,0.0,No
-0.6086956521739131,0.004599816007359706,0.0,0.0,0.0,No
-0.06521739130434782,0.376264949402024,0.0,0.0,0.0,Yes
-0.15217391304347827,0.1655933762649494,0.0,0.0,0.0,Yes
0.9130434782608695,0.3716651333946643,0.0,0.0,0.0,No
-0.4782608695652174,-0.936522539098436,0.0,0.0,0.0,No
-0.021739130434782608,-0.1085556577736889,0.0,0.0,0.0,No
-0.2826086956521739,-0.012879484820606968,0.0,0.0,0.0,No
-0.4782608695652174,-0.9356025758969642,0.0,0.0,0.0,No
0.8695652173913043,0.7387304507819689,0.0,0.0,0.0,No
-0.6086956521739131,-0.8399264029438822,1.0,-1.0,1.0,No
-0.5652173913043478,0.12971481140754393,0.0,0.0,0.0,No
-0.17391304347826086,0.48666053357865696,0.0,0.0,0.0,Yes
0.8695652173913043,0.2769089236430545,0.0,0.0,0.0,No
0.9130434782608695,-0.4185832566697331,1.0,-1.0,1.0,No
0.8695652173913043,-0.937442502299908,0.0,0.0,0.0,No
0.41304347826086957,0.6163753449862006,0.0,0.0,0.0,No
0.391304347826087,0.2391904323827047,0.0,0.0,0.0,Yes
-0.5869565217391305,-0.3854645814167433,0.0,0.0,0.0,Yes
0.34782608695652173,0.7010119595216193,0.0,0.0,0.0,No
0.4782608695652174,0.19595216191352358,0.0,0.0,0.0,No
-0.15217391304347827,0.16283348666053377,0.0,0.0,0.0,Yes
0.9347826086956522,0.29990800367985304,0.0,0.0,0.0,No
0.17391304347826086,0.4158233670653176,0.0,0.0,0.0,No
0.9130434782608695,0.3679852805887765,0.0,0.0,0.0,No
-0.4782608695652174,-0.3983440662373504,0.0,0.0,0.0,Yes
0.8043478260869565,-0.8316467341306348,0.0,0.0,0.0,No
0.4782608695652174,0.11131554737810509,0.0,0.0,0.0,No
0.021739130434782608,-0.9346826126954922,0.0,0.0,0.0,No
0.10869565217391304,0.2759889604415824,0.0,0.0,0.0,No
0.7608695652173914,-0.8380864765409384,0.0,0.0,0.0,No
0.782608695652174,0.6034958601655936,0.0,0.0,0.0,No
0.391304347826087,0.5593376264949403,0.0,0.0,0.0,No
-0.6086956521739131,0.4645814167433303,0.0,0.0,0.0,Yes
0.43478260869565216,-0.19503219871205144,0.0,0.0,0.0,Yes
0.8260869565217391,0.4369825206991721,0.0,0.0,0.0,No
0.21739130434782608,-0.9383624655013799,0.0,0.0,0.0,No
-0.32608695652173914,-0.9282428702851886,0.0,0.0,0.0,No
0.30434782608695654,0.6954921803127878,0.0,0.0,0.0,Yes
0.5869565217391305,0.564857405703772,0.0,0.0,0.0,No
-0.32608695652173914,-0.20699172033118665,0.0,0.0,0.0,No
-0.6086956521739131,0.018399264029438825,0.0,0.0,0.0,Yes
-0.2826086956521739,-0.2667893284268628,0.0,0.0,0.0,No
0.8913043478260869,0.6568537258509661,0.0,0.0,0.0,No
0.9347826086956522,0.2529898804047838,0.0,0.0,0.0,No
-0.13043478260869565,0.09107635694572223,0.0,0.0,0.0,No
-0.17391304347826086,-0.8399264029438822,0.0,0.0,0.0,No
-0.6086956521739131,-0.9236430542778289,0.0,0.0,0.0,Yes
-0.6086956521739131,-0.01103955841766319,0.0,0.0,0.0,Yes
0.06521739130434782,0.4204231830726773,0.0,0.0,0.0,Yes
-0.2608695652173913,0.19319227230910765,0.0,0.0,0.0,Yes
-0.5434782608695652,-0.6752529898804048,1.0,-1.0,1.0,Yes
0.15217391304347827,-0.26770929162833484,0.0,0.0,0.0,No
0.45652173913043476,-0.5639374425022998,1.0,-1.0,1.0,No
0.41304347826086957,-0.7516099356025758,1.0,-1.0,1.0,No
0.45652173913043476,-0.9236430542778289,0.0,0.0,0.0,No
0.9347826086956522,0.16927322907083725,0.0,0.0,0.0,No
-0.41304347826086957,-0.8380864765409384,0.0,0.0,0.0,No
-0.2391304347826087,-0.9328426862925483,0.0,0.0,0.0,No
-0.6086956521739131,0.17663293468261287,0.0,0.0,0.0,Yes
-0.6086956521739131,-0.939282428702852,0.0,0.0,0.0,Yes
-0.43478260869565216,0.4360625574977002,0.0,0.0,0.0,No
-0.5869565217391305,0.3753449862005521,0.0,0.0,0.0,No
0.2391304347826087,0.15639374425023,0.0,0.0,0.0,No
0.8695652173913043,0.5363385464581418,0.0,0.0,0.0,No
0.17391304347826086,0.5308187672493102,0.0,0.0,0.0,Yes
-0.2391304347826087,0.18767249310027606,0.0,0.0,0.0,No
-0.391304347826087,-0.0027598896044156666,0.0,0.0,0.0,No
-0.45652173913043476,0.2732290708371667,0.0,0.0,0.0,Yes
-0.5652173913043478,0.09015639374425034,0.0,0.0,0.0,Yes
0.5652173913043478,-0.20055197792088303,0.0,0.0,0.0,No
0.08695652173913043,0.423183072677093,0.0,0.0,0.0,No
0.3695652173913043,-0.46734130634774596,0.0,0.0,0.0,No
0.10869565217391304,-0.8141674333026678,0.0,0.0,0.0,No
-0.5652173913043478,-0.9227230910763569,0.0,0.0,0.0,No
0.021739130434782608,-0.9034038638454461,0.0,0.0,0.0,No
0.08695652173913043,-0.20147194112235506,0.0,0.0,0.0,No
0.34782608695652173,0.4535418583256671,0.0,0.0,0.0,No
0.2391304347826087,-0.15547378104875798,0.0,0.0,0.0,No
0.9130434782608695,0.8886844526218954,0.0,0.0,0.0,No
-0.6086956521739131,-0.29438822447102103,0.0,0.0,0.0,Yes
0.9347826086956522,-0.1085556577736889,1.0,-1.0,1.0,No
-0.15217391304347827,0.1803127874885007,0.0,0.0,0.0,No
0.3695652173913043,-0.9227230910763569,0.0,0.0,0.0,No
0.5652173913043478,-0.9080036798528058,0.0,0.0,0.0,No
-0.6086956521739131,-0.9181232750689972,0.0,0.0,0.0,No
-0.3695652173913043,0.10119595216191353,0.0,0.0,0.0,No
0.043478260869565216,0.18583256669733228,0.0,0.0,0.0,No
-0.5217391304347826,-0.8353265869365225,1.0,-1.0,1.0,Yes
0.8260869565217391,0.09475620975161005,0.0,0.0,0.0,No
-0.6086956521739131,-0.4765409383624654,0.0,0.0,0.0,No
0.2391304347826087,-0.5151793928242869,1.0,-1.0,1.0,Yes
0.2608695652173913,0.07727690892364311,0.0,0.0,0.0,No
-0.6086956521739131,0.09107635694572223,0.0,0.0,0.0,Yes
0.4782608695652174,0.4498620055197793,0.0,0.0,0.0,Yes
0.2826086956521739,-0.40846366145354185,1.0,-1.0,1.0,No
-0.13043478260869565,-0.9328426862925483,0.0,0.0,0.0,No
-0.6086956521739131,0.0036798528058878174,0.0,0.0,0.0,Yes
-0.6086956521739131,-0.9236430542778289,0.0,0.0,0.0,No
0.5869565217391305,0.6669733210671573,0.0,0.0,0.0,No
-0.30434782608695654,0.3799448022079118,0.0,0.0,0.0,No
-0.3695652173913043,-0.8270469181232751,0.0,0.0,0.0,No
0.5434782608695652,-0.007359705611775373,0.0,0.0,0.0,No
-0.4782608695652174,-0.06439742410303588,0.0,0.0,0.0,No
0.08695652173913043,0.29070837166513364,0.0,0.0,0.0,Yes
-0.2826086956521739,-0.9236430542778289,0.0,0.0,0.0,No
-0.17391304347826086,-0.10119595216191353,0.0,0.0,0.0,No
0.021739130434782608,0.0827966881324747,0.0,0.0,0.0,No
-0.5652173913043478,-0.3652253909843606,0.0,0.0,0.0,No
-0.391304347826087,0.04691812327506921,0.0,0.0,0.0,No
0.717391304347826,0.8224471021159155,0.0,0.0,0.0,No
-0.2391304347826087,-0.9448022079116836,0.0,0.0,0.0,No
-0.5,-0.9346826126954922,0.0,0.0,0.0,No
0.3695652173913043,0.5657773689052439,0.0,0.0,0.0,No
-0.17391304347826086,0.2529898804047838,0.0,0.0,0.0,No
0.8478260869565217,-0.8500459981600736,0.0,0.0,0.0,No
-0.6086956521739131,-0.3725850965961361,0.0,0.0,0.0,No
-0.08695652173913043,0.078196872125115,0.0,0.0,0.0,No
-0.10869565217391304,-0.9310027598896045,0.0,0.0,0.0,No
0.021739130434782608,0.2695492180312789,0.0,0.0,0.0,Yes
-0.5869565217391305,0.18767249310027606,0.0,0.0,0.0,Yes
0.4782608695652174,0.6706531738730452,0.0,0.0,0.0,No
0.6086956521739131,0.26034958601655944,0.0,0.0,0.0,No
-0.30434782608695654,-0.8334866605335787,0.0,0.0,0.0,No
0.9347826086956522,0.24563017479300847,0.0,0.0,0.0,No
-0.5869565217391305,0.10027598896044164,0.0,0.0,0.0,Yes
-0.021739130434782608,0.4829806807727691,0.0,0.0,0.0,No
0.0,0.517939282428703,0.0,0.0,0.0,Yes
0.8913043478260869,0.5657773689052439,0.0,0.0,0.0,No
-0.34782608695652173,-0.9227230910763569,0.0,0.0,0.0,No
0.6521739130434783,0.4360625574977002,0.0,0.0,0.0,No
-0.34782608695652173,0.4581416743330268,0.0,0.0,0.0,Yes
-0.4782608695652174,0.07451701931922745,0.0,0.0,0.0,Yes
0.717391304347826,0.19595216191352358,0.0,0.0,0.0,No
-0.17391304347826086,-0.18583256669733203,0.0,0.0,0.0,No
-0.5869565217391305,-0.1747930082796687,0.0,0.0,0.0,No
-0.6086956521739131,-0.4857405703771848,0.0,0.0,0.0,No
-0.5434782608695652,0.2888684452621896,0.0,0.0,0.0,No
-0.21739130434782608,-0.9218031278748849,0.0,0.0,0.0,No
0.021739130434782608,0.2723091076356948,0.0,0.0,0.0,Yes
0.8260869565217391,-0.937442502299908,0.0,0.0,0.0,No
0.9347826086956522,0.5942962281508742,0.0,0.0,0.0,No
0.5217391304347826,-0.9282428702851886,0.0,0.0,0.0,No
-0.5217391304347826,-0.9346826126954922,0.0,0.0,0.0,No
0.9130434782608695,0.46274149034038653,0.0,0.0,0.0,No
0.45652173913043476,0.25390984360625596,0.0,0.0,0.0,No
0.5869565217391305,0.6044158233670656,0.0,0.0,0.0,No
-0.5869565217391305,-0.37074517019319214,0.0,0.0,0.0,No
-0.5869565217391305,0.33486660533578666,0.0,0.0,0.0,Yes
-0.10869565217391304,-0.2870285188592456,0.0,0.0,0.0,Yes
0.3695652173913043,-0.9273229070837166,0.0,0.0,0.0,No
0.9130434782608695,0.8445262189512421,0.0,0.0,0.0,No
0.0,-0.7203311867525298,1.0,-1.0,1.0,No
0.8695652173913043,-0.8445262189512419,0.0,0.0,0.0,No
0.9130434782608695,0.2548298068077279,0.0,0.0,0.0,No
-0.6086956521739131,0.38546458141674345,0.0,0.0,0.0,Yes
0.5869565217391305,0.28150873965041423,0.0,0.0,0.0,No
0.5869565217391305,-0.904323827046918,0.0,0.0,0.0,No
-0.6086956521739131,0.16835326586936536,0.0,0.0,0.0,Yes
-0.021739130434782608,-0.8242870285188593,0.0,0.0,0.0,No
-0.21739130434782608,-0.9227230910763569,0.0,0.0,0.0,No
0.8043478260869565,-0.11959521619135223,0.0,0.0,0.0,No
-0.2608695652173913,-0.15455381784728597,0.0,0.0,0.0,No
0.5,-0.8206071757129715,0.0,0.0,0.0,No
-0.21739130434782608,-0.22355105795768157,0.0,0.0,0.0,No
0.15217391304347827,0.2851885924563018,0.0,0.0,0.0,No
-0.4782608695652174,-0.004599816007359706,0.0,0.0,0.0,Yes
0.9347826086956522,0.6356945722171116,0.0,0.0,0.0,No
0.8260869565217391,0.7534498620055199,0.0,0.0,0.0,Yes
0.10869565217391304,0.5427782888684454,0.0,0.0,0.0,No
0.6086956521739131,0.4581416743330268,0.0,0.0,0.0,Yes
-0.4782608695652174,0.2925482980680774,0.0,0.0,0.0,Yes
-0.6086956521739131,0.5602575896964123,0.0,0.0,0.0,Yes
-0.45652173913043476,-0.9346826126954922,0.0,0.0,0.0,No
0.8695652173913043,0.6191352345906166,0.0,0.0,0.0,No
0.45652173913043476,0.6264949402023922,0.0,0.0,0.0,No
-0.41304347826086957,-0.9356025758969642,0.0,0.0,0.0,No
-0.3695652173913043,-0.8298068077276909,0.0,0.0,0.0,No
-0.32608695652173914,0.2934682612695493,0.0,0.0,0.0,Yes
0.8913043478260869,-0.3771849126034958,1.0,-1.0,1.0,No
0.7608695652173914,0.7102115915363387,0.0,0.0,0.0,No
0.8043478260869565,0.35970561177552923,0.0,0.0,0.0,No
0.9130434782608695,0.21435142594296241,0.0,0.0,0.0,No
-0.1956521739130435,0.3606255749770011,0.0,0.0,0.0,No
0.9347826086956522,0.1655933762649494,0.0,0.0,0.0,No
0.9130434782608695,-0.11591536338546454,0.0,0.0,0.0,No
0.1956521739130435,0.566697332106716,0.0,0.0,0.0,No
-0.021739130434782608,0.3606255749770011,0.0,0.0,0.0,Yes
-0.2608695652173913,0.11223551057957698,0.0,0.0,0.0,Yes
0.08695652173913043,-0.5749770009199632,1.0,-1.0,1.0,No
-0.13043478260869565,-0.6577736890524378,1.0,-1.0,1.0,No
0.6304347826086957,-0.9346826126954922,0.0,0.0,0.0,No
0.8913043478260869,0.6274149034038641,0.0,0.0,0.0,No
-0.5434782608695652,0.002759889604415928,0.0,0.0,0.0,No
0.34782608695652173,-0.9199632014719411,0.0,0.0,0.0,No
-0.41304347826086957,-0.006439742410303484,0.0,0.0,0.0,Yes
0.15217391304347827,-0.936522539098436,0.0,0.0,0.0,No
0.5434782608695652,-0.008279668813247262,0.0,0.0,0.0,No
-0.13043478260869565,-0.19595216191352333,0.0,0.0,0.0,No
0.2608695652173913,0.1471941122355106,0.0,0.0,0.0,No
-0.5217391304347826,0.020239190432382863,0.0,0.0,0.0,No
-0.043478260869565216,-0.4507819687212511,1.0,-1.0,1.0,No
-0.6086956521739131,0.46918123275069,0.0,0.0,0.0,No
0.8260869565217391,-0.6375344986200551,1.0,-1.0,1.0,No
0.9347826086956522,0.35326586936522547,0.0,0.0,0.0,No
0.5869565217391305,-0.8353265869365225,0.0,0.0,0.0,No
0.32608695652173914,-0.8371665133394663,0.0,0.0,0.0,No
0.8043478260869565,0.5602575896964123,0.0,0.0,0.0,No
0.10869565217391304,-0.1094756209751608,0.0,0.0,0.0,Yes
0.8695652173913043,0.6439742410303588,0.0,0.0,0.0,No
-0.6086956521739131,0.5906163753449865,0.0,0.0,0.0,Yes
0.2391304347826087,-0.9328426862925483,0.0,0.0,0.0,No
0.021739130434782608,-0.29254829806807714,0.0,0.0,0.0,No
-0.391304347826087,0.002759889604415928,0.0,0.0,0.0,No
-0.30434782608695654,-0.9245630174793008,0.0,0.0,0.0,No
-0.391304347826087,-0.018399264029438825,0.0,0.0,0.0,No
0.7608695652173914,-0.9300827966881325,0.0,0.0,0.0,No
0.9347826086956522,0.07451701931922745,0.0,0.0,0.0,No
0.9347826086956522,0.41766329346826137,0.0,0.0,0.0,No
-0.6086956521739131,-0.35234590616375333,0.0,0.0,0.0,No
-0.30434782608695654,-0.08739650413983442,0.0,0.0,0.0,No
0.6739130434782609,0.18767249310027606,0.0,0.0,0.0,No
0.5869565217391305,-0.3247470101195951,0.0,0.0,0.0,No
-0.45652173913043476,-0.9107635694572217,0.0,0.0,0.0,No
-0.5652173913043478,0.17939282428702855,0.0,0.0,0.0,Yes
0.43478260869565216,-0.33486660533578655,0.0,0.0,0.0,No
-0.5869565217391305,0.18123275068997258,0.0,0.0,0.0,Yes
-0.5,0.5114995400183995,0.0,0.0,0.0,Yes
0.8913043478260869,0.8206071757129717,0.0,0.0,0.0,No
-0.3695652173913043,0.7838086476540941,0.0,0.0,0.0,Yes
0.5,0.6274149034038641,0.0,0.0,0.0,No
0.9347826086956522,0.7966881324747013,0.0,0.0,0.0,No
0.2391304347826087,-0.9153633854645814,0.0,0.0,0.0,No
-0.6086956521739131,0.010119595216191563,0.0,0.0,0.0,Yes
-0.5652173913043478,0.3035878564857406,0.0,0.0,0.0,Yes
0.2391304347826087,0.39006439742410315,0.0,0.0,0.0,No
-0.6086956521739131,-0.3771849126034958,0.0,0.0,0.0,No
0.021739130434782608,-0.9300827966881325,0.0,0.0,0.0,No
-0.13043478260869565,0.5427782888684454,0.0,0.0,0.0,Yes
-0.6086956521739131,0.07635694572217122,0.0,0.0,0.0,Yes
0.32608695652173914,0.6218951241950325,0.0,0.0,0.0,No
0.782608695652174,0.7138914443422266,0.0,0.0,0.0,Yes
-0.4782608695652174,-0.4075436982520698,0.0,0.0,0.0,No
0.9347826086956522,-0.8325666973321066,0.0,0.0,0.0,No
-0.45652173913043476,0.5482980680772772,0.0,0.0,0.0,No
-0.2826086956521739,-0.09475620975160978,0.0,0.0,0.0,Yes
0.8043478260869565,0.5363385464581418,0.0,0.0,0.0,Yes
-0.6086956521739131,0.02207911683532664,0.0,0.0,0.0,Yes
-0.5652173913043478,-0.26586936522539095,0.0,0.0,0.0,No
0.5217391304347826,0.43330266789328453,0.0,0.0,0.0,Yes
-0.45652173913043476,-0.1094756209751608,0.0,0.0,0.0,No
0.8695652173913043,0.7000919963201475,0.0,0.0,0.0,Yes
-0.5217391304347826,0.27506899724011047,0.0,0.0,0.0,No
0.9347826086956522,0.6826126954921805,0.0,0.0,0.0,No
-0.34782608695652173,-0.3974241030358785,1.0,-1.0,1.0,Yes
-0.5434782608695652,0.28150873965041423,0.0,0.0,0.0,Yes
0.5434782608695652,0.38546458141674345,0.0,0.0,0.0,No
0.9347826086956522,0.2870285188592458,0.0,0.0,0.0,No
-0.3695652173913043,0.6688132474701014,0.0,0.0,0.0,Yes
-0.6086956521739131,-0.8316467341306348,1.0,-1.0,1.0,Yes
-0.6086956521739131,-0.46274149034038625,0.0,0.0,0.0,No
0.5434782608695652,0.735970561177553,0.0,0.0,0.0,Yes
0.8695652173913043,0.16283348666053377,0.0,0.0,0.0,No
0.41304347826086957,-0.2732290708371664,0.0,0.0,0.0,No
0.41304347826086957,0.6053357865685375,0.0,0.0,0.0,Yes
-0.45652173913043476,0.3661453541858327,0.0,0.0,0.0,No
0.9130434782608695,0.3845446182152715,0.0,0.0,0.0,No
-0.5869565217391305,-0.41490340386384544,0.0,0.0,0.0,Yes
0.8260869565217391,0.5620975160993563,0.0,0.0,0.0,No
0.10869565217391304,0.503219871205152,0.0,0.0,0.0,No
-0.5652173913043478,-0.009199632014719412,0.0,0.0,0.0,No
-0.43478260869565216,-0.08739650413983442,0.0,0.0,0.0,No
0.9130434782608695,0.6310947562097519,0.0,0.0,0.0,No
0.6086956521739131,0.3698252069917205,0.0,0.0,0.0,No
0.9347826086956522,-0.12235510579576803,1.0,-1.0,1.0,No
0.41304347826086957,0.628334866605336,0.0,0.0,0.0,No
-0.2391304347826087,-0.9245630174793008,0.0,0.0,0.0,No
0.30434782608695654,0.6246550137994481,0.0,0.0,0.0,No
0.9347826086956522,0.4213431462741492,0.0,0.0,0.0,No
0.13043478260869565,0.05703771849126051,0.0,0.0,0.0,No
-0.5434782608695652,-0.9135234590616375,0.0,0.0,0.0,No
0.43478260869565216,-0.8298068077276909,0.0,0.0,0.0,No
0.9130434782608695,0.5547378104875806,0.0,0.0,0.0,No
-0.391304347826087,0.3725850965961362,0.0,0.0,0.0,No
0.7391304347826086,0.3505059797608098,0.0,0.0,0.0,No
0.782608695652174,0.46182152713891467,0.0,0.0,0.0,No
0.43478260869565216,-0.9181232750689972,0.0,0.0,0.0,No
0.0,0.5197792088316467,0.0,0.0,0.0,Yes
-0.30434782608695654,0.23367065317387312,0.0,0.0,0.0,Yes
-0.5434782608695652,-0.9273229070837166,0.0,0.0,0.0,No
0.9347826086956522,0.7138914443422266,0.0,0.0,0.0,No
-0.06521739130434782,0.2824287028518861,0.0,0.0,0.0,No
0.13043478260869565,0.5832566697332108,0.0,0.0,0.0,No
0.6086956521739131,0.4480220791168355,0.0,0.0,0.0,No
-0.021739130434782608,-0.1094756209751608,0.0,0.0,0.0,No
-0.08695652173913043,-0.8012879484820608,0.0,0.0,0.0,No
0.391304347826087,-0.07911683532658689,0.0,0.0,0.0,No
0.6086956521739131,-0.09475620975160978,0.0,0.0,0.0,No
-0.2826086956521739,0.27046918123275077,0.0,0.0,0.0,No
-0.5217391304347826,-0.26770929162833484,0.0,0.0,0.0,No
-0.2608695652173913,0.0009199632014721504,0.0,0.0,0.0,Yes
0.5869565217391305,0.6329346826126957,0.0,0.0,0.0,Yes
0.9347826086956522,-0.9273229070837166,0.0,0.0,0.0,No
-0.17391304347826086,0.439742410303588,0.0,0.0,0.0,Yes
0.41304347826086957,-0.4664213431462741,1.0,-1.0,1.0,No
0.8478260869565217,0.8196872125114998,0.0,0.0,0.0,No
0.021739130434782608,0.6632934682612698,0.0,0.0,0.0,No
-0.5652173913043478,-0.44618215271389133,0.0,0.0,0.0,No
-0.32608695652173914,-0.5639374425022998,1.0,-1.0,1.0,No
-0.5434782608695652,-0.9254829806807728,0.0,0.0,0.0,No
0.9130434782608695,0.46734130634774623,0.0,0.0,0.0,No
-0.45652173913043476,-0.8454461821527139,0.0,0.0,0.0,No
0.6956521739130435,-0.6761729530818766,1.0,-1.0,1.0,No
0.9347826086956522,0.3698252069917205,0.0,0.0,0.0,No
-0.5217391304347826,0.25114995400184004,0.0,0.0,0.0,No
0.43478260869565216,-0.05427782888684432,0.0,0.0,0.0,No
-0.45652173913043476,-0.9319227230910763,0.0,0.0,0.0,No
-0.5652173913043478,0.18399264029438825,0.0,0.0,0.0,No
-0.43478260869565216,-0.9337626494940202,0.0,0.0,0.0,No
0.8260869565217391,-0.29714811407543684,0.0,0.0,0.0,No
0.3695652173913043,-0.46274149034038625,0.0,0.0,0.0,No
0.8260869565217391,0.08739650413983442,0.0,0.0,0.0,No
0.5652173913043478,-0.9319227230910763,0.0,0.0,0.0,No
0.08695652173913043,0.04415823367065328,0.0,0.0,0.0,No
0.717391304347826,-0.9254829806807728,0.0,0.0,0.0,No
-0.6086956521739131,-0.44894204231830714,0.0,0.0,0.0,Yes
0.43478260869565216,-0.5731370745170192,1.0,-1.0,1.0,No
-0.6086956521739131,-0.4710211591536338,0.0,0.0,0.0,No
-0.32608695652173914,0.22631094756209774,0.0,0.0,0.0,No
-0.2391304347826087,0.43330266789328453,0.0,0.0,0.0,No
-0.6086956521739131,-0.003679852805887556,0.0,0.0,0.0,Yes
-0.6086956521739131,0.27966881324747017,0.0,0.0,0.0,Yes
0.9347826086956522,0.8610855565777372,0.0,0.0,0.0,No
0.7608695652173914,0.5317387304507821,0.0,0.0,0.0,No
0.8695652173913043,0.7764489420423184,0.0,0.0,0.0,No
-0.6086956521739131,-0.8215271389144434,0.0,0.0,0.0,No
0.9130434782608695,0.3670653173873046,0.0,0.0,0.0,No
0.8043478260869565,-0.3854645814167433,0.0,0.0,0.0,No
-0.5869565217391305,-0.937442502299908,0.0,0.0,0.0,No
0.9130434782608695,0.724011039558418,0.0,0.0,0.0,No
-0.391304347826087,-0.1674333026678932,0.0,0.0,0.0,No
0.391304347826087,-0.27690892364305425,0.0,0.0,0.0,No
0.13043478260869565,-0.000919963201471889,0.0,0.0,0.0,Yes
0.06521739130434782,0.6623735050597976,0.0,0.0,0.0,Yes
0.6739130434782609,0.6145354185832569,0.0,0.0,0.0,No
-0.391304347826087,-0.9356025758969642,0.0,0.0,0.0,No
0.0,-0.5676172953081876,1.0,-1.0,1.0,No
-0.17391304347826086,-0.8150873965041399,1.0,-1.0,1.0,No
0.41304347826086957,0.38086476540938374,0.0,0.0,0.0,No
-0.5652173913043478,-0.7488500459981601,1.0,-1.0,1.0,No
0.30434782608695654,-0.37074517019319214,0.0,0.0,0.0,No
-0.5217391304347826,0.6430542778288869,0.0,0.0,0.0,No
-0.6086956521739131,-0.27414903403863833,0.0,0.0,0.0,No
0.9130434782608695,0.2778288868445264,0.0,0.0,0.0,No
-0.45652173913043476,-0.9300827966881325,0.0,0.0,0.0,No
-0.45652173913043476,-0.20423183072677084,0.0,0.0,0.0,No
-0.1956521739130435,0.37442502299908026,0.0,0.0,0.0,No
0.08695652173913043,0.613615455381785,0.0,0.0,0.0,Yes
0.9130434782608695,0.16007359705611782,0.0,0.0,0.0,No
0.043478260869565216,0.37442502299908026,0.0,0.0,0.0,No
0.1956521739130435,0.4535418583256671,0.0,0.0,0.0,No
-0.6086956521739131,0.3311867525298988,0.0,0.0,0.0,Yes
-0.5869565217391305,-0.7378104875804967,1.0,-1.0,1.0,No
-0.3695652173913043,-0.3771849126034958,1.0,-1.0,1.0,No
-0.43478260869565216,0.4167433302667895,0.0,0.0,0.0,No
-0.391304347826087,-0.29070837166513336,0.0,0.0,0.0,No
-0.5,-0.9319227230910763,0.0,0.0,0.0,No
0.9130434782608695,0.26586936522539106,0.0,0.0,0.0,No
0.2826086956521739,0.4434222631094758,0.0,0.0,0.0,No
-0.45652173913043476,0.4388224471021161,0.0,0.0,0.0,Yes
-0.5217391304347826,0.47654093836246564,0.0,0.0,0.0,Yes
-0.5869565217391305,0.006439742410303745,0.0,0.0,0.0,Yes
0.34782608695652173,-0.9107635694572217,0.0,0.0,0.0,No
-0.021739130434782608,-0.19043238270469173,1.0,-1.0,1.0,No
0.30434782608695654,0.18583256669733228,0.0,0.0,0.0,No
0.6739130434782609,0.268629254829807,0.0,0.0,0.0,No
0.2826086956521739,-0.6770929162833487,1.0,-1.0,1.0,Yes
-0.4782608695652174,-0.3808647654093836,1.0,-1.0,1.0,No
-0.08695652173913043,-0.9227230910763569,0.0,0.0,0.0,No
0.2391304347826087,0.4452621895124196,0.0,0.0,0.0,Yes
-0.043478260869565216,0.5547378104875806,0.0,0.0,0.0,No
-0.41304347826086957,-0.6366145354185833,1.0,-1.0,1.0,No
-0.043478260869565216,0.29622815087396526,0.0,0.0,0.0,No
-0.391304347826087,-0.30450781968721247,0.0,0.0,0.0,No
-0.5434782608695652,-0.5850965961361546,1.0,-1.0,1.0,No
0.8478260869565217,-0.5602575896964122,1.0,-1.0,1.0,No
-0.6086956521739131,-0.005519779208831595,0.0,0.0,0.0,No
-0.2391304347826087,-0.9245630174793008,0.0,0.0,0.0,No
0.6086956521739131,0.7838086476540941,0.0,0.0,0.0,Yes
-0.06521739130434782,-0.9208831646734131,0.0,0.0,0.0,No
-0.2608695652173913,-0.6384544618215271,1.0,-1.0,1.0,No
-0.6086956521739131,-0.6338546458141674,1.0,-1.0,1.0,Yes
0.1956521739130435,0.5317387304507821,0.0,0.0,0.0,Yes
0.6521739130434783,0.23183072677092934,0.0,0.0,0.0,No
0.021739130434782608,-0.27046918123275066,0.0,0.0,0.0,No
-0.5869565217391305,-0.8445262189512419,1.0,-1.0,1.0,Yes
0.45652173913043476,-0.8307267709291628,0.0,0.0,0.0,No
-0.43478260869565216,-0.35970561177552896,1.0,-1.0,1.0,No
-0.5652173913043478,-0.9328426862925483,0.0,0.0,0.0,No
-0.32608695652173914,-0.19411223551057954,0.0,0.0,0.0,No
0.043478260869565216,0.05887764489420429,0.0,0.0,0.0,No
-0.4782608695652174,-0.1646734130634774,0.0,0.0,0.0,No
-0.45652173913043476,0.6071757129714812,0.0,0.0,0.0,Yes
-0.2608695652173913,-0.9282428702851886,0.0,0.0,0.0,No
0.06521739130434782,-0.936522539098436,0.0,0.0,0.0,No
-0.5869565217391305,0.205151793928243,0.0,0.0,0.0,No
-0.4782608695652174,0.26586936522539106,0.0,0.0,0.0,Yes
0.9347826086956522,0.721251149954002,0.0,0.0,0.0,No
0.043478260869565216,0.5446182152713893,0.0,0.0,0.0,Yes
-0.043478260869565216,0.07451701931922745,0.0,0.0,0.0,No
-0.2391304347826087,0.361545538178473,0.0,0.0,0.0,Yes
-0.4782608695652174,0.08371665133394686,0.0,0.0,0.0,No
-0.32608695652173914,0.6347746090156394,0.0,0.0,0.0,Yes
-0.391304347826087,-0.19687212511499536,0.0,0.0,0.0,No
0.9347826086956522,0.737810487580497,0.0,0.0,0.0,No
-0.021739130434782608,0.6577736890524379,0.0,0.0,0.0,Yes
-0.30434782608695654,0.07083716651333963,0.0,0.0,0.0,Yes
-0.5434782608695652,0.07543698252069933,0.0,0.0,0.0,No
0.9130434782608695,-0.8426862925482981,0.0,0.0,0.0,No
-0.5217391304347826,0.3495860165593377,0.0,0.0,0.0,Yes
0.391304347826087,-0.8426862925482981,0.0,0.0,0.0,No
0.6086956521739131,0.37350505979760834,0.0,0.0,0.0,No
0.45652173913043476,0.6384544618215272,0.0,0.0,0.0,No
-0.45652173913043476,-0.9181232750689972,0.0,0.0,0.0,No
0.41304347826086957,-0.9346826126954922,0.0,0.0,0.0,No
0.8913043478260869,-0.9319227230910763,0.0,0.0,0.0,No
-0.6086956521739131,0.0018399264029440392,0.0,0.0,0.0,No
-0.45652173913043476,0.28150873965041423,0.0,0.0,0.0,No
-0.6086956521739131,0.12511499540018423,0.0,0.0,0.0,Yes
-0.6086956521739131,-0.6458141674333027,1.0,-1.0,1.0,Yes
0.6739130434782609,-0.9162833486660534,0.0,0.0,0.0,No
0.43478260869565216,0.5078196872125117,0.0,0.0,0.0,No
-0.5434782608695652,-0.40110395584176634,1.0,-1.0,1.0,Yes
0.0,-0.9264029438822448,0.0,0.0,0.0,No
0.8260869565217391,-0.8298068077276909,0.0,0.0,0.0,No
0.5217391304347826,0.5160993560257592,0.0,0.0,0.0,Yes
0.8260869565217391,0.010119595216191563,0.0,0.0,0.0,No
-0.5,-0.9291628334866605,0.0,0.0,0.0,No
0.391304347826087,0.6623735050597976,0.0,0.0,0.0,No
0.5217391304347826,0.5363385464581418,0.0,0.0,0.0,No
0.8695652173913043,0.2640294388224473,0.0,0.0,0.0,No
-0.5652173913043478,0.2888684452621896,0.0,0.0,0.0,No
-0.5434782608695652,-0.47470101195952163,0.0,0.0,0.0,No
0.5869565217391305,0.10119595216191353,0.0,0.0,0.0,No
0.6521739130434783,0.4323827046918124,0.0,0.0,0.0,Yes
0.6956521739130435,-0.8344066237350506,0.0,0.0,0.0,No
-0.5869565217391305,-0.4664213431462741,0.0,0.0,0.0,No
0.3695652173913043,0.5584176632934684,0.0,0.0,0.0,Yes
-0.3695652173913043,-0.9172033118675252,0.0,0.0,0.0,No
-0.32608695652173914,0.18583256669733228,0.0,0.0,0.0,Yes
-0.021739130434782608,0.3698252069917205,0.0,0.0,0.0,No
-0.10869565217391304,-0.18215271389144422,0.0,0.0,0.0,No
0.043478260869565216,-0.27782888684452617,0.0,0.0,0.0,Yes
0.8478260869565217,0.14903403863845463,0.0,0.0,0.0,No
0.21739130434782608,0.5556577736890526,0.0,0.0,0.0,No
0.2826086956521739,-0.9199632014719411,0.0,0.0,0.0,No
-0.34782608695652173,-0.29254829806807714,1.0,-1.0,1.0,Yes
-0.5,0.3753449862005521,0.0,0.0,0.0,No
0.13043478260869565,0.09199632014719412,0.0,0.0,0.0,Yes
0.1956521739130435,-0.9218031278748849,0.0,0.0,0.0,No
-0.2391304347826087,-0.9254829806807728,0.0,0.0,0.0,No
-0.5434782608695652,-0.9337626494940202,0.0,0.0,0.0,No
-0.043478260869565216,-0.30450781968721247,0.0,0.0,0.0,No
0.2608695652173913,-0.0027598896044156666,0.0,0.0,0.0,No
0.45652173913043476,0.09475620975161005,0.0,0.0,0.0,No
0.9347826086956522,-0.9199632014719411,0.0,0.0,0.0,No
0.8913043478260869,-0.8150873965041399,0.0,0.0,0.0,No
0.32608695652173914,-0.9153633854645814,0.0,0.0,0.0,No
-0.5869565217391305,0.09843606255749787,0.0,0.0,0.0,Yes
0.10869565217391304,-0.9245630174793008,0.0,0.0,0.0,No
0.9347826086956522,-0.8472861085556578,0.0,0.0,0.0,No
0.9130434782608695,-0.84360625574977,0.0,0.0,0.0,No
0.7608695652173914,0.7387304507819689,0.0,0.0,0.0,No
0.9347826086956522,-0.8298068077276909,0.0,0.0,0.0,No
-0.6086956521739131,0.07175712971481152,0.0,0.0,0.0,Yes
0.0,0.3633854645814168,0.0,0.0,0.0,No
-0.13043478260869565,-0.029438822447102015,0.0,0.0,0.0,No
0.5,-0.9411223551057957,0.0,0.0,0.0,No
-0.08695652173913043,0.3560257589696414,0.0,0.0,0.0,Yes
0.7608695652173914,0.8233670653173873,0.0,0.0,0.0,No
-0.2826086956521739,0.47930082796688156,0.0,0.0,0.0,Yes
-0.6086956521739131,-0.015639374425022896,0.0,0.0,0.0,Yes
-0.10869565217391304,0.5390984360625578,0.0,0.0,0.0,No
-0.5869565217391305,0.38822447102115937,0.0,0.0,0.0,No
0.10869565217391304,0.2649494020239192,0.0,0.0,0.0,No
0.15217391304347827,0.2741490340386386,0.0,0.0,0.0,Yes
0.5217391304347826,0.15455381784728622,0.0,0.0,0.0,No
0.391304347826087,-0.9218031278748849,0.0,0.0,0.0,No
0.9347826086956522,-0.9282428702851886,0.0,0.0,0.0,No
0.9347826086956522,0.5041398344066239,0.0,0.0,0.0,No
-0.6086956521739131,-0.937442502299908,0.0,0.0,0.0,Yes
-0.43478260869565216,0.23827046918123282,0.0,0.0,0.0,Yes
-0.45652173913043476,0.17939282428702855,0.0,0.0,0.0,Yes
0.34782608695652173,-0.14075436982520684,0.0,0.0,0.0,Yes
-0.4782608695652174,0.5528978840846369,0.0,0.0,0.0,No
0.9130434782608695,-0.8445262189512419,0.0,0.0,0.0,No
0.2608695652173913,0.5657773689052439,0.0,0.0,0.0,No
0.8260869565217391,-0.35786568537258506,1.0,-1.0,1.0,No
0.8695652173913043,0.6780128794848208,0.0,0.0,0.0,No
0.8913043478260869,0.4020239190432385,0.0,0.0,0.0,No
-0.08695652173913043,-0.828886844526219,0.0,0.0,0.0,Yes
0.9347826086956522,0.7920883164673416,0.0,0.0,0.0,No
0.10869565217391304,-0.5482980680772769,1.0,-1.0,1.0,No
0.782608695652174,-0.8160073597056118,0.0,0.0,0.0,No
0.8913043478260869,0.7654093836246553,0.0,0.0,0.0,No
0.9347826086956522,-0.30450781968721247,1.0,-1.0,1.0,No
0.13043478260869565,0.03219871205151794,0.0,0.0,0.0,No
-0.34782608695652173,0.5114995400183995,0.0,0.0,0.0,Yes
-0.3695652173913043,0.15639374425023,0.0,0.0,0.0,No
0.717391304347826,0.007359705611775635,0.0,0.0,0.0,No
-0.08695652173913043,0.10671573137074539,0.0,0.0,0.0,No
0.5,-0.5749770009199632,1.0,-1.0,1.0,No
-0.45652173913043476,-0.007359705611775373,0.0,0.0,0.0,No
-0.5869565217391305,-0.9254829806807728,0.0,0.0,0.0,No
0.5869565217391305,-0.9254829806807728,0.0,0.0,0.0,No
-0.3695652173913043,-0.936522539098436,0.0,0.0,0.0,No
0.391304347826087,-0.7994480220791168,0.0,0.0,0.0,No
-0.5869565217391305,-0.9411223551057957,0.0,0.0,0.0,No
-0.2391304347826087,-0.37442502299908,0.0,0.0,0.0,No
-0.45652173913043476,-0.19043238270469173,0.0,0.0,0.0,No
0.34782608695652173,0.26126954921803136,0.0,0.0,0.0,No
-0.5652173913043478,-0.45814167433302655,0.0,0.0,0.0,No
0.1956521739130435,-0.9254829806807728,0.0,0.0,0.0,No
0.9347826086956522,0.831646734130635,0.0,0.0,0.0,No
0.3695652173913043,0.4296228150873967,0.0,0.0,0.0,Yes
0.9130434782608695,0.5271389144434224,0.0,0.0,0.0,No
0.8043478260869565,-0.36430542778288866,1.0,-1.0,1.0,No
-0.08695652173913043,0.6550137994480223,0.0,0.0,0.0,Yes
-0.2391304347826087,0.21435142594296241,0.0,0.0,0.0,Yes
-0.34782608695652173,-0.8344066237350506,0.0,0.0,0.0,No
0.782608695652174,0.39006439742410315,0.0,0.0,0.0,No
0.6739130434782609,0.46734130634774623,0.0,0.0,0.0,Yes
-0.30434782608695654,-0.9383624655013799,0.0,0.0,0.0,No
0.9347826086956522,-0.8371665133394663,0.0,0.0,0.0,No
0.021739130434782608,0.4360625574977002,0.0,0.0,0.0,Yes
0.2826086956521739,0.5528978840846369,0.0,0.0,0.0,No
0.9130434782608695,-0.8344066237350506,0.0,0.0,0.0,No
-0.6086956521739131,-0.2870285188592456,0.0,0.0,0.0,Yes
0.21739130434782608,0.46550137994480245,0.0,0.0,0.0,Yes
0.13043478260869565,-0.9402023919043239,0.0,0.0,0.0,No
0.5217391304347826,0.6973321067157315,0.0,0.0,0.0,No
-0.6086956521739131,0.4461821527138915,0.0,0.0,0.0,Yes
0.043478260869565216,0.5252989880404787,0.0,0.0,0.0,Yes
0.41304347826086957,-0.9236430542778289,0.0,0.0,0.0,No
0.021739130434782608,0.5694572217111317,0.0,0.0,0.0,No
-0.41304347826086957,-0.9264029438822448,0.0,0.0,0.0,No
-0.3695652173913043,0.6430542778288869,0.0,0.0,0.0,No
0.6086956521739131,-0.009199632014719412,0.0,0.0,0.0,No
0.6304347826086957,-0.0938362465501379,0.0,0.0,0.0,No
0.17391304347826086,-0.9300827966881325,0.0,0.0,0.0,No
0.32608695652173914,-0.9337626494940202,0.0,0.0,0.0,No
-0.043478260869565216,-0.9254829806807728,0.0,0.0,0.0,No
-0.45652173913043476,-0.3854645814167433,0.0,0.0,0.0,No
-0.5652173913043478,0.10487580496780136,0.0,0.0,0.0,Yes
-0.08695652173913043,0.332106715731371,0.0,0.0,0.0,No
0.6086956521739131,0.5565777368905245,0.0,0.0,0.0,No
-0.3695652173913043,-0.936522539098436,0.0,0.0,0.0,No
0.717391304347826,-0.9208831646734131,0.0,0.0,0.0,No
0.782608695652174,0.6862925482980684,0.0,0.0,0.0,No
0.9130434782608695,0.18583256669733228,0.0,0.0,0.0,No
-0.17391304347826086,-0.21159153633854635,0.0,0.0,0.0,No
0.9130434782608695,0.7221711131554739,0.0,0.0,0.0,No
-0.4782608695652174,0.08831646734130656,0.0,0.0,0.0,No
0.9347826086956522,0.04875804967801299,0.0,0.0,0.0,No
-0.6086956521739131,-0.004599816007359706,0.0,0.0,0.0,No
0.9347826086956522,0.5206991720331189,0.0,0.0,0.0,No
0.7608695652173914,0.7562097516099359,0.0,0.0,0.0,No
0.9347826086956522,0.8196872125114998,0.0,0.0,0.0,No
0.0,0.5556577736890526,0.0,0.0,0.0,No
-0.34782608695652173,-0.9190432382704692,0.0,0.0,0.0,No
0.043478260869565216,0.62557497700092,0.0,0.0,0.0,No
-0.6086956521739131,-0.01103955841766319,0.0,0.0,0.0,Yes
-0.4782608695652174,-0.6596136154553818,1.0,-1.0,1.0,Yes
0.6956521739130435,0.6476540938362467,0.0,0.0,0.0,Yes
0.21739130434782608,-0.7405703771849126,1.0,-1.0,1.0,Yes
-0.41304347826086957,-0.000919963201471889,0.0,0.0,0.0,Yes
-0.32608695652173914,0.18583256669733228,0.0,0.0,0.0,No
-0.6086956521739131,0.18123275068997258,0.0,0.0,0.0,Yes
0.8260869565217391,0.4415823367065318,0.0,0.0,0.0,Yes
0.9347826086956522,0.3863845446182153,0.0,0.0,0.0,No
-0.5,-0.4737810487580496,0.0,0.0,0.0,Yes
-0.6086956521739131,-0.9337626494940202,0.0,0.0,0.0,Yes
-0.08695652173913043,-0.9282428702851886,0.0,0.0,0.0,No
0.08695652173913043,0.737810487580497,0.0,0.0,0.0,Yes
-0.2391304347826087,-0.03679852805887765,0.0,0.0,0.0,No
0.9130434782608695,0.1609935602575897,0.0,0.0,0.0,No
-0.021739130434782608,-0.35602575896964117,0.0,0.0,0.0,No
-0.5869565217391305,0.18767249310027606,0.0,0.0,0.0,No
-0.2608695652173913,-0.06715731370745155,0.0,0.0,0.0,No
0.5869565217391305,0.29530818767249334,0.0,0.0,0.0,No
0.6739130434782609,-0.37350505979760806,1.0,-1.0,1.0,No
0.08695652173913043,-0.8215271389144434,0.0,0.0,0.0,No
-0.6086956521739131,0.24011039558417688,0.0,0.0,0.0,No
-0.5869565217391305,0.006439742410303745,0.0,0.0,0.0,Yes
0.7391304347826086,0.2631094756209754,0.0,0.0,0.0,No
-0.4782608695652174,0.5317387304507821,0.0,0.0,0.0,Yes
0.5652173913043478,-0.10303587856485731,0.0,0.0,0.0,No
0.782608695652174,0.5482980680772772,0.0,0.0,0.0,No
-0.6086956521739131,0.26586936522539106,0.0,0.0,0.0,Yes
0.7391304347826086,-0.8298068077276909,0.0,0.0,0.0,No
0.8913043478260869,0.784728610855566,0.0,0.0,0.0,No
0.15217391304347827,-0.546458141674333,1.0,-1.0,1.0,No
0.5,0.6375344986200554,0.0,0.0,0.0,Yes
-0.15217391304347827,-0.29254829806807714,0.0,0.0,0.0,Yes
-0.15217391304347827,0.45262189512419526,0.0,0.0,0.0,No
-0.5217391304347826,-0.19227230910763562,0.0,0.0,0.0,No
0.391304347826087,0.27506899724011047,0.0,0.0,0.0,Yes
0.08695652173913043,0.2391904323827047,0.0,0.0,0.0,Yes
-0.2391304347826087,-0.6780128794848206,1.0,-1.0,1.0,Yes
-0.6086956521739131,-0.9300827966881325,0.0,0.0,0.0,No
0.5869565217391305,0.2106715731370746,0.0,0.0,0.0,No
-0.5869565217391305,-0.9264029438822448,0.0,0.0,0.0,No
0.13043478260869565,-0.19779208831646722,0.0,0.0,0.0,No
0.7608695652173914,-0.8344066237350506,0.0,0.0,0.0,No
-0.30434782608695654,0.2575896964121435,0.0,0.0,0.0,No
-0.10869565217391304,0.3679852805887765,0.0,0.0,0.0,Yes
-0.6086956521739131,-0.27230910763569455,0.0,0.0,0.0,No
0.8913043478260869,0.09199632014719412,0.0,0.0,0.0,No
-0.6086956521739131,0.3753449862005521,0.0,0.0,0.0,Yes
-0.5434782608695652,0.3541858325666974,0.0,0.0,0.0,Yes
0.21739130434782608,-0.20331186752529895,0.0,0.0,0.0,No
0.0,-0.078196872125115,0.0,0.0,0.0,No
-0.32608695652173914,-0.9484820607175714,0.0,0.0,0.0,No
0.6956521739130435,0.29622815087396526,0.0,0.0,0.0,No
-0.34782608695652173,-0.3357865685372584,0.0,0.0,0.0,No
0.8043478260869565,-0.42226310947562096,1.0,-1.0,1.0,No
-0.5869565217391305,-0.3882244710211591,1.0,-1.0,1.0,Yes
0.6521739130434783,0.7138914443422266,0.0,0.0,0.0,No
0.717391304347826,0.45262189512419526,0.0,0.0,0.0,No
0.08695652173913043,0.42686292548298077,0.0,0.0,0.0,No
0.8043478260869565,0.16835326586936536,0.0,0.0,0.0,No
0.9347826086956522,0.8224471021159155,0.0,0.0,0.0,No
-0.6086956521739131,-0.9310027598896045,0.0,0.0,0.0,Yes
-0.21739130434782608,0.45630174793008305,0.0,0.0,0.0,Yes
0.4782608695652174,0.45630174793008305,0.0,0.0,0.0,No
0.7391304347826086,0.644894204231831,0.0,0.0,0.0,No
-0.043478260869565216,-0.9245630174793008,0.0,0.0,0.0,No
-0.15217391304347827,0.5703771849126036,0.0,0.0,0.0,Yes
-0.5434782608695652,-0.9254829806807728,0.0,0.0,0.0,No
0.2826086956521739,-0.9135234590616375,0.0,0.0,0.0,No
0.0,-0.9199632014719411,0.0,0.0,0.0,No
-0.5434782608695652,-0.005519779208831595,0.0,0.0,0.0,Yes
0.021739130434782608,-0.9319227230910763,0.0,0.0,0.0,No
-0.5434782608695652,0.07911683532658716,0.0,0.0,0.0,Yes
0.9130434782608695,0.2778288868445264,0.0,0.0,0.0,No
0.3695652173913043,-0.5510579576816927,1.0,-1.0,1.0,No
-0.5434782608695652,-0.36706531738730447,0.0,0.0,0.0,Yes
-0.4782608695652174,0.17111315547378128,0.0,0.0,0.0,Yes
0.8695652173913043,0.6412143514259432,0.0,0.0,0.0,No
0.9347826086956522,0.5574977000919966,0.0,0.0,0.0,No
-0.21739130434782608,0.17479300827966884,0.0,0.0,0.0,Yes
-0.021739130434782608,0.3799448022079118,0.0,0.0,0.0,No
-0.5217391304347826,0.15455381784728622,0.0,0.0,0.0,Yes
0.9347826086956522,0.8537258509659615,0.0,0.0,0.0,No
-0.45652173913043476,0.18583256669733228,0.0,0.0,0.0,Yes
-0.4782608695652174,-0.20699172033118665,0.0,0.0,0.0,No
-0.15217391304347827,-0.37810487580496777,0.0,0.0,0.0,No
0.9347826086956522,-0.939282428702852,0.0,0.0,0.0,No
-0.45652173913043476,-0.9328426862925483,0.0,0.0,0.0,No
0.5,0.20331186752529923,0.0,0.0,0.0,No
0.8478260869565217,-0.578656853725851,1.0,-1.0,1.0,No
0.9130434782608695,0.3238270469181235,0.0,0.0,0.0,No
-0.5869565217391305,-0.9291628334866605,0.0,0.0,0.0,No
0.10869565217391304,0.4783808647654094,0.0,0.0,0.0,No
0.13043478260869565,-0.8500459981600736,1.0,-1.0,1.0,No
0.6956521739130435,-0.9429622815087396,0.0,0.0,0.0,No
-0.6086956521739131,-0.4848206071757129,0.0,0.0,0.0,No
-0.6086956521739131,-0.3725850965961361,0.0,0.0,0.0,Yes
0.5217391304347826,-0.1793928242870284,0.0,0.0,0.0,No
0.9347826086956522,-0.8224471021159153,0.0,0.0,0.0,No
-0.5869565217391305,0.11131554737810509,0.0,0.0,0.0,Yes
-0.5652173913043478,0.5216191352345908,0.0,0.0,0.0,Yes
-0.34782608695652173,0.5602575896964123,0.0,0.0,0.0,Yes
0.2608695652173913,-0.30174793008279654,1.0,-1.0,1.0,No
-0.10869565217391304,-0.9190432382704692,0.0,0.0,0.0,No
-0.021739130434782608,0.3633854645814168,0.0,0.0,0.0,Yes
-0.45652173913043476,-0.7543698252069917,1.0,-1.0,1.0,No
-0.6086956521739131,-0.9181232750689972,0.0,0.0,0.0,No
0.5434782608695652,0.4553817847286109,0.0,0.0,0.0,No
0.2608695652173913,-0.8298068077276909,0.0,0.0,0.0,No
-0.21739130434782608,-0.468261269549218,0.0,0.0,0.0,No
0.9347826086956522,0.410303587856486,0.0,0.0,0.0,No
0.717391304347826,-0.4903403863845445,1.0,-1.0,1.0,No
0.5869565217391305,0.04139834406623735,0.0,0.0,0.0,No
-0.30434782608695654,-0.34590616375344985,0.0,0.0,0.0,Yes
-0.41304347826086957,0.16375344986200563,0.0,0.0,0.0,Yes
0.06521739130434782,-0.9457221711131554,0.0,0.0,0.0,No
-0.17391304347826086,-0.9172033118675252,0.0,0.0,0.0,No
0.717391304347826,-0.9273229070837166,0.0,0.0,0.0,No
-0.5869565217391305,-0.84360625574977,1.0,-1.0,1.0,No
-0.043478260869565216,-0.9153633854645814,0.0,0.0,0.0,No
-0.5217391304347826,0.4507819687212512,0.0,0.0,0.0,Yes
-0.08695652173913043,-0.171113155473781,1.0,-1.0,1.0,No
-0.5869565217391305,0.2824287028518861,0.0,0.0,0.0,Yes
0.43478260869565216,0.6678932842686295,0.0,0.0,0.0,No
0.7391304347826086,0.6973321067157315,0.0,0.0,0.0,No
-0.5434782608695652,-0.9190432382704692,0.0,0.0,0.0,No
-0.6086956521739131,-0.27690892364305425,0.0,0.0,0.0,No
-0.391304347826087,-0.9218031278748849,0.0,0.0,0.0,No
0.5,0.0478380864765411,0.0,0.0,0.0,No
0.6739130434782609,0.3514259429622817,0.0,0.0,0.0,No
0.7608695652173914,0.6310947562097519,0.0,0.0,0.0,No
0.30434782608695654,0.08923643054277845,0.0,0.0,0.0,No
0.6956521739130435,0.566697332106716,0.0,0.0,0.0,No
-0.6086956521739131,-0.4774609015639374,0.0,0.0,0.0,Yes
-0.5217391304347826,0.3523459061637536,0.0,0.0,0.0,Yes
0.8043478260869565,-0.029438822447102015,0.0,0.0,0.0,No
0.8260869565217391,0.7488500459981602,0.0,0.0,0.0,No
0.2826086956521739,0.5271389144434224,0.0,0.0,0.0,No
-0.6086956521739131,0.2888684452621896,0.0,0.0,0.0,Yes
0.043478260869565216,-0.9080036798528058,0.0,0.0,0.0,No
-0.4782608695652174,-0.937442502299908,0.0,0.0,0.0,No
-0.5434782608695652,-0.47470101195952163,1.0,-1.0,1.0,Yes
0.10869565217391304,0.12603495860165612,0.0,0.0,0.0,No
-0.5652173913043478,-0.936522539098436,0.0,0.0,0.0,No
-0.21739130434782608,-0.8371665133394663,1.0,-1.0,1.0,No
0.043478260869565216,-0.6430542778288868,1.0,-1.0,1.0,Yes
-0.6086956521739131,0.46550137994480245,0.0,0.0,0.0,Yes
-0.5652173913043478,-0.5335786568537257,1.0,-1.0,1.0,No
0.3695652173913043,-0.9337626494940202,0.0,0.0,0.0,No
-0.6086956521739131,-0.9089236430542778,0.0,0.0,0.0,Yes
0.8695652173913043,0.2594296228150876,0.0,0.0,0.0,No
-0.5217391304347826,-0.9218031278748849,0.0,0.0,0.0,No
-0.6086956521739131,-0.9328426862925483,0.0,0.0,0.0,No
-0.06521739130434782,-0.9144434222631095,0.0,0.0,0.0,No
-0.41304347826086957,-0.6559337626494939,1.0,-1.0,1.0,Yes
-0.08695652173913043,0.532658693652254,0.0,0.0,0.0,No
0.7608695652173914,0.19687212511499547,0.0,0.0,0.0,No
0.021739130434782608,-0.050597976080956765,0.0,0.0,0.0,No
-0.34782608695652173,-0.003679852805887556,0.0,0.0,0.0,No
0.7608695652173914,0.8215271389144436,0.0,0.0,0.0,No
0.3695652173913043,0.26586936522539106,0.0,0.0,0.0,No
-0.3695652173913043,-0.9319227230910763,0.0,0.0,0.0,No
-0.30434782608695654,-0.9310027598896045,0.0,0.0,0.0,Yes
-0.2608695652173913,0.40846366145354196,0.0,0.0,0.0,Yes
-0.34782608695652173,-0.13247470101195946,0.0,0.0,0.0,No
0.8260869565217391,0.06715731370745182,0.0,0.0,0.0,No
-0.10869565217391304,-0.7589696412143514,1.0,-1.0,1.0,No
-0.5,-0.37350505979760806,0.0,0.0,0.0,No
0.5217391304347826,-0.18951241950321984,0.0,0.0,0.0,Yes
-0.2826086956521739,0.07267709291628341,0.0,0.0,0.0,Yes
-0.41304347826086957,-0.9264029438822448,0.0,0.0,0.0,No
-0.34782608695652173,0.07911683532658716,0.0,0.0,0.0,No
-0.43478260869565216,0.2759889604415824,0.0,0.0,0.0,Yes
-0.08695652173913043,0.07267709291628341,0.0,0.0,0.0,Yes
-0.4782608695652174,-0.4774609015639374,1.0,-1.0,1.0,No
0.1956521739130435,0.2769089236430545,0.0,0.0,0.0,No
0.30434782608695654,0.4369825206991721,0.0,0.0,0.0,No
-0.5434782608695652,0.5105795768169273,0.0,0.0,0.0,Yes
-0.08695652173913043,0.7092916283348669,0.0,0.0,0.0,No
-0.043478260869565216,-0.2603495860165592,0.0,0.0,0.0,No
0.9347826086956522,-0.8141674333026678,0.0,0.0,0.0,No
0.9130434782608695,0.2778288868445264,0.0,0.0,0.0,No
-0.10869565217391304,0.3422263109475623,0.0,0.0,0.0,No
0.45652173913043476,0.723091076356946,0.0,0.0,0.0,Yes
0.6086956521739131,0.0735970561177553,0.0,0.0,0.0,No
-0.30434782608695654,-0.3955841766329346,0.0,0.0,0.0,No
-0.5434782608695652,0.17939282428702855,0.0,0.0,0.0,No
-0.021739130434782608,-0.26310947562097514,0.0,0.0,0.0,No
-0.43478260869565216,0.07727690892364311,0.0,0.0,0.0,Yes
0.5652173913043478,0.3578656853725852,0.0,0.0,0.0,No
-0.5652173913043478,0.5630174793008281,0.0,0.0,0.0,Yes
-0.41304347826086957,0.45170193192272334,0.0,0.0,0.0,Yes
0.5652173913043478,-0.9429622815087396,0.0,0.0,0.0,No
-0.1956521739130435,-0.9199632014719411,0.0,0.0,0.0,No
0.717391304347826,0.6568537258509661,0.0,0.0,0.0,No
0.06521739130434782,0.6356945722171116,0.0,0.0,0.0,Yes
0.30434782608695654,-0.9328426862925483,0.0,0.0,0.0,No
-0.43478260869565216,-0.8509659613615455,1.0,-1.0,1.0,Yes
0.6739130434782609,-0.19319227230910752,0.0,0.0,0.0,No
0.6304347826086957,0.2897884084636615,0.0,0.0,0.0,No
-0.4782608695652174,-0.936522539098436,0.0,0.0,0.0,No
-0.5869565217391305,0.4921803127874885,0.0,0.0,0.0,No
0.17391304347826086,-0.6200551977920883,1.0,-1.0,1.0,No
0.782608695652174,0.6172953081876728,0.0,0.0,0.0,No
0.21739130434782608,-0.9310027598896045,0.0,0.0,0.0,No
0.8043478260869565,0.6200551977920884,0.0,0.0,0.0,Yes
0.8478260869565217,-0.8426862925482981,0.0,0.0,0.0,No
0.717391304347826,-0.3983440662373504,1.0,-1.0,1.0,No
-0.5652173913043478,0.3311867525298988,0.0,0.0,0.0,Yes
0.9347826086956522,0.721251149954002,0.0,0.0,0.0,No
0.2608695652173913,-0.9144434222631095,0.0,0.0,0.0,No
0.0,0.44710211591536364,0.0,0.0,0.0,Yes
-0.5434782608695652,-0.27874885004599803,0.0,0.0,0.0,No
0.5217391304347826,-0.8518859245630175,0.0,0.0,0.0,No
-0.6086956521739131,0.07451701931922745,0.0,0.0,0.0,Yes
0.2608695652173913,0.17571297148114098,0.0,0.0,0.0,Yes
0.21739130434782608,-0.9181232750689972,0.0,0.0,0.0,No
0.7391304347826086,-0.9402023919043239,0.0,0.0,0.0,No
-0.30434782608695654,-0.8095676172953081,0.0,0.0,0.0,No
-0.34782608695652173,-0.48850045998160074,0.0,0.0,0.0,No
-0.6086956521739131,-0.37166513339466417,0.0,0.0,0.0,No
-0.6086956521739131,-0.9181232750689972,0.0,0.0,0.0,No
-0.45652173913043476,-0.011959521619135079,0.0,0.0,0.0,Yes
0.6739130434782609,-0.1646734130634774,0.0,0.0,0.0,No
-0.3695652173913043,0.5105795768169273,0.0,0.0,0.0,Yes
0.2391304347826087,0.007359705611775635,0.0,0.0,0.0,No
0.8043478260869565,-0.1692732290708371,0.0,0.0,0.0,No
0.2826086956521739,-0.9218031278748849,0.0,0.0,0.0,No
0.8043478260869565,-0.11959521619135223,0.0,0.0,0.0,No
0.43478260869565216,0.5216191352345908,0.0,0.0,0.0,No
-0.6086956521739131,-0.9172033118675252,0.0,0.0,0.0,Yes
0.2608695652173913,-0.9264029438822448,0.0,0.0,0.0,No
0.2608695652173913,-0.939282428702852,0.0,0.0,0.0,No
-0.13043478260869565,0.2585096596136157,0.0,0.0,0.0,No
-0.5652173913043478,-0.8325666973321066,1.0,-1.0,1.0,No
-0.5434782608695652,-0.4066237350505979,1.0,-1.0,1.0,No
0.5,-0.9291628334866605,0.0,0.0,0.0,No
-0.5434782608695652,0.5381784728610857,0.0,0.0,0.0,Yes
-0.391304347826087,0.4388224471021161,0.0,0.0,0.0,No
-0.5869565217391305,-0.15087396504139827,0.0,0.0,0.0,No
-0.06521739130434782,0.16467341306347752,0.0,0.0,0.0,No
-0.10869565217391304,-0.2594296228150873,0.0,0.0,0.0,No
-0.3695652173913043,-0.9208831646734131,0.0,0.0,0.0,No
0.6739130434782609,0.5271389144434224,0.0,0.0,0.0,No
0.7608695652173914,0.3725850965961362,0.0,0.0,0.0,No
0.8043478260869565,0.28610855565777393,0.0,0.0,0.0,No
0.6739130434782609,0.16283348666053377,0.0,0.0,0.0,No
-0.2608695652173913,0.0,0.0,0.0,0.0,No
0.2826086956521739,-0.9383624655013799,0.0,0.0,0.0,No
-0.6086956521739131,-0.37166513339466417,0.0,0.0,0.0,No
0.391304347826087,-0.12051517939282425,0.0,0.0,0.0,No
-0.41304347826086957,-0.9162833486660534,0.0,0.0,0.0,No
0.8913043478260869,0.33486660533578666,0.0,0.0,0.0,No
0.8260869565217391,0.5712971481140757,0.0,0.0,0.0,No
-0.6086956521739131,0.21343146274149052,0.0,0.0,0.0,Yes
-0.4782608695652174,-0.018399264029438825,0.0,0.0,0.0,Yes
-0.6086956521739131,-0.4737810487580496,0.0,0.0,0.0,No
-0.5434782608695652,-0.12143514259429614,0.0,0.0,0.0,No
0.8043478260869565,0.7157313707451703,0.0,0.0,0.0,No
-0.3695652173913043,0.2621895124195032,0.0,0.0,0.0,No
-0.10869565217391304,-0.9181232750689972,0.0,0.0,0.0,No
-0.06521739130434782,0.283348666053358,0.0,0.0,0.0,No
-0.5,0.3817847286108556,0.0,0.0,0.0,Yes
0.6086956521739131,0.6918123275068999,0.0,0.0,0.0,No
-0.32608695652173914,0.2897884084636615,0.0,0.0,0.0,Yes
0.2826086956521739,-0.8721251149954001,0.0,0.0,0.0,No
-0.08695652173913043,0.4480220791168355,0.0,0.0,0.0,Yes
0.7608695652173914,-0.936522539098436,0.0,0.0,0.0,No
-0.15217391304347827,0.2713891444342227,0.0,0.0,0.0,Yes
-0.21739130434782608,-0.9319227230910763,0.0,0.0,0.0,No
0.6956521739130435,0.5298988040478384,0.0,0.0,0.0,Yes
-0.15217391304347827,0.3063477460901565,0.0,0.0,0.0,No
0.8913043478260869,0.5998160073597059,0.0,0.0,0.0,Yes
-0.3695652173913043,0.17663293468261287,0.0,0.0,0.0,No
0.043478260869565216,-0.11683532658693643,0.0,0.0,0.0,No
-0.391304347826087,-0.10027598896044139,0.0,0.0,0.0,No
0.8478260869565217,-0.8206071757129715,0.0,0.0,0.0,No
0.9347826086956522,0.36430542778288894,0.0,0.0,0.0,No
0.8260869565217391,0.8417663293468263,0.0,0.0,0.0,No
0.6739130434782609,0.6366145354185835,0.0,0.0,0.0,No
-0.6086956521739131,-0.46550137994480223,0.0,0.0,0.0,Yes
-0.6086956521739131,0.011959521619135341,0.0,0.0,0.0,Yes
0.6304347826086957,-0.37442502299908,1.0,-1.0,1.0,No
0.391304347826087,0.0036798528058878174,0.0,0.0,0.0,Yes
-0.6086956521739131,0.17203311867525317,0.0,0.0,0.0,Yes
-0.6086956521739131,-0.9181232750689972,0.0,0.0,0.0,No
-0.15217391304347827,-0.20883164673413054,0.0,0.0,0.0,Yes
0.41304347826086957,-0.1839926402943881,0.0,0.0,0.0,Yes
0.17391304347826086,-0.9291628334866605,0.0,0.0,0.0,No
-0.34782608695652173,-0.9273229070837166,0.0,0.0,0.0,No
0.30434782608695654,-0.8077276908923642,0.0,0.0,0.0,No
-0.5,-0.12787488500459976,1.0,-1.0,1.0,No
0.9130434782608695,-0.30174793008279654,1.0,-1.0,1.0,No
-0.6086956521739131,-0.020239190432382603,0.0,0.0,0.0,Yes
0.9347826086956522,0.4553817847286109,0.0,0.0,0.0,No
-0.5,0.0689972401103956,0.0,0.0,0.0,No
-0.3695652173913043,-0.641214351425943,1.0,-1.0,1.0,No
-0.08695652173913043,0.011039558417663452,0.0,0.0,0.0,Yes
-0.17391304347826086,0.16283348666053377,0.0,0.0,0.0,No
-0.5,-0.39650413983440663,0.0,0.0,0.0,No
-0.1956521739130435,0.3431462741490342,0.0,0.0,0.0,Yes
-0.2391304347826087,0.5344986200551981,0.0,0.0,0.0,Yes
0.30434782608695654,-0.27414903403863833,0.0,0.0,0.0,No
0.13043478260869565,-0.8270469181232751,0.0,0.0,0.0,No
-0.6086956521739131,0.0579576816927324,0.0,0.0,0.0,Yes
0.06521739130434782,0.4259429622815089,0.0,0.0,0.0,No
0.5,-0.11867525298988034,1.0,-1.0,1.0,No
0.06521739130434782,-0.10119595216191353,0.0,0.0,0.0,No
0.9347826086956522,-0.12051517939282425,1.0,-1.0,1.0,No
0.4782608695652174,-0.4765409383624654,1.0,-1.0,1.0,No
0.8478260869565217,-0.9273229070837166,0.0,0.0,0.0,No
-0.45652173913043476,-0.4967801287948481,1.0,-1.0,1.0,No
0.43478260869565216,-0.3808647654093836,1.0,-1.0,1.0,No
0.9347826086956522,0.2713891444342227,0.0,0.0,0.0,No
-0.43478260869565216,0.46274149034038653,0.0,0.0,0.0,Yes
-0.021739130434782608,0.4047838086476541,0.0,0.0,0.0,Yes
0.5434782608695652,0.3578656853725852,0.0,0.0,0.0,No
-0.391304347826087,0.07727690892364311,0.0,0.0,0.0,Yes
0.45652173913043476,0.6016559337626496,0.0,0.0,0.0,No
0.8695652173913043,0.8399264029438824,0.0,0.0,0.0,No
-0.6086956521739131,-0.008279668813247262,0.0,0.0,0.0,No
0.8478260869565217,0.4553817847286109,0.0,0.0,0.0,No
0.2391304347826087,-0.5538178472861085,1.0,-1.0,1.0,No
0.043478260869565216,-0.8206071757129715,0.0,0.0,0.0,No
0.08695652173913043,0.6439742410303588,0.0,0.0,0.0,No
0.5652173913043478,0.7957681692732291,0.0,0.0,0.0,No
0.8478260869565217,-0.8528058877644894,0.0,0.0,0.0,No
-0.3695652173913043,-0.937442502299908,0.0,0.0,0.0,No
0.9130434782608695,0.2897884084636615,0.0,0.0,0.0,No
0.2391304347826087,0.5942962281508742,0.0,0.0,0.0,No
0.7608695652173914,0.4139834406623735,0.0,0.0,0.0,No
0.5217391304347826,0.5041398344066239,0.0,0.0,0.0,No
-0.3695652173913043,0.24747010119595225,0.0,0.0,0.0,Yes
0.5217391304347826,-0.29254829806807714,1.0,-1.0,1.0,Yes
0.9347826086956522,0.5078196872125117,0.0,0.0,0.0,No
0.3695652173913043,-0.9273229070837166,0.0,0.0,0.0,No
0.2391304347826087,-0.841766329346826,0.0,0.0,0.0,No
-0.3695652173913043,-0.35694572217111303,1.0,-1.0,1.0,No
-0.43478260869565216,0.09659613615455383,0.0,0.0,0.0,No
0.4782608695652174,0.19135234590616387,0.0,0.0,0.0,No
0.43478260869565216,0.36890524379024864,0.0,0.0,0.0,No
0.2608695652173913,0.5418583256669735,0.0,0.0,0.0,Yes
0.5869565217391305,-0.18583256669733203,0.0,0.0,0.0,No
-0.5434782608695652,-0.9227230910763569,0.0,0.0,0.0,No
-0.1956521739130435,-0.1140754369825205,0.0,0.0,0.0,No
-0.06521739130434782,-0.9218031278748849,0.0,0.0,0.0,No
-0.1956521739130435,0.6531738730450782,0.0,0.0,0.0,Yes
-0.4782608695652174,0.09383624655013816,0.0,0.0,0.0,Yes
-0.4782608695652174,0.4323827046918124,0.0,0.0,0.0,Yes
0.4782608695652174,0.5271389144434224,0.0,0.0,0.0,No
-0.5434782608695652,0.18307267709291636,0.0,0.0,0.0,No
-0.6086956521739131,-0.9346826126954922,0.0,0.0,0.0,No
-0.043478260869565216,0.5593376264949403,0.0,0.0,0.0,No
-0.15217391304347827,0.5593376264949403,0.0,0.0,0.0,Yes
-0.3695652173913043,-0.3054277828886844,0.0,0.0,0.0,No
-0.5652173913043478,-0.7240110395584176,1.0,-1.0,1.0,Yes
0.10869565217391304,-0.8233670653173872,0.0,0.0,0.0,No
-0.10869565217391304,-0.22079116835326576,0.0,0.0,0.0,No
0.4782608695652174,0.17755289788408476,0.0,0.0,0.0,Yes
-0.32608695652173914,-0.44158233670653163,1.0,-1.0,1.0,No
0.6521739130434783,0.7985280588776451,0.0,0.0,0.0,No
-0.5652173913043478,0.36890524379024864,0.0,0.0,0.0,No
0.782608695652174,0.7166513339466423,0.0,0.0,0.0,No
-0.5217391304347826,-0.001839926402943778,0.0,0.0,0.0,Yes
0.6521739130434783,0.3670653173873046,0.0,0.0,0.0,No
0.9347826086956522,-0.0938362465501379,1.0,-1.0,1.0,No
0.717391304347826,0.5482980680772772,0.0,0.0,0.0,Yes
-0.021739130434782608,0.4443422263109477,0.0,0.0,0.0,Yes
-0.5652173913043478,-0.17847286108555652,0.0,0.0,0.0,No
-0.21739130434782608,-0.8509659613615455,0.0,0.0,0.0,No
-0.6086956521739131,-0.9356025758969642,0.0,0.0,0.0,No
-0.10869565217391304,0.2870285188592458,0.0,0.0,0.0,No
0.6086956521739131,-0.3100275988960441,0.0,0.0,0.0,No
0.9347826086956522,-0.8261269549218031,0.0,0.0,0.0,No
0.8260869565217391,-0.9172033118675252,0.0,0.0,0.0,No
0.5,-0.9107635694572217,0.0,0.0,0.0,No
0.9130434782608695,0.35970561177552923,0.0,0.0,0.0,No
-0.06521739130434782,-0.8160073597056118,0.0,0.0,0.0,No
0.13043478260869565,0.7884084636614538,0.0,0.0,0.0,No
0.5652173913043478,-0.023919043238270418,0.0,0.0,0.0,No
0.08695652173913043,-0.9245630174793008,0.0,0.0,0.0,No
0.9347826086956522,0.723091076356946,0.0,0.0,0.0,No
-0.6086956521739131,-0.9411223551057957,0.0,0.0,0.0,No
-0.41304347826086957,-0.670653173873045,1.0,-1.0,1.0,Yes
0.17391304347826086,0.361545538178473,0.0,0.0,0.0,No
-0.3695652173913043,-0.6688132474701012,1.0,-1.0,1.0,No
-0.6086956521739131,-0.9190432382704692,0.0,0.0,0.0,No
0.717391304347826,-0.5841766329346826,1.0,-1.0,1.0,No
-0.6086956521739131,-0.8298068077276909,1.0,-1.0,1.0,No
-0.2391304347826087,-0.1793928242870284,0.0,0.0,0.0,No
0.8695652173913043,0.3606255749770011,0.0,0.0,0.0,Yes
-0.5869565217391305,0.08095676172953094,0.0,0.0,0.0,No
-0.21739130434782608,-0.9153633854645814,0.0,0.0,0.0,No
-0.3695652173913043,0.2594296228150876,0.0,0.0,0.0,Yes
-0.43478260869565216,-0.9190432382704692,0.0,0.0,0.0,No
-0.043478260869565216,0.20883164673413082,0.0,0.0,0.0,No
-0.043478260869565216,0.16835326586936536,0.0,0.0,0.0,Yes
-0.6086956521739131,0.3459061637534501,0.0,0.0,0.0,Yes
-0.10869565217391304,-0.9208831646734131,0.0,0.0,0.0,No
-0.32608695652173914,0.08463661453541875,0.0,0.0,0.0,Yes
0.06521739130434782,0.07451701931922745,0.0,0.0,0.0,Yes
-0.391304347826087,-0.9264029438822448,0.0,0.0,0.0,No
-0.6086956521739131,-0.8344066237350506,0.0,0.0,0.0,No
0.1956521739130435,0.18583256669733228,0.0,0.0,0.0,No
-0.43478260869565216,-0.9310027598896045,0.0,0.0,0.0,No
0.5434782608695652,-0.08647654093836227,0.0,0.0,0.0,No
0.0,0.011959521619135341,0.0,0.0,0.0,No
0.32608695652173914,0.346826126954922,0.0,0.0,0.0,No
0.6521739130434783,0.3017479300827968,0.0,0.0,0.0,No
-0.5652173913043478,-0.27690892364305425,0.0,0.0,0.0,Yes
-0.2391304347826087,-0.1628334866605335,0.0,0.0,0.0,No
0.8260869565217391,-0.8325666973321066,0.0,0.0,0.0,No
-0.15217391304347827,-0.27966881324747006,0.0,0.0,0.0,Yes
0.08695652173913043,-0.6678932842686293,1.0,-1.0,1.0,No
-0.5217391304347826,-0.9273229070837166,0.0,0.0,0.0,No
-0.5869565217391305,-0.9273229070837166,0.0,0.0,0.0,No
0.9347826086956522,0.3560257589696414,0.0,0.0,0.0,No
-0.43478260869565216,-0.9190432382704692,0.0,0.0,0.0,No
0.8260869565217391,-0.8104875804967802,0.0,0.0,0.0,No
-0.2826086956521739,0.268629254829807,0.0,0.0,0.0,Yes
-0.45652173913043476,-0.9135234590616375,0.0,0.0,0.0,No
-0.5217391304347826,-0.498620055197792,1.0,-1.0,1.0,Yes
-0.13043478260869565,-0.404783808647654,0.0,0.0,0.0,Yes
-0.6086956521739131,0.16927322907083725,0.0,0.0,0.0,Yes
0.45652173913043476,0.01287948482060723,0.0,0.0,0.0,Yes
-0.2608695652173913,-0.936522539098436,0.0,0.0,0.0,No
0.8478260869565217,0.7442502299908005,0.0,0.0,0.0,No
-0.6086956521739131,0.26034958601655944,0.0,0.0,0.0,Yes
-0.08695652173913043,-0.019319227230910712,0.0,0.0,0.0,No
0.8260869565217391,-0.3863845446182152,1.0,-1.0,1.0,No
0.06521739130434782,-0.9199632014719411,0.0,0.0,0.0,No
0.8260869565217391,0.6485740570377185,0.0,0.0,0.0,No
0.9347826086956522,-0.1085556577736889,1.0,-1.0,1.0,No
0.9130434782608695,0.7037718491260351,0.0,0.0,0.0,Yes
-0.6086956521739131,-0.3762649494020239,0.0,0.0,0.0,No
0.3695652173913043,-0.7368905243790249,1.0,-1.0,1.0,Yes
-0.5869565217391305,-0.735050597976081,1.0,-1.0,1.0,Yes
-0.6086956521739131,-0.4590616375344986,0.0,0.0,0.0,Yes
0.41304347826086957,-0.08647654093836227,0.0,0.0,0.0,No
0.6956521739130435,0.6062557497700093,0.0,0.0,0.0,No
0.06521739130434782,0.25390984360625596,0.0,0.0,0.0,Yes
-0.5869565217391305,-0.4765409383624654,0.0,0.0,0.0,No
-0.5652173913043478,-0.9310027598896045,0.0,0.0,0.0,Yes
-0.5217391304347826,0.2769089236430545,0.0,0.0,0.0,Yes
0.9130434782608695,0.35970561177552923,0.0,0.0,0.0,No
0.17391304347826086,-0.28150873965041395,0.0,0.0,0.0,No
0.782608695652174,0.6209751609935603,0.0,0.0,0.0,No
0.8260869565217391,0.6669733210671573,0.0,0.0,0.0,No
0.43478260869565216,0.08923643054277845,0.0,0.0,0.0,Yes
0.45652173913043476,0.002759889604415928,0.0,0.0,0.0,No
-0.08695652173913043,-0.9337626494940202,0.0,0.0,0.0,No
-0.2608695652173913,-0.2667893284268628,0.0,0.0,0.0,Yes
0.7608695652173914,-0.8518859245630175,0.0,0.0,0.0,No
-0.08695652173913043,-0.593376264949402,1.0,-1.0,1.0,No
-0.13043478260869565,0.6632934682612698,0.0,0.0,0.0,Yes
-0.10869565217391304,-0.6642134314627415,1.0,-1.0,1.0,No
0.17391304347826086,0.5464581416743332,0.0,0.0,0.0,No
-0.17391304347826086,-0.03127874885004579,0.0,0.0,0.0,No
-0.6086956521739131,-0.45170193192272307,0.0,0.0,0.0,No
-0.41304347826086957,0.09935602575896976,0.0,0.0,0.0,No
-0.5,0.2585096596136157,0.0,0.0,0.0,Yes
0.4782608695652174,0.47930082796688156,0.0,0.0,0.0,No
-0.41304347826086957,-0.9162833486660534,0.0,0.0,0.0,No
-0.5,-0.35694572217111303,1.0,-1.0,1.0,No
0.391304347826087,0.3707451701931924,0.0,0.0,0.0,No
0.6956521739130435,0.16651333946642158,0.0,0.0,0.0,No
0.5,-0.21343146274149025,1.0,-1.0,1.0,No
0.13043478260869565,-0.20055197792088303,0.0,0.0,0.0,No
0.9130434782608695,0.6504139834406626,0.0,0.0,0.0,No
-0.5,-0.2594296228150873,0.0,0.0,0.0,Yes
0.34782608695652173,-0.3137074517019319,0.0,0.0,0.0,No
-0.5869565217391305,0.27966881324747017,0.0,0.0,0.0,Yes
-0.5434782608695652,-0.03127874885004579,0.0,0.0,0.0,Yes
-0.5869565217391305,-0.8472861085556578,1.0,-1.0,1.0,No
-0.5434782608695652,0.1379944802207912,0.0,0.0,0.0,Yes
0.4782608695652174,-0.19227230910763562,0.0,0.0,0.0,No
0.6739130434782609,-0.8537258509659613,0.0,0.0,0.0,No
-0.43478260869565216,-0.9236430542778289,0.0,0.0,0.0,No
-0.5652173913043478,0.6439742410303588,0.0,0.0,0.0,Yes
-0.2608695652173913,0.46550137994480245,0.0,0.0,0.0,No
-0.45652173913043476,0.30726770929162844,0.0,0.0,0.0,Yes
0.3695652173913043,0.19595216191352358,0.0,0.0,0.0,No
0.8478260869565217,0.22263109475620993,0.0,0.0,0.0,No
-0.6086956521739131,-0.3100275988960441,0.0,0.0,0.0,Yes
-0.5434782608695652,-0.9172033118675252,0.0,0.0,0.0,No
-0.6086956521739131,-0.8325666973321066,1.0,-1.0,1.0,Yes
-0.021739130434782608,-0.29346826126954917,0.0,0.0,0.0,No
0.21739130434782608,-0.21619135234590606,0.0,0.0,0.0,No
-0.391304347826087,0.26586936522539106,0.0,0.0,0.0,No
0.9130434782608695,-0.1646734130634774,1.0,-1.0,1.0,No
-0.5869565217391305,-0.9190432382704692,0.0,0.0,0.0,No
0.021739130434782608,0.17111315547378128,0.0,0.0,0.0,Yes
-0.2608695652173913,-0.9236430542778289,0.0,0.0,0.0,No
0.5652173913043478,0.4434222631094758,0.0,0.0,0.0,No
0.6304347826086957,0.17387304507819695,0.0,0.0,0.0,No
-0.5217391304347826,-0.29714811407543684,0.0,0.0,0.0,Yes
-0.6086956521739131,-0.936522539098436,0.0,0.0,0.0,Yes
-0.43478260869565216,0.0680772769089237,0.0,0.0,0.0,No
-0.06521739130434782,-0.390064397424103,0.0,0.0,0.0,No
0.45652173913043476,-0.937442502299908,0.0,0.0,0.0,No
0.9347826086956522,0.7966881324747013,0.0,0.0,0.0,No
0.30434782608695654,0.6559337626494942,0.0,0.0,0.0,No
0.5869565217391305,-0.8169273229070837,0.0,0.0,0.0,No
-0.6086956521739131,-0.9429622815087396,0.0,0.0,0.0,No
0.9347826086956522,0.6080956761729533,0.0,0.0,0.0,Yes
0.9347826086956522,0.5556577736890526,0.0,0.0,0.0,No
0.15217391304347827,0.46090156393744275,0.0,0.0,0.0,No
-0.5217391304347826,0.08831646734130656,0.0,0.0,0.0,No
-0.34782608695652173,0.2594296228150876,0.0,0.0,0.0,Yes
0.32608695652173914,0.3459061637534501,0.0,0.0,0.0,No
0.8913043478260869,0.6908923643054281,0.0,0.0,0.0,No
0.32608695652173914,-0.9356025758969642,0.0,0.0,0.0,No
0.06521739130434782,0.2870285188592458,0.0,0.0,0.0,Yes
0.8695652173913043,-0.8353265869365225,0.0,0.0,0.0,No
-0.2826086956521739,-0.20147194112235506,0.0,0.0,0.0,Yes
0.8478260869565217,-0.9356025758969642,0.0,0.0,0.0,No
-0.2826086956521739,-0.007359705611775373,0.0,0.0,0.0,No
0.8478260869565217,0.2299908003679853,0.0,0.0,0.0,No
-0.5434782608695652,-0.9448022079116836,0.0,0.0,0.0,No
-0.06521739130434782,-0.5795768169273229,1.0,-1.0,1.0,No
0.0,-0.7313707451701932,1.0,-1.0,1.0,Yes
-0.5217391304347826,-0.9199632014719411,0.0,0.0,0.0,No
0.8913043478260869,0.4535418583256671,0.0,0.0,0.0,No
-0.10869565217391304,0.07451701931922745,0.0,0.0,0.0,No
0.9347826086956522,0.14903403863845463,0.0,0.0,0.0,No
-0.6086956521739131,0.07267709291628341,0.0,0.0,0.0,No
0.8913043478260869,-0.35510579576816925,1.0,-1.0,1.0,No
0.15217391304347827,-0.9411223551057957,0.0,0.0,0.0,No
0.1956521739130435,0.5372585096596137,0.0,0.0,0.0,Yes
-0.2608695652173913,-0.006439742410303484,0.0,0.0,0.0,Yes
0.2608695652173913,0.7129714811407545,0.0,0.0,0.0,No
-0.6086956521739131,-0.46090156393744247,0.0,0.0,0.0,Yes
-0.5869565217391305,-0.7451701931922723,1.0,-1.0,1.0,Yes
-0.32608695652173914,0.11223551057957698,0.0,0.0,0.0,No
-0.5869565217391305,0.4553817847286109,0.0,0.0,0.0,Yes
-0.6086956521739131,-0.9300827966881325,0.0,0.0,0.0,Yes
-0.34782608695652173,0.04507819687212517,0.0,0.0,0.0,No
-0.5,-0.9457221711131554,0.0,0.0,0.0,No
-0.5434782608695652,0.1159153633854648,0.0,0.0,0.0,Yes
-0.5217391304347826,0.5298988040478384,0.0,0.0,0.0,Yes
-0.30434782608695654,0.5777368905243792,0.0,0.0,0.0,No
0.391304347826087,0.09383624655013816,0.0,0.0,0.0,No
-0.45652173913043476,-0.11499540018399265,0.0,0.0,0.0,No
-0.2608695652173913,-0.8224471021159153,1.0,-1.0,1.0,No
-0.30434782608695654,0.08739650413983442,0.0,0.0,0.0,No
-0.06521739130434782,0.46918123275069,0.0,0.0,0.0,No
-0.13043478260869565,-0.29346826126954917,0.0,0.0,0.0,No
-0.5434782608695652,0.04415823367065328,0.0,0.0,0.0,No
0.0,-0.9291628334866605,0.0,0.0,0.0,No
-0.08695652173913043,-0.9438822447102116,0.0,0.0,0.0,No
-0.43478260869565216,-0.46734130634774596,0.0,0.0,0.0,Yes
-0.2391304347826087,-0.38270469181232747,0.0,0.0,0.0,Yes
-0.5652173913043478,0.4507819687212512,0.0,0.0,0.0,No
0.8695652173913043,-0.4434222631094756,1.0,-1.0,1.0,No
-0.32608695652173914,-0.9383624655013799,0.0,0.0,0.0,No
-0.21739130434782608,-0.013799448022079119,0.0,0.0,0.0,No
0.21739130434782608,0.37442502299908026,0.0,0.0,0.0,No
0.043478260869565216,0.5712971481140757,0.0,0.0,0.0,No
-0.10869565217391304,-0.9218031278748849,0.0,0.0,0.0,No
-0.32608695652173914,-0.39650413983440663,0.0,0.0,0.0,No
0.7608695652173914,0.0735970561177553,0.0,0.0,0.0,No
0.45652173913043476,-0.9383624655013799,0.0,0.0,0.0,No
0.5,-0.029438822447102015,0.0,0.0,0.0,No
-0.021739130434782608,0.549218031278749,0.0,0.0,0.0,No
-0.17391304347826086,-0.9107635694572217,0.0,0.0,0.0,No
-0.08695652173913043,0.47010119595216215,0.0,0.0,0.0,Yes
-0.2608695652173913,-0.9383624655013799,0.0,0.0,0.0,No
0.6304347826086957,-0.4664213431462741,1.0,-1.0,1.0,No
-0.2608695652173913,0.205151793928243,0.0,0.0,0.0,Yes
0.4782608695652174,-0.8252069917203312,0.0,0.0,0.0,No
0.9347826086956522,-0.3946642134314627,1.0,-1.0,1.0,No
0.5,0.2529898804047838,0.0,0.0,0.0,Yes
-0.043478260869565216,-0.9337626494940202,0.0,0.0,0.0,No
-0.5652173913043478,-0.9264029438822448,0.0,0.0,0.0,No
0.7608695652173914,0.20147194112235517,0.0,0.0,0.0,No
0.34782608695652173,0.45722171113155496,0.0,0.0,0.0,No
-0.5652173913043478,-0.623735050597976,1.0,-1.0,1.0,Yes
0.9130434782608695,0.23827046918123282,0.0,0.0,0.0,No
-0.6086956521739131,-0.8334866605335787,1.0,-1.0,1.0,Yes
0.6304347826086957,-0.9208831646734131,0.0,0.0,0.0,No
0.10869565217391304,0.3587856485740571,0.0,0.0,0.0,No
-0.45652173913043476,-0.3771849126034958,0.0,0.0,0.0,Yes
-0.30434782608695654,-0.9300827966881325,0.0,0.0,0.0,No
0.8043478260869565,-0.28886844526218947,1.0,-1.0,1.0,No
-0.3695652173913043,-0.7543698252069917,1.0,-1.0,1.0,No
0.6304347826086957,-0.9420423183072677,0.0,0.0,0.0,No
-0.5652173913043478,-0.9429622815087396,0.0,0.0,0.0,No
0.30434782608695654,-0.27230910763569455,1.0,-1.0,1.0,Yes
-0.43478260869565216,0.18767249310027606,0.0,0.0,0.0,No
-0.5652173913043478,-0.9218031278748849,0.0,0.0,0.0,No
-0.15217391304347827,-0.015639374425022896,0.0,0.0,0.0,Yes
0.2391304347826087,0.6559337626494942,0.0,0.0,0.0,No
0.8478260869565217,-0.8252069917203312,0.0,0.0,0.0,No
0.5434782608695652,0.6246550137994481,0.0,0.0,0.0,Yes
0.45652173913043476,0.1701931922723091,0.0,0.0,0.0,No
-0.6086956521739131,-0.27782888684452617,0.0,0.0,0.0,No
0.9347826086956522,0.32566697332106725,0.0,0.0,0.0,No
0.2391304347826087,-0.9190432382704692,0.0,0.0,0.0,No
0.9347826086956522,0.8693652253909845,0.0,0.0,0.0,No
-0.5,-0.9264029438822448,0.0,0.0,0.0,No
-0.5217391304347826,-0.9328426862925483,0.0,0.0,0.0,No
0.41304347826086957,0.0036798528058878174,0.0,0.0,0.0,No
-0.6086956521739131,0.4323827046918124,0.0,0.0,0.0,Yes
0.7608695652173914,-0.0837166513339466,0.0,0.0,0.0,No
-0.2608695652173913,-0.9254829806807728,0.0,0.0,0.0,No
0.2391304347826087,0.17755289788408476,0.0,0.0,0.0,No
0.2608695652173913,-0.6430542778288868,1.0,-1.0,1.0,No
0.4782608695652174,0.1701931922723091,0.0,0.0,0.0,No
0.2608695652173913,0.18215271389144447,0.0,0.0,0.0,No
-0.6086956521739131,-0.36614535418583244,0.0,0.0,0.0,Yes
-0.5869565217391305,-0.9181232750689972,0.0,0.0,0.0,No
0.8478260869565217,0.1701931922723091,0.0,0.0,0.0,No
-0.10869565217391304,-0.8399264029438822,0.0,0.0,0.0,No
0.8913043478260869,0.12787488500459987,0.0,0.0,0.0,No
-0.5652173913043478,-0.7470101195952161,1.0,-1.0,1.0,No
-0.5869565217391305,-0.468261269549218,0.0,0.0,0.0,No
-0.5652173913043478,-0.7460901563937443,1.0,-1.0,1.0,No
-0.4782608695652174,0.07911683532658716,0.0,0.0,0.0,Yes
-0.34782608695652173,0.029438822447102275,0.0,0.0,0.0,No
-0.4782608695652174,-0.9126034958601655,0.0,0.0,0.0,No
-0.3695652173913043,-0.25850965961361544,0.0,0.0,0.0,No
0.5217391304347826,0.6421343146274151,0.0,0.0,0.0,No
-0.3695652173913043,0.4388224471021161,0.0,0.0,0.0,Yes
0.7391304347826086,-0.9346826126954922,0.0,0.0,0.0,No
-0.30434782608695654,0.2594296228150876,0.0,0.0,0.0,No
0.15217391304347827,-0.3072677092916283,0.0,0.0,0.0,No
-0.5434782608695652,-0.7442502299908004,1.0,-1.0,1.0,No
-0.10869565217391304,-0.9319227230910763,0.0,0.0,0.0,No
0.6956521739130435,-0.4903403863845445,1.0,-1.0,1.0,No
-0.2826086956521739,-0.27690892364305425,0.0,0.0,0.0,No
0.782608695652174,-0.9291628334866605,0.0,0.0,0.0,No
-0.06521739130434782,-0.9328426862925483,0.0,0.0,0.0,No
-0.2826086956521739,-0.38454461821527125,0.0,0.0,0.0,No
0.5434782608695652,0.6660533578656855,0.0,0.0,0.0,Yes
-0.6086956521739131,-0.9245630174793008,0.0,0.0,0.0,Yes
-0.5217391304347826,-0.9181232750689972,0.0,0.0,0.0,No
-0.21739130434782608,-0.5639374425022998,1.0,-1.0,1.0,No
-0.41304347826086957,-0.2916283348666053,0.0,0.0,0.0,No
-0.13043478260869565,0.24747010119595225,0.0,0.0,0.0,Yes
-0.5652173913043478,-0.27966881324747006,0.0,0.0,0.0,Yes
0.9347826086956522,0.7589696412143515,0.0,0.0,0.0,No
-0.41304347826086957,0.29990800367985304,0.0,0.0,0.0,Yes
-0.41304347826086957,-0.27230910763569455,0.0,0.0,0.0,No
-0.391304347826087,-0.9162833486660534,0.0,0.0,0.0,No
0.17391304347826086,0.6697332106715733,0.0,0.0,0.0,Yes
-0.2608695652173913,-0.15179392824287016,0.0,0.0,0.0,No
0.15217391304347827,0.628334866605336,0.0,0.0,0.0,No
-0.2608695652173913,0.5786568537258511,0.0,0.0,0.0,No
0.8043478260869565,0.7405703771849127,0.0,0.0,0.0,No
0.6956521739130435,0.2677092916283351,0.0,0.0,0.0,No
-0.15217391304347827,0.4204231830726773,0.0,0.0,0.0,No
-0.6086956521739131,-0.8454461821527139,1.0,-1.0,1.0,No
-0.5,0.0036798528058878174,0.0,0.0,0.0,No
0.043478260869565216,0.14903403863845463,0.0,0.0,0.0,Yes
0.8478260869565217,0.2695492180312789,0.0,0.0,0.0,No
0.10869565217391304,0.31462741490340407,0.0,0.0,0.0,Yes
0.5,0.2842686292548299,0.0,0.0,0.0,No
-0.41304347826086957,0.3817847286108556,0.0,0.0,0.0,No
0.0,0.007359705611775635,0.0,0.0,0.0,Yes
0.9347826086956522,-0.9245630174793008,0.0,0.0,0.0,No
0.391304347826087,-0.9254829806807728,0.0,0.0,0.0,No
-0.10869565217391304,0.08187672493100281,0.0,0.0,0.0,No
0.782608695652174,-0.8380864765409384,0.0,0.0,0.0,No
-0.5434782608695652,0.5611775528978842,0.0,0.0,0.0,No
-0.3695652173913043,0.5703771849126036,0.0,0.0,0.0,Yes
-0.6086956521739131,0.20883164673413082,0.0,0.0,0.0,Yes
0.08695652173913043,-0.038638454461821424,0.0,0.0,0.0,Yes
0.10869565217391304,0.6393744250229991,0.0,0.0,0.0,No
-0.32608695652173914,-0.9190432382704692,0.0,0.0,0.0,No
-0.5434782608695652,0.16191352345906188,0.0,0.0,0.0,Yes
-0.34782608695652173,-0.9264029438822448,0.0,0.0,0.0,No
0.782608695652174,0.16651333946642158,0.0,0.0,0.0,No
-0.13043478260869565,-0.24195032198712038,0.0,0.0,0.0,No
0.5652173913043478,-0.21619135234590606,0.0,0.0,0.0,No
0.43478260869565216,0.4498620055197793,0.0,0.0,0.0,No
0.6739130434782609,0.5915363385464583,0.0,0.0,0.0,No
0.8695652173913043,-0.9199632014719411,0.0,0.0,0.0,No
0.2391304347826087,0.2677092916283351,0.0,0.0,0.0,No
0.8260869565217391,-0.02115915363385449,0.0,0.0,0.0,No
0.13043478260869565,0.46182152713891467,0.0,0.0,0.0,Yes
-0.21739130434782608,0.5630174793008281,0.0,0.0,0.0,Yes
-0.34782608695652173,-0.9107635694572217,0.0,0.0,0.0,No
0.2608695652173913,0.33394664213431474,0.0,0.0,0.0,No
-0.5434782608695652,-0.6504139834406624,1.0,-1.0,1.0,No
-0.10869565217391304,-0.27966881324747006,0.0,0.0,0.0,No
-0.5217391304347826,-0.35694572217111303,1.0,-1.0,1.0,No
-0.5217391304347826,-0.11683532658693643,0.0,0.0,0.0,No
-0.6086956521739131,-0.02299908003679853,0.0,0.0,0.0,Yes
0.9347826086956522,0.18123275068997258,0.0,0.0,0.0,No
-0.10869565217391304,-0.3873045078196872,0.0,0.0,0.0,No
0.2826086956521739,0.2575896964121435,0.0,0.0,0.0,No
-0.5434782608695652,-0.9254829806807728,0.0,0.0,0.0,No
0.8478260869565217,0.862005519779209,0.0,0.0,0.0,No
0.08695652173913043,-0.9245630174793008,0.0,0.0,0.0,No
-0.6086956521739131,-0.013799448022079119,0.0,0.0,0.0,Yes
0.043478260869565216,0.6090156393744253,0.0,0.0,0.0,Yes
-0.5434782608695652,0.13983440662373522,0.0,0.0,0.0,Yes
0.8695652173913043,0.7286108555657776,0.0,0.0,0.0,No
0.1956521739130435,0.4489420423183074,0.0,0.0,0.0,No
-0.5652173913043478,0.17755289788408476,0.0,0.0,0.0,No
0.41304347826086957,0.17111315547378128,0.0,0.0,0.0,No
-0.30434782608695654,-0.8307267709291628,0.0,0.0,0.0,No
-0.08695652173913043,-0.9282428702851886,0.0,0.0,0.0,No
-0.6086956521739131,0.14903403863845463,0.0,0.0,0.0,Yes
0.41304347826086957,-0.47010119595216193,1.0,-1.0,1.0,No
-0.6086956521739131,-0.9208831646734131,0.0,0.0,0.0,No
-0.6086956521739131,-0.9411223551057957,0.0,0.0,0.0,No
0.17391304347826086,0.17847286108555666,0.0,0.0,0.0,No
0.8043478260869565,0.6807727690892365,0.0,0.0,0.0,No
-0.06521739130434782,-0.4139834406623734,1.0,-1.0,1.0,No
0.7391304347826086,0.008279668813247524,0.0,0.0,0.0,No
-0.41304347826086957,-0.7516099356025758,1.0,-1.0,1.0,Yes
-0.5869565217391305,0.007359705611775635,0.0,0.0,0.0,Yes
-0.2391304347826087,-0.20699172033118665,0.0,0.0,0.0,No
0.7608695652173914,-0.8242870285188593,0.0,0.0,0.0,No
-0.43478260869565216,0.2594296228150876,0.0,0.0,0.0,Yes
-0.021739130434782608,-0.9218031278748849,0.0,0.0,0.0,No
-0.6086956521739131,0.09567617295308194,0.0,0.0,0.0,No
-0.5434782608695652,0.28150873965041423,0.0,0.0,0.0,Yes
0.1956521739130435,-0.003679852805887556,0.0,0.0,0.0,Yes
0.8043478260869565,0.45906163753449875,0.0,0.0,0.0,No
-0.6086956521739131,-0.001839926402943778,0.0,0.0,0.0,No
-0.2391304347826087,-0.36890524379024836,0.0,0.0,0.0,No
0.4782608695652174,0.5050597976080958,0.0,0.0,0.0,Yes
-0.6304347826086957,-0.9291628334866605,0.0,0.0,0.0,No
-0.6086956521739131,-0.44250229990800366,0.0,0.0,0.0,Yes
-0.3695652173913043,-0.9383624655013799,0.0,0.0,0.0,No
0.2608695652173913,0.6614535418583258,0.0,0.0,0.0,Yes
-0.3695652173913043,-0.8344066237350506,0.0,0.0,0.0,No
0.5652173913043478,-0.9208831646734131,0.0,0.0,0.0,No
-0.4782608695652174,0.09199632014719412,0.0,0.0,0.0,No
-0.3695652173913043,0.3505059797608098,0.0,0.0,0.0,Yes
0.8478260869565217,0.32474701011959534,0.0,0.0,0.0,No
-0.5217391304347826,0.23551057957681715,0.0,0.0,0.0,Yes
0.43478260869565216,-0.48850045998160074,0.0,0.0,0.0,No
0.2391304347826087,-0.1527138914443422,1.0,-1.0,1.0,No
-0.2826086956521739,-0.9245630174793008,0.0,0.0,0.0,No
-0.41304347826086957,0.06991720331186774,0.0,0.0,0.0,Yes
0.9347826086956522,0.5703771849126036,0.0,0.0,0.0,No
-0.5869565217391305,0.25206991720331196,0.0,0.0,0.0,No
-0.13043478260869565,-0.9098436062557498,0.0,0.0,0.0,No
0.9130434782608695,0.6540938362465504,0.0,0.0,0.0,No
-0.391304347826087,0.5363385464581418,0.0,0.0,0.0,Yes
-0.6086956521739131,-0.4820607175712971,0.0,0.0,0.0,Yes
-0.2826086956521739,-0.3026678932842686,0.0,0.0,0.0,Yes
-0.6086956521739131,0.2778288868445264,0.0,0.0,0.0,Yes
-0.3695652173913043,0.27046918123275077,0.0,0.0,0.0,No
0.5434782608695652,-0.482980680772769,1.0,-1.0,1.0,No
0.8478260869565217,0.3652253909843608,0.0,0.0,0.0,No
-0.5434782608695652,-0.3587856485740569,0.0,0.0,0.0,Yes
-0.6086956521739131,-0.20515179392824273,0.0,0.0,0.0,Yes
-0.043478260869565216,-0.31094756209751595,0.0,0.0,0.0,No
-0.17391304347826086,-0.9273229070837166,0.0,0.0,0.0,No
-0.34782608695652173,0.23643054277828904,0.0,0.0,0.0,Yes
0.7608695652173914,0.07911683532658716,0.0,0.0,0.0,No
-0.6086956521739131,-0.28426862925482976,0.0,0.0,0.0,Yes
0.6086956521739131,-0.2364305427782888,1.0,-1.0,1.0,No
-0.17391304347826086,0.6172953081876728,0.0,0.0,0.0,Yes
-0.21739130434782608,-0.9328426862925483,0.0,0.0,0.0,No
0.043478260869565216,0.4314627414903405,0.0,0.0,0.0,No
0.5,0.3477460901563939,0.0,0.0,0.0,No
0.3695652173913043,0.43790248390064423,0.0,0.0,0.0,No
-0.391304347826087,-0.2713891444342225,0.0,0.0,0.0,No
0.5217391304347826,-0.3983440662373504,1.0,-1.0,1.0,No
-0.391304347826087,-0.9402023919043239,0.0,0.0,0.0,Yes
0.6086956521739131,0.6356945722171116,0.0,0.0,0.0,No
-0.5869565217391305,0.09383624655013816,0.0,0.0,0.0,Yes
-0.5869565217391305,-0.2851885924563016,0.0,0.0,0.0,Yes
0.9130434782608695,-0.9282428702851886,0.0,0.0,0.0,No
-0.6086956521739131,-0.937442502299908,0.0,0.0,0.0,No
0.8478260869565217,-0.8334866605335787,0.0,0.0,0.0,No
0.9347826086956522,0.2594296228150876,0.0,0.0,0.0,No
-0.5869565217391305,-0.939282428702852,0.0,0.0,0.0,No
-0.6086956521739131,0.4553817847286109,0.0,0.0,0.0,Yes
0.2608695652173913,0.17479300827966884,0.0,0.0,0.0,No
0.9347826086956522,-0.8242870285188593,0.0,0.0,0.0,No
-0.5,0.09475620975161005,0.0,0.0,0.0,Yes
-0.5434782608695652,0.06255749770009211,0.0,0.0,0.0,Yes
-0.3695652173913043,0.47286108555657785,0.0,0.0,0.0,Yes
0.6304347826086957,-0.035878564857405496,0.0,0.0,0.0,No
-0.4782608695652174,-0.9144434222631095,0.0,0.0,0.0,No
0.782608695652174,-0.27966881324747006,0.0,0.0,0.0,No
-0.6086956521739131,0.004599816007359706,0.0,0.0,0.0,No
0.5869565217391305,-0.9273229070837166,0.0,0.0,0.0,No
-0.5434782608695652,-0.9448022079116836,0.0,0.0,0.0,No
0.6304347826086957,-0.482980680772769,0.0,0.0,0.0,No
0.717391304347826,0.6853725850965962,0.0,0.0,0.0,No
-0.06521739130434782,-0.1619135234590616,0.0,0.0,0.0,No
0.717391304347826,0.37442502299908026,0.0,0.0,0.0,No
0.6304347826086957,0.5317387304507821,0.0,0.0,0.0,No
0.8478260869565217,0.39282428702851907,0.0,0.0,0.0,No
0.6956521739130435,0.5584176632934684,0.0,0.0,0.0,No
0.2826086956521739,0.14903403863845463,0.0,0.0,0.0,No
-0.2391304347826087,0.25666973321067166,0.0,0.0,0.0,No
0.5869565217391305,-0.9346826126954922,0.0,0.0,0.0,No
-0.5434782608695652,0.3422263109475623,0.0,0.0,0.0,Yes
-0.5434782608695652,-0.9181232750689972,0.0,0.0,0.0,No
0.13043478260869565,-0.2713891444342225,0.0,0.0,0.0,No
0.7608695652173914,0.30266789328426874,0.0,0.0,0.0,No
0.043478260869565216,-0.9089236430542778,0.0,0.0,0.0,No
0.8260869565217391,-0.9254829806807728,0.0,0.0,0.0,No
-0.5434782608695652,-0.36154553817847274,0.0,0.0,0.0,Yes
0.8913043478260869,0.7966881324747013,0.0,0.0,0.0,No
-0.5652173913043478,-0.311867525298988,0.0,0.0,0.0,Yes
0.5217391304347826,0.5804967801287951,0.0,0.0,0.0,Yes
-0.5869565217391305,-0.19963201471941114,0.0,0.0,0.0,No
0.0,0.32106715731370755,0.0,0.0,0.0,No
0.391304347826087,-0.5234590616375345,1.0,-1.0,1.0,No
0.8478260869565217,0.23275068997240123,0.0,0.0,0.0,Yes
-0.3695652173913043,-0.009199632014719412,0.0,0.0,0.0,No
-0.45652173913043476,-0.25850965961361544,0.0,0.0,0.0,No
0.5434782608695652,0.721251149954002,0.0,0.0,0.0,No
0.8695652173913043,0.40110395584176656,0.0,0.0,0.0,No
-0.06521739130434782,-0.015639374425022896,0.0,0.0,0.0,No
0.9347826086956522,0.49034038638454475,0.0,0.0,0.0,No
0.8913043478260869,-0.22079116835326576,1.0,-1.0,1.0,No
-0.6086956521739131,-0.36338546458141663,0.0,0.0,0.0,Yes
-0.41304347826086957,0.3523459061637536,0.0,0.0,0.0,Yes
-0.021739130434782608,0.0009199632014721504,0.0,0.0,0.0,No
-0.6086956521739131,-0.010119595216191301,0.0,0.0,0.0,Yes
-0.17391304347826086,0.4406623735050599,0.0,0.0,0.0,No
0.4782608695652174,0.4314627414903405,0.0,0.0,0.0,Yes
0.5217391304347826,-0.9346826126954922,0.0,0.0,0.0,No
0.5217391304347826,0.4710211591536341,0.0,0.0,0.0,No
-0.10869565217391304,0.564857405703772,0.0,0.0,0.0,Yes
0.8913043478260869,0.4498620055197793,0.0,0.0,0.0,No
0.6956521739130435,0.6881324747010121,0.0,0.0,0.0,No
-0.391304347826087,-0.28978840846366133,0.0,0.0,0.0,No
-0.5869565217391305,0.017479300827966934,0.0,0.0,0.0,No
-0.08695652173913043,-0.9356025758969642,0.0,0.0,0.0,No
0.2608695652173913,-0.25850965961361544,0.0,0.0,0.0,No
-0.2391304347826087,0.4480220791168355,0.0,0.0,0.0,Yes
0.9347826086956522,0.6218951241950325,0.0,0.0,0.0,Yes
0.9130434782608695,0.3716651333946643,0.0,0.0,0.0,No
0.10869565217391304,-0.17571297148114073,0.0,0.0,0.0,No
0.0,0.5234590616375346,0.0,0.0,0.0,No
0.2391304347826087,0.5114995400183995,0.0,0.0,0.0,No
0.15217391304347827,-0.6439742410303587,1.0,-1.0,1.0,No
0.3695652173913043,0.6034958601655936,0.0,0.0,0.0,No
0.6304347826086957,0.6881324747010121,0.0,0.0,0.0,No
0.21739130434782608,0.20331186752529923,0.0,0.0,0.0,No
-0.5434782608695652,-0.16375344986200538,0.0,0.0,0.0,Yes
0.5,0.46642134314627437,0.0,0.0,0.0,No
0.8913043478260869,0.6338546458141675,0.0,0.0,0.0,No
0.782608695652174,0.011039558417663452,0.0,0.0,0.0,No
-0.6086956521739131,-0.46734130634774596,0.0,0.0,0.0,No
0.8913043478260869,0.5022999080036801,0.0,0.0,0.0,No
0.0,-0.6384544618215271,1.0,-1.0,1.0,No
-0.6086956521739131,0.3716651333946643,0.0,0.0,0.0,Yes
0.8260869565217391,0.2741490340386386,0.0,0.0,0.0,No
-0.6086956521739131,-0.9356025758969642,0.0,0.0,0.0,No
-0.06521739130434782,0.33946642134314636,0.0,0.0,0.0,Yes
0.021739130434782608,-0.8325666973321066,0.0,0.0,0.0,No
0.41304347826086957,0.5464581416743332,0.0,0.0,0.0,No
0.5652173913043478,-0.2695492180312786,0.0,0.0,0.0,No
-0.4782608695652174,0.2732290708371667,0.0,0.0,0.0,Yes
0.17391304347826086,0.38270469181232775,0.0,0.0,0.0,No
0.043478260869565216,0.24839006439742412,0.0,0.0,0.0,No
-0.5434782608695652,-0.4498620055197792,0.0,0.0,0.0,No
0.9347826086956522,-0.8325666973321066,0.0,0.0,0.0,No
-0.5217391304347826,0.38730450781968745,0.0,0.0,0.0,Yes
-0.6086956521739131,-0.9319227230910763,0.0,0.0,0.0,No
-0.30434782608695654,0.38914443422263123,0.0,0.0,0.0,No
-0.45652173913043476,-0.35050597976080955,0.0,0.0,0.0,No
0.13043478260869565,-0.906163753449862,0.0,0.0,0.0,No
0.5869565217391305,0.6329346826126957,0.0,0.0,0.0,No
0.2826086956521739,0.6586936522539101,0.0,0.0,0.0,Yes
0.782608695652174,0.283348666053358,0.0,0.0,0.0,No
-0.5869565217391305,-0.9208831646734131,0.0,0.0,0.0,No
0.782608695652174,0.5593376264949403,0.0,0.0,0.0,No
-0.2391304347826087,0.06991720331186774,0.0,0.0,0.0,No
-0.13043478260869565,0.1508739650413984,0.0,0.0,0.0,No
-0.5434782608695652,-0.46090156393744247,0.0,0.0,0.0,Yes
0.8913043478260869,-0.9291628334866605,0.0,0.0,0.0,No
-0.5434782608695652,-0.36154553817847274,0.0,0.0,0.0,No
-0.21739130434782608,-0.4664213431462741,0.0,0.0,0.0,No
-0.2391304347826087,0.1370745170193193,0.0,0.0,0.0,No
0.1956521739130435,0.24103035878564877,0.0,0.0,0.0,No
-0.5869565217391305,0.053357865685372693,0.0,0.0,0.0,Yes
0.391304347826087,0.4498620055197793,0.0,0.0,0.0,No
0.5,-0.9245630174793008,0.0,0.0,0.0,No
-0.43478260869565216,-0.19227230910763562,0.0,0.0,0.0,No
-0.06521739130434782,0.3633854645814168,0.0,0.0,0.0,No
-0.45652173913043476,-0.35510579576816925,0.0,0.0,0.0,Yes
0.32608695652173914,0.011039558417663452,0.0,0.0,0.0,No
-0.5652173913043478,-0.7571297148114075,1.0,-1.0,1.0,No
-0.5869565217391305,-0.43698252069917193,0.0,0.0,0.0,No
-0.43478260869565216,0.2759889604415824,0.0,0.0,0.0,Yes
-0.6086956521739131,0.09199632014719412,0.0,0.0,0.0,Yes
-0.08695652173913043,0.07267709291628341,0.0,0.0,0.0,No
-0.5869565217391305,-0.019319227230910712,0.0,0.0,0.0,No
0.30434782608695654,0.08923643054277845,0.0,0.0,0.0,Yes
-0.6086956521739131,-0.9098436062557498,0.0,0.0,0.0,Yes
0.6304347826086957,0.4406623735050599,0.0,0.0,0.0,No
0.6521739130434783,0.11223551057957698,0.0,0.0,0.0,No
0.32608695652173914,-0.3008279668813247,1.0,-1.0,1.0,No
0.8043478260869565,0.6237350505979763,0.0,0.0,0.0,No
0.8478260869565217,-0.9273229070837166,0.0,0.0,0.0,No
-0.43478260869565216,-0.8353265869365225,1.0,-1.0,1.0,No
-0.21739130434782608,0.2649494020239192,0.0,0.0,0.0,No
-0.5434782608695652,-0.9310027598896045,0.0,0.0,0.0,No
0.8913043478260869,0.7966881324747013,0.0,0.0,0.0,No
-0.6086956521739131,-0.468261269549218,0.0,0.0,0.0,No
-0.45652173913043476,0.09015639374425034,0.0,0.0,0.0,No
0.5217391304347826,-0.841766329346826,0.0,0.0,0.0,No
0.4782608695652174,-0.8344066237350506,0.0,0.0,0.0,No
-0.391304347826087,-0.9089236430542778,0.0,0.0,0.0,No
0.6739130434782609,0.7405703771849127,0.0,0.0,0.0,No
-0.2608695652173913,-0.2732290708371664,0.0,0.0,0.0,No
-0.5652173913043478,-0.49770009199632015,0.0,0.0,0.0,Yes
0.8913043478260869,0.72033118675253,0.0,0.0,0.0,Yes
-0.6086956521739131,-0.936522539098436,0.0,0.0,0.0,No
0.30434782608695654,0.2667893284268629,0.0,0.0,0.0,No
-0.2826086956521739,-0.9337626494940202,0.0,0.0,0.0,No
0.6086956521739131,-0.31094756209751595,0.0,0.0,0.0,No
0.17391304347826086,-0.9300827966881325,0.0,0.0,0.0,No
0.9347826086956522,0.7681692732290709,0.0,0.0,0.0,No
-0.391304347826087,0.26586936522539106,0.0,0.0,0.0,Yes
0.45652173913043476,0.454461821527139,0.0,0.0,0.0,Yes
-0.5217391304347826,-0.36798528058877633,0.0,0.0,0.0,Yes
-0.6086956521739131,0.078196872125115,0.0,0.0,0.0,Yes
-0.2826086956521739,-0.9319227230910763,0.0,0.0,0.0,Yes
-0.5869565217391305,0.07083716651333963,0.0,0.0,0.0,No
-0.2608695652173913,-0.02483900643974231,0.0,0.0,0.0,No
-0.2826086956521739,-0.9383624655013799,0.0,0.0,0.0,No
-0.30434782608695654,-0.20055197792088303,0.0,0.0,0.0,Yes
-0.41304347826086957,-0.9300827966881325,0.0,0.0,0.0,No
0.3695652173913043,0.6412143514259432,0.0,0.0,0.0,Yes
0.7608695652173914,0.7148114075436984,0.0,0.0,0.0,No
-0.6086956521739131,0.16191352345906188,0.0,0.0,0.0,No
-0.08695652173913043,-0.3072677092916283,0.0,0.0,0.0,No
0.9130434782608695,0.549218031278749,0.0,0.0,0.0,No
-0.45652173913043476,-0.4636614535418583,0.0,0.0,0.0,Yes
0.9347826086956522,0.7046918123275072,0.0,0.0,0.0,No
0.43478260869565216,-0.546458141674333,1.0,-1.0,1.0,No
0.0,-0.2759889604415822,1.0,-1.0,1.0,No
0.9347826086956522,0.6485740570377185,0.0,0.0,0.0,No
0.043478260869565216,0.4314627414903405,0.0,0.0,0.0,Yes
0.45652173913043476,0.46642134314627437,0.0,0.0,0.0,No
0.9130434782608695,0.23643054277828904,0.0,0.0,0.0,No
0.8913043478260869,0.3624655013799449,0.0,0.0,0.0,No
0.9130434782608695,0.5022999080036801,0.0,0.0,0.0,No
0.6956521739130435,-0.04231830726770924,0.0,0.0,0.0,No
0.06521739130434782,0.4756209751609938,0.0,0.0,0.0,Yes
-0.6086956521739131,0.1701931922723091,0.0,0.0,0.0,Yes
0.8478260869565217,0.5841766329346827,0.0,0.0,0.0,No
0.717391304347826,-0.8638454461821528,0.0,0.0,0.0,No
-0.4782608695652174,0.01287948482060723,0.0,0.0,0.0,No
-0.1956521739130435,0.2741490340386386,0.0,0.0,0.0,Yes
-0.5,-0.936522539098436,0.0,0.0,0.0,No
0.08695652173913043,-0.20055197792088303,1.0,-1.0,1.0,No
-0.021739130434782608,0.4020239190432385,0.0,0.0,0.0,No
-0.043478260869565216,-0.9291628334866605,0.0,0.0,0.0,No
-0.4782608695652174,-0.48666053357865685,0.0,0.0,0.0,No
-0.06521739130434782,0.18675252989880417,0.0,0.0,0.0,Yes
-0.5217391304347826,0.3578656853725852,0.0,0.0,0.0,Yes
0.021739130434782608,0.3707451701931924,0.0,0.0,0.0,No
0.7391304347826086,0.3698252069917205,0.0,0.0,0.0,No
-0.6086956521739131,-0.3606255749770009,0.0,0.0,0.0,Yes
0.5217391304347826,0.2621895124195032,0.0,0.0,0.0,No
-0.32608695652173914,0.35510579576816953,0.0,0.0,0.0,Yes
-0.17391304347826086,0.5298988040478384,0.0,0.0,0.0,No
-0.2608695652173913,-0.9273229070837166,0.0,0.0,0.0,No
-0.2826086956521739,-0.9172033118675252,0.0,0.0,0.0,No
0.13043478260869565,-0.15179392824287016,0.0,0.0,0.0,No
0.06521739130434782,0.16835326586936536,0.0,0.0,0.0,No
-0.021739130434782608,-0.9346826126954922,0.0,0.0,0.0,No
-0.6086956521739131,-0.9199632014719411,0.0,0.0,0.0,No
0.6521739130434783,-0.3431462741490339,1.0,-1.0,1.0,No
0.9347826086956522,-0.8656853725850966,0.0,0.0,0.0,No
0.15217391304347827,-0.09107635694572197,0.0,0.0,0.0,Yes
0.2391304347826087,-0.09659613615455383,0.0,0.0,0.0,No
0.2391304347826087,0.1996320147194114,0.0,0.0,0.0,No
-0.43478260869565216,0.04691812327506921,0.0,0.0,0.0,Yes
0.7391304347826086,0.07635694572217122,0.0,0.0,0.0,No
-0.5652173913043478,0.18675252989880417,0.0,0.0,0.0,No
0.2391304347826087,-0.18491260349586014,1.0,-1.0,1.0,No
-0.45652173913043476,0.08555657773689064,0.0,0.0,0.0,No
0.10869565217391304,0.36430542778288894,0.0,0.0,0.0,No
-0.5217391304347826,-0.5584176632934682,1.0,-1.0,1.0,Yes
-0.43478260869565216,0.5354185832566699,0.0,0.0,0.0,Yes
-0.43478260869565216,-0.023919043238270418,0.0,0.0,0.0,No
0.043478260869565216,-0.19595216191352333,0.0,0.0,0.0,No
0.45652173913043476,-0.9291628334866605,0.0,0.0,0.0,No
-0.5869565217391305,0.2925482980680774,0.0,0.0,0.0,Yes
-0.6086956521739131,-0.4544618215271389,0.0,0.0,0.0,Yes
-0.45652173913043476,-0.004599816007359706,0.0,0.0,0.0,Yes
-0.43478260869565216,-0.5446182152713891,1.0,-1.0,1.0,No
-0.5869565217391305,-0.0027598896044156666,0.0,0.0,0.0,Yes
-0.5652173913043478,-0.2759889604415822,0.0,0.0,0.0,Yes
-0.08695652173913043,0.46642134314627437,0.0,0.0,0.0,No
-0.6086956521739131,-0.44250229990800366,0.0,0.0,0.0,No
0.34782608695652173,0.20147194112235517,0.0,0.0,0.0,No
0.4782608695652174,0.2548298068077279,0.0,0.0,0.0,Yes
0.5652173913043478,-0.9264029438822448,0.0,0.0,0.0,No
0.1956521739130435,-0.07727690892364285,0.0,0.0,0.0,No
-0.5869565217391305,-0.4507819687212511,0.0,0.0,0.0,Yes
0.1956521739130435,-0.9337626494940202,0.0,0.0,0.0,No
0.10869565217391304,-0.37810487580496777,0.0,0.0,0.0,No
0.8913043478260869,0.5777368905243792,0.0,0.0,0.0,No
-0.34782608695652173,-0.27966881324747006,0.0,0.0,0.0,No
0.21739130434782608,0.09015639374425034,0.0,0.0,0.0,Yes
0.6956521739130435,0.6182152713891447,0.0,0.0,0.0,No
-0.3695652173913043,0.5482980680772772,0.0,0.0,0.0,Yes
0.2608695652173913,0.5390984360625578,0.0,0.0,0.0,No
-0.17391304347826086,0.061637534498620215,0.0,0.0,0.0,No
0.5652173913043478,-0.37350505979760806,1.0,-1.0,1.0,No
0.8695652173913043,-0.18583256669733203,1.0,-1.0,1.0,No
-0.06521739130434782,0.6513339466421345,0.0,0.0,0.0,Yes
0.8695652173913043,0.31186752529898815,0.0,0.0,0.0,No
-0.2391304347826087,-0.404783808647654,1.0,-1.0,1.0,Yes
0.391304347826087,-0.296228150873965,0.0,0.0,0.0,No
0.9347826086956522,0.27506899724011047,0.0,0.0,0.0,No
0.08695652173913043,-0.37442502299908,1.0,-1.0,1.0,No
-0.5869565217391305,-0.8454461821527139,1.0,-1.0,1.0,Yes
0.9347826086956522,0.37902483900643996,0.0,0.0,0.0,No
0.17391304347826086,0.03495860165593387,0.0,0.0,0.0,No
0.717391304347826,0.4737810487580497,0.0,0.0,0.0,No
0.9130434782608695,-0.9291628334866605,0.0,0.0,0.0,No
-0.13043478260869565,-0.27690892364305425,0.0,0.0,0.0,No
-0.2826086956521739,-0.9245630174793008,0.0,0.0,0.0,No
-0.43478260869565216,-0.015639374425022896,0.0,0.0,0.0,No
-0.2608695652173913,-0.8316467341306348,0.0,0.0,0.0,No
-0.5434782608695652,-0.9089236430542778,0.0,0.0,0.0,Yes
-0.6086956521739131,-0.38270469181232747,0.0,0.0,0.0,Yes
-0.10869565217391304,0.17111315547378128,0.0,0.0,0.0,No
-0.6086956521739131,0.016559337626495047,0.0,0.0,0.0,No
0.9347826086956522,0.799448022079117,0.0,0.0,0.0,No
0.9347826086956522,-0.8426862925482981,0.0,0.0,0.0,No
-0.391304347826087,-0.9319227230910763,0.0,0.0,0.0,No
-0.43478260869565216,-0.9218031278748849,0.0,0.0,0.0,Yes
-0.5869565217391305,-0.37166513339466417,0.0,0.0,0.0,Yes
0.6739130434782609,0.5547378104875806,0.0,0.0,0.0,No
0.0,0.47010119595216215,0.0,0.0,0.0,Yes
0.43478260869565216,0.07543698252069933,0.0,0.0,0.0,No
0.021739130434782608,0.6209751609935603,0.0,0.0,0.0,No
0.5217391304347826,-0.9438822447102116,0.0,0.0,0.0,No
0.21739130434782608,-0.8344066237350506,0.0,0.0,0.0,No
-0.43478260869565216,-0.9438822447102116,0.0,0.0,0.0,No
0.21739130434782608,0.21251149954001863,0.0,0.0,0.0,No
-0.45652173913043476,-0.011959521619135079,0.0,0.0,0.0,No
0.4782608695652174,0.36430542778288894,0.0,0.0,0.0,No
0.9130434782608695,-0.8279668813247469,0.0,0.0,0.0,No
0.9130434782608695,-0.8408463661453542,0.0,0.0,0.0,No
0.8913043478260869,-0.9346826126954922,0.0,0.0,0.0,No
-0.6086956521739131,-0.8298068077276909,1.0,-1.0,1.0,Yes
0.1956521739130435,-0.19043238270469173,1.0,-1.0,1.0,No
-0.021739130434782608,0.35970561177552923,0.0,0.0,0.0,No
0.06521739130434782,-0.937442502299908,0.0,0.0,0.0,No
0.43478260869565216,-0.37810487580496777,0.0,0.0,0.0,No
0.17391304347826086,-0.8509659613615455,0.0,0.0,0.0,No
-0.41304347826086957,-0.296228150873965,0.0,0.0,0.0,No
0.8260869565217391,0.7276908923643057,0.0,0.0,0.0,No
-0.4782608695652174,-0.641214351425943,1.0,-1.0,1.0,No
0.4782608695652174,0.31646734130634785,0.0,0.0,0.0,No
-0.43478260869565216,-0.4636614535418583,0.0,0.0,0.0,Yes
-0.43478260869565216,0.332106715731371,0.0,0.0,0.0,No
-0.5434782608695652,-0.35970561177552896,0.0,0.0,0.0,No
0.9130434782608695,0.5271389144434224,0.0,0.0,0.0,No
0.45652173913043476,0.2585096596136157,0.0,0.0,0.0,Yes
-0.10869565217391304,0.48206071757129726,0.0,0.0,0.0,No
-0.15217391304347827,-0.19503219871205144,0.0,0.0,0.0,No
0.32608695652173914,0.7571297148114077,0.0,0.0,0.0,No
0.08695652173913043,-0.8482060717571297,0.0,0.0,0.0,No
-0.6086956521739131,0.08739650413983442,0.0,0.0,0.0,Yes
0.5434782608695652,-0.003679852805887556,0.0,0.0,0.0,Yes
0.2826086956521739,0.5777368905243792,0.0,0.0,0.0,Yes
-0.6086956521739131,-0.45170193192272307,0.0,0.0,0.0,Yes
-0.6086956521739131,-0.9172033118675252,0.0,0.0,0.0,No
0.021739130434782608,0.0009199632014721504,0.0,0.0,0.0,No
-0.6086956521739131,-0.7322907083716652,1.0,-1.0,1.0,No
-0.2826086956521739,0.2677092916283351,0.0,0.0,0.0,No
-0.6086956521739131,-0.9245630174793008,0.0,0.0,0.0,Yes
-0.43478260869565216,-0.546458141674333,1.0,-1.0,1.0,Yes
0.3695652173913043,0.5639374425023,0.0,0.0,0.0,Yes
-0.6086956521739131,-0.02299908003679853,0.0,0.0,0.0,Yes
0.9130434782608695,-0.2916283348666053,0.0,0.0,0.0,No
0.30434782608695654,0.09199632014719412,0.0,0.0,0.0,No
0.45652173913043476,-0.4765409383624654,1.0,-1.0,1.0,No
-0.34782608695652173,0.08555657773689064,0.0,0.0,0.0,Yes
-0.21739130434782608,0.5455381784728612,0.0,0.0,0.0,Yes
0.2608695652173913,0.5096596136154555,0.0,0.0,0.0,No
-0.6086956521739131,0.01471941122355127,0.0,0.0,0.0,Yes
-0.10869565217391304,-0.29806807727690887,1.0,-1.0,1.0,Yes
0.2391304347826087,-0.11867525298988034,0.0,0.0,0.0,No
-0.5652173913043478,-0.02207911683532638,0.0,0.0,0.0,No
0.17391304347826086,-0.10487580496780109,0.0,0.0,0.0,No
0.8260869565217391,0.7065317387304509,0.0,0.0,0.0,Yes
0.06521739130434782,0.5243790248390064,0.0,0.0,0.0,No
-0.5,-0.390064397424103,0.0,0.0,0.0,Yes
0.06521739130434782,0.3541858325666974,0.0,0.0,0.0,No
0.6521739130434783,0.23735050597976093,0.0,0.0,0.0,No
0.021739130434782608,-0.001839926402943778,0.0,0.0,0.0,No
-0.1956521739130435,-0.937442502299908,0.0,0.0,0.0,Yes
-0.043478260869565216,-0.84360625574977,0.0,0.0,0.0,No
-0.1956521739130435,0.16191352345906188,0.0,0.0,0.0,Yes
-0.43478260869565216,-0.9245630174793008,0.0,0.0,0.0,No
0.8478260869565217,0.04875804967801299,0.0,0.0,0.0,No
0.8695652173913043,-0.1646734130634774,0.0,0.0,0.0,No
-0.06521739130434782,0.25666973321067166,0.0,0.0,0.0,No
0.8695652173913043,-0.9282428702851886,0.0,0.0,0.0,No
-0.391304347826087,-0.9190432382704692,0.0,0.0,0.0,No
-0.6086956521739131,-0.3606255749770009,0.0,0.0,0.0,No
-0.41304347826086957,-0.9181232750689972,0.0,0.0,0.0,No
0.5652173913043478,0.09935602575896976,0.0,0.0,0.0,No
0.32608695652173914,-0.09107635694572197,0.0,0.0,0.0,No
0.3695652173913043,0.1849126034958604,0.0,0.0,0.0,Yes
0.8695652173913043,-0.19503219871205144,0.0,0.0,0.0,No
-0.391304347826087,0.14995400183992652,0.0,0.0,0.0,No
-0.391304347826087,0.5823367065317389,0.0,0.0,0.0,Yes
0.0,-0.3937442502299907,0.0,0.0,0.0,No
0.6086956521739131,0.5390984360625578,0.0,0.0,0.0,No
-0.021739130434782608,-0.9586016559337627,0.0,0.0,0.0,No
0.2826086956521739,-0.29070837166513336,0.0,0.0,0.0,No
-0.5869565217391305,-0.9144434222631095,0.0,0.0,0.0,Yes
-0.13043478260869565,-0.546458141674333,1.0,-1.0,1.0,No
-0.2391304347826087,-0.9181232750689972,0.0,0.0,0.0,No
0.717391304347826,-0.8380864765409384,0.0,0.0,0.0,No
-0.6086956521739131,0.008279668813247524,0.0,0.0,0.0,Yes
-0.2826086956521739,0.34406623735050607,0.0,0.0,0.0,Yes
-0.5652173913043478,0.4829806807727691,0.0,0.0,0.0,Yes
0.8260869565217391,0.33946642134314636,0.0,0.0,0.0,No
0.717391304347826,-0.9254829806807728,0.0,0.0,0.0,No
0.6086956521739131,0.628334866605336,0.0,0.0,0.0,Yes
-0.5869565217391305,-0.010119595216191301,0.0,0.0,0.0,No
-0.13043478260869565,0.12511499540018423,0.0,0.0,0.0,No
-0.08695652173913043,-0.6494940202391905,1.0,-1.0,1.0,No
0.9347826086956522,0.6945722171113157,0.0,0.0,0.0,No
-0.5869565217391305,0.25206991720331196,0.0,0.0,0.0,No
-0.45652173913043476,-0.9227230910763569,0.0,0.0,0.0,No
-0.5217391304347826,-0.36338546458141663,0.0,0.0,0.0,Yes
0.13043478260869565,-0.38914443422263095,1.0,-1.0,1.0,No
-0.10869565217391304,-0.841766329346826,0.0,0.0,0.0,No
-0.5869565217391305,0.023919043238270682,0.0,0.0,0.0,No
0.9347826086956522,0.6356945722171116,0.0,0.0,0.0,No
0.2608695652173913,0.6651333946642136,0.0,0.0,0.0,No
-0.5434782608695652,-0.3863845446182152,0.0,0.0,0.0,Yes
-0.06521739130434782,0.09475620975161005,0.0,0.0,0.0,No
-0.4782608695652174,0.439742410303588,0.0,0.0,0.0,Yes
-0.6086956521739131,-0.025758969641214196,0.0,0.0,0.0,Yes
-0.5434782608695652,-0.21803127874884998,0.0,0.0,0.0,No
0.41304347826086957,0.15731370745170214,0.0,0.0,0.0,No
-0.5869565217391305,0.4323827046918124,0.0,0.0,0.0,Yes
-0.3695652173913043,0.16283348666053377,0.0,0.0,0.0,No
0.6739130434782609,0.7194112235510582,0.0,0.0,0.0,No
0.5652173913043478,-0.20515179392824273,0.0,0.0,0.0,No
-0.6086956521739131,-0.7580496780128795,1.0,-1.0,1.0,No
-0.6086956521739131,-0.9254829806807728,0.0,0.0,0.0,No
-0.5434782608695652,0.10487580496780136,0.0,0.0,0.0,Yes
-0.6086956521739131,-0.8445262189512419,1.0,-1.0,1.0,Yes
0.2826086956521739,-0.07083716651333936,0.0,0.0,0.0,No
-0.6086956521739131,-0.38270469181232747,0.0,0.0,0.0,No
-0.4782608695652174,0.3495860165593377,0.0,0.0,0.0,Yes
-0.5652173913043478,0.05979760809567618,0.0,0.0,0.0,No
0.9347826086956522,0.22631094756209774,0.0,0.0,0.0,No
-0.30434782608695654,-0.3928242870285188,0.0,0.0,0.0,No
-0.5434782608695652,0.18399264029438825,0.0,0.0,0.0,Yes
-0.391304347826087,-0.8307267709291628,0.0,0.0,0.0,No
-0.5217391304347826,-0.8261269549218031,0.0,0.0,0.0,No
-0.6086956521739131,-0.26770929162833484,0.0,0.0,0.0,Yes
0.9347826086956522,0.7460901563937445,0.0,0.0,0.0,No
0.5652173913043478,0.1361545538178474,0.0,0.0,0.0,No
0.2391304347826087,-0.812327506899724,0.0,0.0,0.0,No
0.6086956521739131,-0.9282428702851886,0.0,0.0,0.0,No
-0.6086956521739131,0.16007359705611782,0.0,0.0,0.0,Yes
-0.6086956521739131,0.4535418583256671,0.0,0.0,0.0,Yes
-0.6086956521739131,-0.8307267709291628,1.0,-1.0,1.0,Yes
0.5,0.19319227230910765,0.0,0.0,0.0,No
0.2608695652173913,0.5160993560257592,0.0,0.0,0.0,Yes
0.30434782608695654,-0.2575896964121434,0.0,0.0,0.0,No
0.391304347826087,-0.939282428702852,0.0,0.0,0.0,No
-0.5652173913043478,-0.36706531738730447,0.0,0.0,0.0,No
0.8043478260869565,0.16651333946642158,0.0,0.0,0.0,Yes
0.5652173913043478,-0.27782888684452617,0.0,0.0,0.0,No
0.0,-0.9429622815087396,0.0,0.0,0.0,No
-0.3695652173913043,0.25206991720331196,0.0,0.0,0.0,No
0.8043478260869565,0.6412143514259432,0.0,0.0,0.0,No
0.13043478260869565,0.5712971481140757,0.0,0.0,0.0,Yes
-0.41304347826086957,0.3578656853725852,0.0,0.0,0.0,Yes
-0.043478260869565216,0.09935602575896976,0.0,0.0,0.0,No
0.6304347826086957,0.45906163753449875,0.0,0.0,0.0,No
0.5434782608695652,0.7249310027598898,0.0,0.0,0.0,Yes
-0.43478260869565216,-0.9291628334866605,0.0,0.0,0.0,No
-0.5869565217391305,-0.939282428702852,0.0,0.0,0.0,Yes
-0.5,-0.02299908003679853,0.0,0.0,0.0,No
-0.06521739130434782,0.3845446182152715,0.0,0.0,0.0,Yes
-0.43478260869565216,-0.9218031278748849,0.0,0.0,0.0,No
-0.45652173913043476,-0.2870285188592456,0.0,0.0,0.0,No
-0.3695652173913043,0.20423183072677112,0.0,0.0,0.0,No
-0.30434782608695654,-0.3909843606255749,0.0,0.0,0.0,Yes
0.30434782608695654,0.18123275068997258,0.0,0.0,0.0,No
0.2826086956521739,0.5510579576816929,0.0,0.0,0.0,No
0.043478260869565216,-0.0938362465501379,0.0,0.0,0.0,Yes
0.8043478260869565,0.37902483900643996,0.0,0.0,0.0,No
-0.2391304347826087,0.2778288868445264,0.0,0.0,0.0,Yes
-0.6086956521739131,-0.9264029438822448,0.0,0.0,0.0,No
0.6956521739130435,0.4369825206991721,0.0,0.0,0.0,Yes
-0.41304347826086957,0.17479300827966884,0.0,0.0,0.0,No
-0.6086956521739131,0.023919043238270682,0.0,0.0,0.0,Yes
-0.2391304347826087,0.05887764489420429,0.0,0.0,0.0,No
-0.10869565217391304,0.6310947562097519,0.0,0.0,0.0,Yes
-0.5652173913043478,-0.939282428702852,0.0,0.0,0.0,No
0.45652173913043476,-0.9236430542778289,0.0,0.0,0.0,No
-0.6086956521739131,-0.47470101195952163,0.0,0.0,0.0,No
-0.5869565217391305,-0.29254829806807714,0.0,0.0,0.0,No
-0.2608695652173913,-0.9328426862925483,0.0,0.0,0.0,No
0.8695652173913043,0.6375344986200554,0.0,0.0,0.0,No
0.9347826086956522,0.3376264949402026,0.0,0.0,0.0,No
-0.5652173913043478,0.07175712971481152,0.0,0.0,0.0,Yes
0.45652173913043476,0.08831646734130656,0.0,0.0,0.0,No
0.5217391304347826,-0.9218031278748849,0.0,0.0,0.0,No
0.6304347826086957,0.7129714811407545,0.0,0.0,0.0,No
0.3695652173913043,-0.7286108555657773,1.0,-1.0,1.0,No
0.9347826086956522,0.7828886844526222,0.0,0.0,0.0,No
-0.6086956521739131,0.07083716651333963,0.0,0.0,0.0,Yes
-0.5,0.4360625574977002,0.0,0.0,0.0,No
0.9347826086956522,0.15639374425023,0.0,0.0,0.0,No
-0.5434782608695652,-0.27690892364305425,0.0,0.0,0.0,No
0.5,-0.9383624655013799,0.0,0.0,0.0,No
-0.6304347826086957,-0.8279668813247469,0.0,0.0,0.0,No
-0.5869565217391305,-0.9181232750689972,0.0,0.0,0.0,No
0.782608695652174,-0.9383624655013799,0.0,0.0,0.0,No
0.30434782608695654,0.5639374425023,0.0,0.0,0.0,Yes
-0.5434782608695652,0.549218031278749,0.0,0.0,0.0,Yes
-0.08695652173913043,0.34406623735050607,0.0,0.0,0.0,Yes
0.4782608695652174,0.15271389144434244,0.0,0.0,0.0,No
-0.3695652173913043,0.08095676172953094,0.0,0.0,0.0,No
0.6086956521739131,-0.004599816007359706,0.0,0.0,0.0,Yes
-0.10869565217391304,-0.9282428702851886,0.0,0.0,0.0,No
0.7608695652173914,-0.22079116835326576,0.0,0.0,0.0,No
-0.5434782608695652,0.6494940202391907,0.0,0.0,0.0,Yes
-0.06521739130434782,0.5547378104875806,0.0,0.0,0.0,No
-0.30434782608695654,-0.9254829806807728,0.0,0.0,0.0,No
0.7608695652173914,-0.8224471021159153,0.0,0.0,0.0,No
0.15217391304347827,0.48114075436982534,0.0,0.0,0.0,Yes
-0.043478260869565216,0.4535418583256671,0.0,0.0,0.0,No
-0.6086956521739131,0.009199632014719412,0.0,0.0,0.0,Yes
0.13043478260869565,0.2870285188592458,0.0,0.0,0.0,Yes
-0.5434782608695652,0.06531738730450803,0.0,0.0,0.0,Yes
-0.45652173913043476,-0.45814167433302655,0.0,0.0,0.0,No
-0.41304347826086957,-0.9264029438822448,0.0,0.0,0.0,No
-0.5869565217391305,-0.38914443422263095,0.0,0.0,0.0,No
0.6304347826086957,0.7194112235510582,0.0,0.0,0.0,Yes
0.4782608695652174,0.23735050597976093,0.0,0.0,0.0,No
0.3695652173913043,-0.9402023919043239,0.0,0.0,0.0,No
-0.6086956521739131,-0.9328426862925483,0.0,0.0,0.0,No
0.3695652173913043,0.04507819687212517,0.0,0.0,0.0,No
0.45652173913043476,0.723091076356946,0.0,0.0,0.0,No
0.5217391304347826,-0.09843606255749761,0.0,0.0,0.0,No
0.6956521739130435,0.8049678012879485,0.0,0.0,0.0,No
-0.5217391304347826,-0.9144434222631095,0.0,0.0,0.0,No
0.391304347826087,0.30542778288868466,0.0,0.0,0.0,No
0.5434782608695652,0.4489420423183074,0.0,0.0,0.0,No
-0.21739130434782608,-0.8279668813247469,1.0,-1.0,1.0,No
-0.06521739130434782,0.6458141674333029,0.0,0.0,0.0,No
0.8913043478260869,-0.8270469181232751,0.0,0.0,0.0,No
-0.2608695652173913,0.5924563017479302,0.0,0.0,0.0,No
0.021739130434782608,0.549218031278749,0.0,0.0,0.0,Yes
-0.6086956521739131,-0.8528058877644894,0.0,0.0,0.0,No
-0.21739130434782608,-0.8233670653173872,0.0,0.0,0.0,No
-0.06521739130434782,0.0579576816927324,0.0,0.0,0.0,No
-0.17391304347826086,0.0680772769089237,0.0,0.0,0.0,Yes
0.45652173913043476,0.5133394664213433,0.0,0.0,0.0,No
0.8478260869565217,-0.29346826126954917,1.0,-1.0,1.0,No
-0.5652173913043478,0.5740570377184914,0.0,0.0,0.0,Yes
-0.43478260869565216,0.6025758969641215,0.0,0.0,0.0,No
0.4782608695652174,-0.6651333946642134,1.0,-1.0,1.0,No
-0.43478260869565216,-0.4894204231830726,0.0,0.0,0.0,No
0.2608695652173913,0.7654093836246553,0.0,0.0,0.0,Yes
-0.15217391304347827,0.5574977000919966,0.0,0.0,0.0,No
-0.17391304347826086,-0.2649494020239189,1.0,-1.0,1.0,Yes
0.9130434782608695,0.8408463661453544,0.0,0.0,0.0,No
-0.6086956521739131,-0.452621895124195,0.0,0.0,0.0,Yes
-0.06521739130434782,0.21435142594296241,0.0,0.0,0.0,No
0.9130434782608695,-0.09567617295308167,0.0,0.0,0.0,No
-0.5434782608695652,-0.47010119595216193,0.0,0.0,0.0,No
-0.3695652173913043,0.17387304507819695,0.0,0.0,0.0,No
-0.2391304347826087,0.3403863845446182,0.0,0.0,0.0,No
-0.5652173913043478,0.08463661453541875,0.0,0.0,0.0,No
0.9347826086956522,0.671573137074517,0.0,0.0,0.0,No
-0.391304347826087,0.08463661453541875,0.0,0.0,0.0,Yes
-0.6086956521739131,0.1803127874885007,0.0,0.0,0.0,Yes
-0.34782608695652173,-0.939282428702852,0.0,0.0,0.0,No
0.9347826086956522,0.7157313707451703,0.0,0.0,0.0,Yes
0.2826086956521739,-0.2621895124195031,0.0,0.0,0.0,No
-0.2608695652173913,-0.9319227230910763,0.0,0.0,0.0,No
-0.4782608695652174,-0.35050597976080955,0.0,0.0,0.0,No
0.8478260869565217,0.8877644894204233,0.0,0.0,0.0,No
0.5869565217391305,-0.8500459981600736,0.0,0.0,0.0,No
0.1956521739130435,-0.9208831646734131,0.0,0.0,0.0,No
0.9347826086956522,0.830726770929163,0.0,0.0,0.0,No
0.41304347826086957,-0.8334866605335787,0.0,0.0,0.0,No
0.5,0.7129714811407545,0.0,0.0,0.0,No
0.13043478260869565,-0.9328426862925483,0.0,0.0,0.0,No
0.8260869565217391,0.7534498620055199,0.0,0.0,0.0,No
-0.6086956521739131,-0.7442502299908004,1.0,-1.0,1.0,No
0.5217391304347826,0.18859245630174795,0.0,0.0,0.0,No
0.10869565217391304,-0.9116835326586937,0.0,0.0,0.0,No
-0.5652173913043478,-0.6467341306347745,1.0,-1.0,1.0,Yes
-0.6086956521739131,0.15547378104875811,0.0,0.0,0.0,Yes
-0.21739130434782608,0.3606255749770011,0.0,0.0,0.0,No
0.6739130434782609,0.8408463661453544,0.0,0.0,0.0,No
-0.391304347826087,-0.9346826126954922,0.0,0.0,0.0,No
0.391304347826087,0.6632934682612698,0.0,0.0,0.0,Yes
-0.2391304347826087,-0.3854645814167433,0.0,0.0,0.0,Yes
0.6739130434782609,0.8261269549218033,0.0,0.0,0.0,No
0.9347826086956522,-0.8380864765409384,0.0,0.0,0.0,No
0.21739130434782608,-0.9282428702851886,0.0,0.0,0.0,No
0.6521739130434783,0.20055197792088328,0.0,0.0,0.0,No
-0.5869565217391305,-0.007359705611775373,0.0,0.0,0.0,No
-0.6086956521739131,-0.02299908003679853,0.0,0.0,0.0,Yes
-0.1956521739130435,0.3652253909843608,0.0,0.0,0.0,Yes
-0.5,0.42686292548298077,0.0,0.0,0.0,Yes
0.9130434782608695,0.29530818767249334,0.0,0.0,0.0,No
-0.10869565217391304,-0.07451701931922719,0.0,0.0,0.0,No
0.8260869565217391,0.44710211591536364,0.0,0.0,0.0,No
-0.6086956521739131,0.19319227230910765,0.0,0.0,0.0,Yes
0.41304347826086957,0.2152713891444343,0.0,0.0,0.0,Yes
0.17391304347826086,0.03219871205151794,0.0,0.0,0.0,No
-0.391304347826087,-0.6559337626494939,1.0,-1.0,1.0,No
-0.5652173913043478,-0.9162833486660534,0.0,0.0,0.0,Yes
-0.2391304347826087,0.4710211591536341,0.0,0.0,0.0,No
0.45652173913043476,-0.47010119595216193,0.0,0.0,0.0,No
0.8260869565217391,0.7184912603495863,0.0,0.0,0.0,No
-0.08695652173913043,0.01287948482060723,0.0,0.0,0.0,No
-0.5869565217391305,0.1508739650413984,0.0,0.0,0.0,Yes
-0.43478260869565216,-0.9319227230910763,0.0,0.0,0.0,No
-0.41304347826086957,-0.5538178472861085,1.0,-1.0,1.0,No
0.8913043478260869,-0.9291628334866605,0.0,0.0,0.0,No
-0.43478260869565216,-0.038638454461821424,0.0,0.0,0.0,No
-0.5434782608695652,-0.9236430542778289,0.0,0.0,0.0,No
-0.5869565217391305,-0.35694572217111303,0.0,0.0,0.0,No
-0.6086956521739131,0.15271389144434244,0.0,0.0,0.0,Yes
-0.21739130434782608,-0.8316467341306348,1.0,-1.0,1.0,No
-0.4782608695652174,-0.9218031278748849,0.0,0.0,0.0,No
-0.6086956521739131,-0.5050597976080956,0.0,0.0,0.0,Yes
-0.6086956521739131,-0.4848206071757129,0.0,0.0,0.0,No
-0.43478260869565216,-0.9218031278748849,0.0,0.0,0.0,No
-0.5652173913043478,-0.6642134314627415,1.0,-1.0,1.0,Yes
-0.43478260869565216,-0.21803127874884998,1.0,-1.0,1.0,Yes
-0.5217391304347826,-0.26770929162833484,0.0,0.0,0.0,No
0.5869565217391305,0.3413063477460904,0.0,0.0,0.0,No
-0.2391304347826087,-0.23367065317387298,0.0,0.0,0.0,No
0.43478260869565216,0.4756209751609938,0.0,0.0,0.0,Yes
0.8913043478260869,0.16191352345906188,0.0,0.0,0.0,No
0.9347826086956522,0.6936522539098438,0.0,0.0,0.0,No
-0.5,0.07451701931922745,0.0,0.0,0.0,Yes
-0.2608695652173913,0.4498620055197793,0.0,0.0,0.0,No
0.0,-0.4498620055197792,1.0,-1.0,1.0,No
-0.5,0.6430542778288869,0.0,0.0,0.0,Yes
0.7391304347826086,0.5933762649494021,0.0,0.0,0.0,No
-0.2826086956521739,0.06439742410303588,0.0,0.0,0.0,Yes
0.6521739130434783,-0.1655933762649493,0.0,0.0,0.0,No
-0.5652173913043478,-0.2355105795768169,0.0,0.0,0.0,No
-0.45652173913043476,-0.7562097516099355,1.0,-1.0,1.0,No
-0.4782608695652174,0.26126954921803136,0.0,0.0,0.0,Yes
0.8478260869565217,-0.9337626494940202,0.0,0.0,0.0,No
0.8478260869565217,0.7617295308187675,0.0,0.0,0.0,No
0.5,0.6651333946642136,0.0,0.0,0.0,No
0.9347826086956522,0.6872125114995402,0.0,0.0,0.0,No
0.06521739130434782,-0.939282428702852,0.0,0.0,0.0,No
0.9347826086956522,-0.9254829806807728,0.0,0.0,0.0,No
-0.6086956521739131,-0.007359705611775373,0.0,0.0,0.0,No
0.2826086956521739,-0.12235510579576803,0.0,0.0,0.0,No
-0.08695652173913043,-0.8390064397424103,0.0,0.0,0.0,Yes
0.34782608695652173,-0.35786568537258506,0.0,0.0,0.0,No
0.30434782608695654,-0.18307267709291622,1.0,-1.0,1.0,No
0.17391304347826086,0.16375344986200563,0.0,0.0,0.0,No
-0.1956521739130435,0.2842686292548299,0.0,0.0,0.0,Yes
-0.5434782608695652,-0.8445262189512419,1.0,-1.0,1.0,Yes
0.7391304347826086,0.7313707451701933,0.0,0.0,0.0,No
-0.5652173913043478,0.37442502299908026,0.0,0.0,0.0,No
0.8043478260869565,-0.828886844526219,0.0,0.0,0.0,No
-0.021739130434782608,0.6504139834406626,0.0,0.0,0.0,Yes
-0.45652173913043476,0.2732290708371667,0.0,0.0,0.0,No
0.9130434782608695,-0.8463661453541858,0.0,0.0,0.0,No
-0.6086956521739131,-0.8482060717571297,1.0,-1.0,1.0,Yes
0.9347826086956522,-0.8325666973321066,0.0,0.0,0.0,No
-0.2826086956521739,-0.29070837166513336,0.0,0.0,0.0,No
0.8043478260869565,0.4829806807727691,0.0,0.0,0.0,No
-0.391304347826087,0.11315547378104887,0.0,0.0,0.0,Yes
0.4782608695652174,0.19871205151793953,0.0,0.0,0.0,No
-0.45652173913043476,-0.5860165593376264,1.0,-1.0,1.0,No
-0.32608695652173914,0.4149034038638457,0.0,0.0,0.0,No
-0.5434782608695652,0.4259429622815089,0.0,0.0,0.0,Yes
0.8913043478260869,0.2640294388224473,0.0,0.0,0.0,No
0.8913043478260869,-0.08003679852805878,0.0,0.0,0.0,No
0.5434782608695652,0.5731370745170195,0.0,0.0,0.0,Yes
-0.021739130434782608,0.08371665133394686,0.0,0.0,0.0,Yes
-0.10869565217391304,-0.9126034958601655,0.0,0.0,0.0,No
0.8695652173913043,-0.16375344986200538,0.0,0.0,0.0,No
0.2826086956521739,-0.2916283348666053,0.0,0.0,0.0,No
-0.5869565217391305,-0.013799448022079119,0.0,0.0,0.0,Yes
0.21739130434782608,0.5409383624655015,0.0,0.0,0.0,No
0.34782608695652173,0.7249310027598898,0.0,0.0,0.0,No
0.9347826086956522,0.19319227230910765,0.0,0.0,0.0,No
0.1956521739130435,-0.9208831646734131,0.0,0.0,0.0,No
0.9347826086956522,-0.04691812327506895,0.0,0.0,0.0,No
-0.6086956521739131,-0.8518859245630175,0.0,0.0,0.0,Yes
0.9347826086956522,-0.9300827966881325,0.0,0.0,0.0,No
0.5652173913043478,-0.8215271389144434,0.0,0.0,0.0,No
0.4782608695652174,-0.26126954921803125,1.0,-1.0,1.0,No
0.7391304347826086,0.30082796688132496,0.0,0.0,0.0,No
-0.6086956521739131,-0.9190432382704692,0.0,0.0,0.0,No
-0.13043478260869565,-0.9328426862925483,0.0,0.0,0.0,No
-0.6086956521739131,-0.36430542778288866,0.0,0.0,0.0,Yes
-0.5869565217391305,-0.29438822447102103,0.0,0.0,0.0,No
0.5,0.6945722171113157,0.0,0.0,0.0,No
0.15217391304347827,-0.29254829806807714,0.0,0.0,0.0,No
-0.6086956521739131,-0.4599816007359705,0.0,0.0,0.0,No
-0.021739130434782608,-0.20883164673413054,0.0,0.0,0.0,No
-0.4782608695652174,-0.016559337626494783,0.0,0.0,0.0,No
-0.32608695652173914,0.5556577736890526,0.0,0.0,0.0,Yes
0.9347826086956522,-0.0993560257589695,1.0,-1.0,1.0,No
-0.6086956521739131,-0.9172033118675252,0.0,0.0,0.0,Yes
-0.41304347826086957,-0.9475620975160993,0.0,0.0,0.0,No
0.2826086956521739,-0.9300827966881325,0.0,0.0,0.0,No
-0.4782608695652174,-0.8334866605335787,1.0,-1.0,1.0,No
-0.5434782608695652,0.08187672493100281,0.0,0.0,0.0,Yes
0.9347826086956522,0.8086476540938364,0.0,0.0,0.0,No
-0.1956521739130435,-0.8445262189512419,1.0,-1.0,1.0,Yes
0.7391304347826086,0.7148114075436984,0.0,0.0,0.0,No
0.5869565217391305,-0.46550137994480223,1.0,-1.0,1.0,No
-0.5217391304347826,-0.35602575896964117,0.0,0.0,0.0,No
0.9347826086956522,0.737810487580497,0.0,0.0,0.0,No
0.8478260869565217,0.2631094756209754,0.0,0.0,0.0,No
0.8260869565217391,-0.18951241950321984,0.0,0.0,0.0,No
-0.45652173913043476,-0.4728610855565777,0.0,0.0,0.0,No
0.5,0.4213431462741492,0.0,0.0,0.0,No
-0.2391304347826087,-0.9218031278748849,0.0,0.0,0.0,No
0.6521739130434783,-0.8261269549218031,0.0,0.0,0.0,No
0.6739130434782609,-0.9153633854645814,0.0,0.0,0.0,No
-0.4782608695652174,0.4369825206991721,0.0,0.0,0.0,No
0.6521739130434783,-0.6540938362465502,1.0,-1.0,1.0,No
0.3695652173913043,-0.1766329346826126,1.0,-1.0,1.0,No
-0.5217391304347826,-0.3495860165593375,0.0,0.0,0.0,No
0.6521739130434783,-0.11591536338546454,1.0,-1.0,1.0,No
0.8913043478260869,0.26586936522539106,0.0,0.0,0.0,No
-0.32608695652173914,0.011959521619135341,0.0,0.0,0.0,Yes
0.32608695652173914,-0.37166513339466417,0.0,0.0,0.0,No
0.7608695652173914,0.4461821527138915,0.0,0.0,0.0,No
0.6304347826086957,-0.19503219871205144,1.0,-1.0,1.0,No
0.3695652173913043,0.5501379944802209,0.0,0.0,0.0,No
0.6304347826086957,0.5252989880404787,0.0,0.0,0.0,No
0.9347826086956522,0.503219871205152,0.0,0.0,0.0,No
0.021739130434782608,-0.5528978840846366,1.0,-1.0,1.0,Yes
-0.391304347826087,-0.18583256669733203,0.0,0.0,0.0,No
0.10869565217391304,-0.2594296228150873,1.0,-1.0,1.0,No
0.5434782608695652,-0.44434222631094744,1.0,-1.0,1.0,No
-0.5652173913043478,-0.36338546458141663,1.0,-1.0,1.0,Yes
0.9347826086956522,-0.8362465501379945,0.0,0.0,0.0,No
0.2391304347826087,0.2667893284268629,0.0,0.0,0.0,Yes
-0.5869565217391305,-0.08555657773689038,0.0,0.0,0.0,Yes
0.5434782608695652,-0.12879484820607165,0.0,0.0,0.0,No
-0.32608695652173914,-0.3725850965961361,0.0,0.0,0.0,No
-0.6086956521739131,0.002759889604415928,0.0,0.0,0.0,Yes
-0.41304347826086957,0.4507819687212512,0.0,0.0,0.0,Yes
-0.6086956521739131,-0.37166513339466417,0.0,0.0,0.0,No
-0.6086956521739131,-0.9310027598896045,0.0,0.0,0.0,Yes
0.5869565217391305,-0.10487580496780109,0.0,0.0,0.0,No
0.8478260869565217,0.1701931922723091,0.0,0.0,0.0,No
-0.32608695652173914,-0.9356025758969642,0.0,0.0,0.0,No
0.8478260869565217,0.5372585096596137,0.0,0.0,0.0,No
0.5652173913043478,0.06715731370745182,0.0,0.0,0.0,No
-0.2826086956521739,-0.578656853725851,1.0,-1.0,1.0,No
-0.43478260869565216,0.16927322907083725,0.0,0.0,0.0,No
-0.32608695652173914,-0.09015639374425008,0.0,0.0,0.0,Yes
0.6304347826086957,0.5216191352345908,0.0,0.0,0.0,Yes
0.5217391304347826,-0.44250229990800366,1.0,-1.0,1.0,No
0.8913043478260869,0.5335786568537259,0.0,0.0,0.0,No
-0.32608695652173914,0.46826126954921815,0.0,0.0,0.0,No
-0.15217391304347827,-0.052437902483900546,0.0,0.0,0.0,Yes
-0.41304347826086957,0.14351425942962304,0.0,0.0,0.0,No
0.0,-0.8141674333026678,0.0,0.0,0.0,No
-0.6086956521739131,-0.013799448022079119,0.0,0.0,0.0,Yes
0.43478260869565216,0.2575896964121435,0.0,0.0,0.0,Yes
0.8478260869565217,0.549218031278749,0.0,0.0,0.0,Yes
-0.6086956521739131,0.141674333026679,0.0,0.0,0.0,Yes
0.021739130434782608,-0.5519779208831646,1.0,-1.0,1.0,No
0.9347826086956522,0.16283348666053377,0.0,0.0,0.0,No
-0.41304347826086957,-0.9098436062557498,0.0,0.0,0.0,No
-0.4782608695652174,0.05979760809567618,0.0,0.0,0.0,Yes
-0.43478260869565216,0.08095676172953094,0.0,0.0,0.0,Yes
-0.6086956521739131,-0.3762649494020239,0.0,0.0,0.0,No
-0.1956521739130435,-0.026678932842686087,0.0,0.0,0.0,No
-0.6086956521739131,-0.9218031278748849,0.0,0.0,0.0,No
0.0,0.10395584176632947,0.0,0.0,0.0,No
-0.6086956521739131,0.06715731370745182,0.0,0.0,0.0,No
-0.5652173913043478,0.219871205151794,0.0,0.0,0.0,No
-0.1956521739130435,0.3505059797608098,0.0,0.0,0.0,No
0.7608695652173914,0.5298988040478384,0.0,0.0,0.0,No
-0.6086956521739131,-0.9227230910763569,0.0,0.0,0.0,Yes
-0.5,-0.7525298988040477,1.0,-1.0,1.0,No
0.45652173913043476,-0.9300827966881325,0.0,0.0,0.0,No
-0.5,-0.20607175712971476,0.0,0.0,0.0,No
-0.4782608695652174,-0.4710211591536338,0.0,0.0,0.0,No
0.9347826086956522,0.376264949402024,0.0,0.0,0.0,No
-0.45652173913043476,-0.38270469181232747,0.0,0.0,0.0,No
0.8260869565217391,0.6688132474701014,0.0,0.0,0.0,No
-0.10869565217391304,0.42686292548298077,0.0,0.0,0.0,Yes
0.9347826086956522,0.4434222631094758,0.0,0.0,0.0,No
0.08695652173913043,-0.936522539098436,0.0,0.0,0.0,No
-0.5869565217391305,-0.8334866605335787,1.0,-1.0,1.0,Yes
0.8913043478260869,-0.044158233670653024,0.0,0.0,0.0,No
-0.15217391304347827,-0.0938362465501379,0.0,0.0,0.0,No
0.6521739130434783,0.5354185832566699,0.0,0.0,0.0,No
0.15217391304347827,-0.9199632014719411,0.0,0.0,0.0,No
0.4782608695652174,-0.9273229070837166,0.0,0.0,0.0,No
0.5217391304347826,0.12971481140754393,0.0,0.0,0.0,No
-0.1956521739130435,-0.9319227230910763,0.0,0.0,0.0,No
0.7391304347826086,0.5400183992640296,0.0,0.0,0.0,No
0.2391304347826087,0.08187672493100281,0.0,0.0,0.0,No
0.13043478260869565,-0.9420423183072677,0.0,0.0,0.0,No
-0.06521739130434782,0.15823367065317404,0.0,0.0,0.0,No
-0.043478260869565216,0.46366145354185845,0.0,0.0,0.0,Yes
0.5217391304347826,-0.13799448022079105,0.0,0.0,0.0,No
0.10869565217391304,0.02207911683532664,0.0,0.0,0.0,No
-0.21739130434782608,0.45262189512419526,0.0,0.0,0.0,No
0.30434782608695654,0.2897884084636615,0.0,0.0,0.0,No
-0.5,-0.9346826126954922,0.0,0.0,0.0,No
0.5869565217391305,-0.8380864765409384,0.0,0.0,0.0,No
0.6086956521739131,-0.5712971481140754,1.0,-1.0,1.0,Yes
0.10869565217391304,0.25206991720331196,0.0,0.0,0.0,No
-0.41304347826086957,-0.6274149034038639,1.0,-1.0,1.0,No
-0.6086956521739131,-0.9218031278748849,0.0,0.0,0.0,Yes
-0.34782608695652173,-0.8546458141674333,1.0,-1.0,1.0,Yes
0.5869565217391305,0.5197792088316467,0.0,0.0,0.0,No
0.5652173913043478,0.612695492180313,0.0,0.0,0.0,No
0.15217391304347827,0.4149034038638457,0.0,0.0,0.0,No
0.391304347826087,-0.9282428702851886,0.0,0.0,0.0,No
-0.3695652173913043,-0.9245630174793008,0.0,0.0,0.0,No
-0.6086956521739131,0.2778288868445264,0.0,0.0,0.0,Yes
-0.10869565217391304,0.18675252989880417,0.0,0.0,0.0,No
0.7391304347826086,0.5436982520699175,0.0,0.0,0.0,Yes
0.13043478260869565,-0.561177552897884,1.0,-1.0,1.0,No
0.8260869565217391,-0.18123275068997233,0.0,0.0,0.0,No
-0.08695652173913043,0.26586936522539106,0.0,0.0,0.0,Yes
-0.17391304347826086,0.6163753449862006,0.0,0.0,0.0,No
-0.34782608695652173,-0.04691812327506895,0.0,0.0,0.0,No
0.13043478260869565,0.08923643054277845,0.0,0.0,0.0,Yes
0.9130434782608695,-0.8371665133394663,0.0,0.0,0.0,No
0.0,-0.9383624655013799,0.0,0.0,0.0,No
0.9130434782608695,-0.3863845446182152,1.0,-1.0,1.0,Yes
-0.4782608695652174,0.3431462741490342,0.0,0.0,0.0,No
0.6086956521739131,-0.28242870285188587,1.0,-1.0,1.0,No
0.782608695652174,0.10671573137074539,0.0,0.0,0.0,No
-0.043478260869565216,-0.9208831646734131,0.0,0.0,0.0,No
-0.5,0.08371665133394686,0.0,0.0,0.0,Yes
0.9347826086956522,0.8647654093836248,0.0,0.0,0.0,No
-0.6086956521739131,-0.9310027598896045,0.0,0.0,0.0,No
-0.391304347826087,-0.46274149034038625,0.0,0.0,0.0,No
0.21739130434782608,-0.8307267709291628,0.0,0.0,0.0,No
0.6521739130434783,0.3569457221711133,0.0,0.0,0.0,No
-0.06521739130434782,0.08555657773689064,0.0,0.0,0.0,No
-0.5869565217391305,-0.37534498620055184,0.0,0.0,0.0,No
0.9347826086956522,-0.08555657773689038,1.0,-1.0,1.0,No
0.782608695652174,-0.06071757129714807,0.0,0.0,0.0,No
0.9347826086956522,0.7460901563937445,0.0,0.0,0.0,No
-0.5,0.3238270469181235,0.0,0.0,0.0,No
0.06521739130434782,-0.9300827966881325,0.0,0.0,0.0,No
0.45652173913043476,0.09843606255749787,0.0,0.0,0.0,No
0.6956521739130435,-0.15087396504139827,1.0,-1.0,1.0,No
-0.30434782608695654,0.5685372585096597,0.0,0.0,0.0,Yes
0.9347826086956522,0.8242870285188595,0.0,0.0,0.0,No
-0.43478260869565216,-0.9457221711131554,0.0,0.0,0.0,Yes
-0.6086956521739131,-0.9356025758969642,0.0,0.0,0.0,No
-0.3695652173913043,0.298068077276909,0.0,0.0,0.0,No
0.17391304347826086,-0.7681692732290708,1.0,-1.0,1.0,Yes
0.6956521739130435,-0.9190432382704692,0.0,0.0,0.0,No
-0.2391304347826087,-0.9300827966881325,0.0,0.0,0.0,No
-0.17391304347826086,-0.4544618215271389,0.0,0.0,0.0,No
0.8478260869565217,-0.25666973321067155,1.0,-1.0,1.0,No
-0.3695652173913043,0.054277828886844584,0.0,0.0,0.0,No
-0.5869565217391305,-0.8463661453541858,1.0,-1.0,1.0,Yes
0.717391304347826,0.5703771849126036,0.0,0.0,0.0,No
0.0,0.5206991720331189,0.0,0.0,0.0,Yes
-0.6086956521739131,-0.6761729530818766,1.0,-1.0,1.0,No
-0.5217391304347826,0.17571297148114098,0.0,0.0,0.0,Yes
-0.6086956521739131,-0.9135234590616375,0.0,0.0,0.0,No
0.717391304347826,0.6200551977920884,0.0,0.0,0.0,No
0.15217391304347827,-0.9218031278748849,0.0,0.0,0.0,No
-0.021739130434782608,0.6062557497700093,0.0,0.0,0.0,Yes
0.8695652173913043,0.061637534498620215,0.0,0.0,0.0,No
-0.391304347826087,0.4756209751609938,0.0,0.0,0.0,Yes
0.7391304347826086,0.7065317387304509,0.0,0.0,0.0,No
-0.13043478260869565,-0.9236430542778289,0.0,0.0,0.0,No
-0.41304347826086957,-0.9310027598896045,0.0,0.0,0.0,No
0.9130434782608695,-0.8169273229070837,0.0,0.0,0.0,No
0.34782608695652173,-0.005519779208831595,0.0,0.0,0.0,No
0.8913043478260869,-0.8518859245630175,0.0,0.0,0.0,No
-0.15217391304347827,0.2649494020239192,0.0,0.0,0.0,No
0.5,-0.8702851885924563,0.0,0.0,0.0,No
0.5652173913043478,0.6218951241950325,0.0,0.0,0.0,Yes
0.782608695652174,-0.19135234590616362,1.0,-1.0,1.0,No
0.9347826086956522,-0.9346826126954922,0.0,0.0,0.0,No
-0.41304347826086957,-0.9337626494940202,0.0,0.0,0.0,No
-0.4782608695652174,-0.9254829806807728,0.0,0.0,0.0,No
-0.5217391304347826,0.27966881324747017,0.0,0.0,0.0,No
-0.10869565217391304,0.1517939282428703,0.0,0.0,0.0,No
0.9347826086956522,0.8546458141674335,0.0,0.0,0.0,No
-0.17391304347826086,-0.49310027598896045,1.0,-1.0,1.0,No
0.8695652173913043,-0.17571297148114073,1.0,-1.0,1.0,No
0.32608695652173914,-0.28426862925482976,0.0,0.0,0.0,No
0.6956521739130435,-0.09475620975160978,0.0,0.0,0.0,No
-0.10869565217391304,0.5998160073597059,0.0,0.0,0.0,Yes
-0.6086956521739131,0.3725850965961362,0.0,0.0,0.0,Yes
-0.5,-0.35970561177552896,0.0,0.0,0.0,Yes
-0.5434782608695652,0.3624655013799449,0.0,0.0,0.0,Yes
0.9347826086956522,0.6964121435142596,0.0,0.0,0.0,No
0.9347826086956522,0.39834406623735064,0.0,0.0,0.0,No
-0.32608695652173914,0.08739650413983442,0.0,0.0,0.0,No
-0.4782608695652174,-0.8334866605335787,0.0,0.0,0.0,No
0.41304347826086957,0.08831646734130656,0.0,0.0,0.0,No
0.5652173913043478,-0.9356025758969642,0.0,0.0,0.0,No
-0.6086956521739131,-0.939282428702852,0.0,0.0,0.0,No
0.34782608695652173,0.770009199632015,0.0,0.0,0.0,No
-0.5652173913043478,-0.000919963201471889,0.0,0.0,0.0,No
0.9130434782608695,-0.9337626494940202,0.0,0.0,0.0,No
-0.45652173913043476,-0.9218031278748849,0.0,0.0,0.0,No
-0.5652173913043478,0.10119595216191353,0.0,0.0,0.0,Yes
0.8695652173913043,0.1895124195032201,0.0,0.0,0.0,No
-0.6086956521739131,-0.03403863845446172,0.0,0.0,0.0,Yes
0.9347826086956522,0.8353265869365227,0.0,0.0,0.0,No
-0.391304347826087,0.0579576816927324,0.0,0.0,0.0,Yes
0.9130434782608695,0.18859245630174795,0.0,0.0,0.0,No
-0.6086956521739131,-0.007359705611775373,0.0,0.0,0.0,Yes
0.08695652173913043,-0.19871205151793925,1.0,-1.0,1.0,No
-0.2826086956521739,-0.9438822447102116,0.0,0.0,0.0,No
0.5869565217391305,0.46550137994480245,0.0,0.0,0.0,No
-0.6086956521739131,-0.9273229070837166,0.0,0.0,0.0,No
-0.5217391304347826,-0.005519779208831595,0.0,0.0,0.0,Yes
0.6086956521739131,-0.937442502299908,0.0,0.0,0.0,No
0.5869565217391305,-0.6301747930082796,1.0,-1.0,1.0,No
-0.45652173913043476,0.4351425942962283,0.0,0.0,0.0,Yes
-0.15217391304347827,-0.1692732290708371,0.0,0.0,0.0,Yes
-0.6086956521739131,-0.9310027598896045,0.0,0.0,0.0,No
0.2391304347826087,-0.11499540018399265,0.0,0.0,0.0,No
0.3695652173913043,-0.9310027598896045,0.0,0.0,0.0,No
0.7391304347826086,-0.9319227230910763,0.0,0.0,0.0,No
0.8478260869565217,0.7332106715731374,0.0,0.0,0.0,No
0.8695652173913043,0.6623735050597976,0.0,0.0,0.0,No
0.5869565217391305,0.3716651333946643,0.0,0.0,0.0,No
-0.41304347826086957,-0.08187672493100256,0.0,0.0,0.0,No
0.7391304347826086,0.628334866605336,0.0,0.0,0.0,No
-0.10869565217391304,-0.3284268629254829,1.0,-1.0,1.0,No
-0.21739130434782608,-0.2621895124195031,0.0,0.0,0.0,No
-0.15217391304347827,0.3385464581416745,0.0,0.0,0.0,No
0.0,0.2594296228150876,0.0,0.0,0.0,Yes
-0.34782608695652173,0.09107635694572223,0.0,0.0,0.0,Yes
0.8913043478260869,-0.8160073597056118,0.0,0.0,0.0,No
0.43478260869565216,0.5344986200551981,0.0,0.0,0.0,No
0.30434782608695654,0.721251149954002,0.0,0.0,0.0,Yes
-0.5652173913043478,-0.9337626494940202,0.0,0.0,0.0,Yes
0.2826086956521739,0.05151793928242892,0.0,0.0,0.0,No
0.6086956521739131,-0.28886844526218947,0.0,0.0,0.0,No
-0.5869565217391305,-0.07267709291628315,0.0,0.0,0.0,Yes
0.9347826086956522,0.831646734130635,0.0,0.0,0.0,No
0.3695652173913043,0.6274149034038641,0.0,0.0,0.0,No
0.8043478260869565,0.5464581416743332,0.0,0.0,0.0,Yes
0.717391304347826,0.5823367065317389,0.0,0.0,0.0,Yes
0.9347826086956522,0.38270469181232775,0.0,0.0,0.0,No
0.13043478260869565,0.3560257589696414,0.0,0.0,0.0,No
-0.2608695652173913,0.3652253909843608,0.0,0.0,0.0,Yes
0.9347826086956522,0.40570377184912626,0.0,0.0,0.0,No
-0.021739130434782608,-0.9282428702851886,0.0,0.0,0.0,No
0.5869565217391305,-0.8316467341306348,0.0,0.0,0.0,Yes
0.043478260869565216,0.17479300827966884,0.0,0.0,0.0,Yes
0.34782608695652173,-0.9475620975160993,0.0,0.0,0.0,No
-0.6086956521739131,-0.8206071757129715,0.0,0.0,0.0,No
-0.5869565217391305,-0.3817847286108555,0.0,0.0,0.0,Yes
-0.5,-0.9089236430542778,0.0,0.0,0.0,No
0.41304347826086957,0.49126034958601666,0.0,0.0,0.0,No
-0.08695652173913043,-0.8270469181232751,0.0,0.0,0.0,No
0.7608695652173914,-0.9319227230910763,0.0,0.0,0.0,No
0.45652173913043476,-0.6504139834406624,1.0,-1.0,1.0,No
0.5,0.5685372585096597,0.0,0.0,0.0,No
-0.5434782608695652,-0.0027598896044156666,0.0,0.0,0.0,No
0.06521739130434782,0.37902483900643996,0.0,0.0,0.0,No
0.34782608695652173,0.06439742410303588,0.0,0.0,0.0,No
-0.43478260869565216,0.32566697332106725,0.0,0.0,0.0,No
0.8043478260869565,0.6550137994480223,0.0,0.0,0.0,Yes
-0.5652173913043478,0.3955841766329347,0.0,0.0,0.0,Yes
0.5434782608695652,-0.9245630174793008,0.0,0.0,0.0,No
-0.6086956521739131,-0.5565777368905243,1.0,-1.0,1.0,Yes
0.7608695652173914,0.7350505979760811,0.0,0.0,0.0,No
0.043478260869565216,0.06531738730450803,0.0,0.0,0.0,Yes
-0.32608695652173914,0.3578656853725852,0.0,0.0,0.0,Yes
-0.3695652173913043,0.2723091076356948,0.0,0.0,0.0,No
0.8260869565217391,-0.17295308187672478,0.0,0.0,0.0,No
0.13043478260869565,0.03495860165593387,0.0,0.0,0.0,Yes
0.34782608695652173,0.05887764489420429,0.0,0.0,0.0,No
-0.41304347826086957,-0.4480220791168353,0.0,0.0,0.0,No
0.0,-0.2171113155473781,0.0,0.0,0.0,No
-0.10869565217391304,-0.841766329346826,0.0,0.0,0.0,No
0.8043478260869565,-0.9310027598896045,0.0,0.0,0.0,No
0.4782608695652174,0.2943882244710212,0.0,0.0,0.0,No
0.34782608695652173,-0.8252069917203312,0.0,0.0,0.0,No
0.43478260869565216,-0.9448022079116836,0.0,0.0,0.0,No
0.0,-0.9346826126954922,0.0,0.0,0.0,No
0.2391304347826087,0.7313707451701933,0.0,0.0,0.0,No
0.17391304347826086,0.48206071757129726,0.0,0.0,0.0,Yes
-0.08695652173913043,-0.01103955841766319,0.0,0.0,0.0,No
-0.15217391304347827,-0.36338546458141663,1.0,-1.0,1.0,No
0.9347826086956522,-0.08739650413983442,1.0,-1.0,1.0,No
-0.4782608695652174,-0.5565777368905243,1.0,-1.0,1.0,Yes
0.08695652173913043,0.2161913523459062,0.0,0.0,0.0,No
-0.13043478260869565,0.1609935602575897,0.0,0.0,0.0,No
-0.10869565217391304,0.5685372585096597,0.0,0.0,0.0,Yes
-0.6086956521739131,0.16927322907083725,0.0,0.0,0.0,Yes
0.8695652173913043,0.37350505979760834,0.0,0.0,0.0,No
-0.5652173913043478,-0.9162833486660534,0.0,0.0,0.0,No
0.5869565217391305,0.09935602575896976,0.0,0.0,0.0,No
0.782608695652174,0.7295308187672495,0.0,0.0,0.0,No
0.9130434782608695,-0.9107635694572217,0.0,0.0,0.0,No
-0.32608695652173914,0.18399264029438825,0.0,0.0,0.0,No
-0.5869565217391305,-0.003679852805887556,0.0,0.0,0.0,No
0.06521739130434782,0.25206991720331196,0.0,0.0,0.0,Yes
0.2391304347826087,-0.05335786568537244,0.0,0.0,0.0,No
-0.6086956521739131,-0.9126034958601655,0.0,0.0,0.0,No
-0.6086956521739131,0.344986200551978,0.0,0.0,0.0,Yes
-0.4782608695652174,-0.008279668813247262,0.0,0.0,0.0,No
-0.30434782608695654,-0.3541858325666972,0.0,0.0,0.0,No
-0.2608695652173913,0.44250229990800394,0.0,0.0,0.0,Yes
-0.21739130434782608,0.14535418583256682,0.0,0.0,0.0,Yes
0.9130434782608695,-0.8242870285188593,0.0,0.0,0.0,No
0.5434782608695652,-0.19043238270469173,0.0,0.0,0.0,No
0.043478260869565216,0.3716651333946643,0.0,0.0,0.0,No
-0.391304347826087,0.11131554737810509,0.0,0.0,0.0,No
-0.2391304347826087,0.268629254829807,0.0,0.0,0.0,No
0.9347826086956522,0.7313707451701933,0.0,0.0,0.0,No
0.9130434782608695,0.5390984360625578,0.0,0.0,0.0,No
-0.5217391304347826,-0.4590616375344986,1.0,-1.0,1.0,No
0.1956521739130435,-0.02483900643974231,0.0,0.0,0.0,No
-0.5217391304347826,-0.3992640294388224,0.0,0.0,0.0,No
-0.5869565217391305,-0.4820607175712971,0.0,0.0,0.0,Yes
0.5,-0.19319227230910752,0.0,0.0,0.0,No
-0.45652173913043476,0.09935602575896976,0.0,0.0,0.0,Yes
0.8478260869565217,0.1895124195032201,0.0,0.0,0.0,No
0.8695652173913043,-0.9162833486660534,0.0,0.0,0.0,No
0.2826086956521739,-0.07267709291628315,0.0,0.0,0.0,No
0.45652173913043476,0.549218031278749,0.0,0.0,0.0,No
-0.6086956521739131,-0.9429622815087396,0.0,0.0,0.0,Yes
-0.6086956521739131,0.18307267709291636,0.0,0.0,0.0,Yes
0.08695652173913043,-0.47470101195952163,0.0,0.0,0.0,No
-0.4782608695652174,-0.9199632014719411,0.0,0.0,0.0,No
0.7608695652173914,0.39466421343146285,0.0,0.0,0.0,No
-0.6086956521739131,0.08371665133394686,0.0,0.0,0.0,Yes
0.6521739130434783,-0.9227230910763569,0.0,0.0,0.0,No
-0.5,-0.36798528058877633,0.0,0.0,0.0,No
-0.5652173913043478,-0.9484820607175714,0.0,0.0,0.0,No
-0.30434782608695654,-0.9181232750689972,0.0,0.0,0.0,No
-0.34782608695652173,-0.10303587856485731,0.0,0.0,0.0,No
-0.13043478260869565,0.5216191352345908,0.0,0.0,0.0,No
0.043478260869565216,0.3514259429622817,0.0,0.0,0.0,No
0.0,-0.21343146274149025,0.0,0.0,0.0,No
0.43478260869565216,-0.9135234590616375,0.0,0.0,0.0,No
0.5869565217391305,0.2805887764489421,0.0,0.0,0.0,No
0.7391304347826086,0.18307267709291636,0.0,0.0,0.0,No
0.7391304347826086,0.17387304507819695,0.0,0.0,0.0,No
-0.10869565217391304,0.17479300827966884,0.0,0.0,0.0,No
0.15217391304347827,-0.2989880404783808,0.0,0.0,0.0,No
-0.43478260869565216,0.19319227230910765,0.0,0.0,0.0,Yes
-0.5652173913043478,-0.8390064397424103,1.0,-1.0,1.0,Yes
-0.17391304347826086,0.1941122355105798,0.0,0.0,0.0,No
-0.34782608695652173,-0.84360625574977,0.0,0.0,0.0,No
-0.6086956521739131,-0.9236430542778289,0.0,0.0,0.0,No
-0.08695652173913043,-0.9254829806807728,0.0,0.0,0.0,No
0.9130434782608695,-0.9337626494940202,0.0,0.0,0.0,No
0.8043478260869565,0.8086476540938364,0.0,0.0,0.0,No
0.34782608695652173,0.5510579576816929,0.0,0.0,0.0,No
-0.15217391304347827,0.17755289788408476,0.0,0.0,0.0,No
0.8260869565217391,-0.9107635694572217,0.0,0.0,0.0,No
0.8478260869565217,0.3606255749770011,0.0,0.0,0.0,No
-0.6304347826086957,-0.9264029438822448,0.0,0.0,0.0,No
0.43478260869565216,0.3771849126034959,0.0,0.0,0.0,Yes
-0.5434782608695652,-0.3974241030358785,0.0,0.0,0.0,No
0.7391304347826086,0.17755289788408476,0.0,0.0,0.0,No
-0.5869565217391305,0.17203311867525317,0.0,0.0,0.0,Yes
-0.17391304347826086,-0.9199632014719411,0.0,0.0,0.0,No
0.5652173913043478,-0.2355105795768169,0.0,0.0,0.0,Yes
-0.6086956521739131,-0.9218031278748849,0.0,0.0,0.0,No
-0.2608695652173913,-0.937442502299908,0.0,0.0,0.0,No
0.021739130434782608,0.5528978840846369,0.0,0.0,0.0,No
-0.15217391304347827,-0.22815087396504127,0.0,0.0,0.0,No
-0.43478260869565216,-0.19963201471941114,0.0,0.0,0.0,No
-0.6086956521739131,-0.9411223551057957,0.0,0.0,0.0,No
-0.17391304347826086,0.2971481140754371,0.0,0.0,0.0,Yes
-0.21739130434782608,-0.19871205151793925,0.0,0.0,0.0,No
0.8695652173913043,0.6182152713891447,0.0,0.0,0.0,Yes
-0.6086956521739131,-0.8325666973321066,1.0,-1.0,1.0,Yes
0.9347826086956522,0.6182152713891447,0.0,0.0,0.0,No
0.8913043478260869,-0.025758969641214196,0.0,0.0,0.0,No
0.8043478260869565,0.6025758969641215,0.0,0.0,0.0,No
-0.4782608695652174,-0.8399264029438822,1.0,-1.0,1.0,No
0.3695652173913043,0.7332106715731374,0.0,0.0,0.0,No
0.21739130434782608,-0.3937442502299907,1.0,-1.0,1.0,Yes
0.06521739130434782,-0.14535418583256657,0.0,0.0,0.0,No
-0.10869565217391304,0.35326586936522547,0.0,0.0,0.0,No
-0.5,0.24287028518859252,0.0,0.0,0.0,Yes
0.17391304347826086,0.15731370745170214,0.0,0.0,0.0,No
-0.45652173913043476,-0.9199632014719411,0.0,0.0,0.0,No
0.9347826086956522,0.020239190432382863,0.0,0.0,0.0,No
0.9130434782608695,-0.44158233670653163,1.0,-1.0,1.0,No
-0.2826086956521739,0.44710211591536364,0.0,0.0,0.0,No
0.6086956521739131,-0.3762649494020239,1.0,-1.0,1.0,No
0.8043478260869565,-0.8261269549218031,0.0,0.0,0.0,No
-0.2608695652173913,0.3459061637534501,0.0,0.0,0.0,Yes
-0.17391304347826086,-0.9126034958601655,0.0,0.0,0.0,No
0.8043478260869565,-0.078196872125115,0.0,0.0,0.0,No
-0.2608695652173913,0.09291628334866628,0.0,0.0,0.0,No
-0.6086956521739131,0.0018399264029440392,0.0,0.0,0.0,Yes
0.6304347826086957,-0.18491260349586014,0.0,0.0,0.0,Yes
-0.45652173913043476,-0.907083716651334,0.0,0.0,0.0,No
-0.043478260869565216,-0.018399264029438825,0.0,0.0,0.0,No
0.10869565217391304,0.3403863845446182,0.0,0.0,0.0,No
0.021739130434782608,0.49034038638454475,0.0,0.0,0.0,No
0.08695652173913043,-0.07267709291628315,0.0,0.0,0.0,No
-0.6086956521739131,-0.8390064397424103,1.0,-1.0,1.0,Yes
-0.32608695652173914,-0.02115915363385449,0.0,0.0,0.0,No
-0.2826086956521739,0.16835326586936536,0.0,0.0,0.0,No
0.43478260869565216,0.5574977000919966,0.0,0.0,0.0,No
-0.21739130434782608,0.6062557497700093,0.0,0.0,0.0,Yes
0.8913043478260869,0.17203311867525317,0.0,0.0,0.0,No
0.06521739130434782,-0.1646734130634774,0.0,0.0,0.0,No
-0.2391304347826087,-0.010119595216191301,0.0,0.0,0.0,No
0.17391304347826086,-0.5482980680772769,1.0,-1.0,1.0,No
-0.5434782608695652,0.09751609935602598,0.0,0.0,0.0,No
-0.2826086956521739,0.37442502299908026,0.0,0.0,0.0,No
-0.2608695652173913,0.18675252989880417,0.0,0.0,0.0,No
-0.21739130434782608,-0.1793928242870284,0.0,0.0,0.0,No
0.6739130434782609,0.566697332106716,0.0,0.0,0.0,No
0.4782608695652174,-0.8353265869365225,0.0,0.0,0.0,No
-0.021739130434782608,-0.9208831646734131,0.0,0.0,0.0,No
0.30434782608695654,-0.19043238270469173,0.0,0.0,0.0,No
0.2826086956521739,-0.9218031278748849,0.0,0.0,0.0,No
-0.5652173913043478,0.14995400183992652,0.0,0.0,0.0,Yes
-0.6086956521739131,-0.4710211591536338,0.0,0.0,0.0,No
-0.5652173913043478,-0.9291628334866605,0.0,0.0,0.0,Yes
0.7391304347826086,0.5087396504139836,0.0,0.0,0.0,No
-0.5652173913043478,0.17571297148114098,0.0,0.0,0.0,Yes
0.8478260869565217,0.6872125114995402,0.0,0.0,0.0,No
0.021739130434782608,0.5400183992640296,0.0,0.0,0.0,Yes
0.6739130434782609,0.6320147194112238,0.0,0.0,0.0,No
-0.30434782608695654,-0.21619135234590606,0.0,0.0,0.0,Yes
0.34782608695652173,0.43330266789328453,0.0,0.0,0.0,No
0.8913043478260869,0.29622815087396526,0.0,0.0,0.0,No
-0.41304347826086957,0.517939282428703,0.0,0.0,0.0,Yes
-0.5434782608695652,-0.937442502299908,0.0,0.0,0.0,No
-0.6086956521739131,-0.36614535418583244,0.0,0.0,0.0,Yes
0.8478260869565217,-0.8353265869365225,0.0,0.0,0.0,No
-0.15217391304347827,0.08555657773689064,0.0,0.0,0.0,No
0.1956521739130435,0.44710211591536364,0.0,0.0,0.0,Yes
-0.6086956521739131,0.5501379944802209,0.0,0.0,0.0,Yes
-0.2391304347826087,0.14443422263109493,0.0,0.0,0.0,No
0.0,0.4388224471021161,0.0,0.0,0.0,No
-0.2826086956521739,0.3330266789328429,0.0,0.0,0.0,Yes
-0.6086956521739131,-0.009199632014719412,0.0,0.0,0.0,Yes
-0.3695652173913043,0.20883164673413082,0.0,0.0,0.0,Yes
0.043478260869565216,-0.37350505979760806,1.0,-1.0,1.0,No
-0.5434782608695652,0.17571297148114098,0.0,0.0,0.0,Yes
0.41304347826086957,-0.014719411223551008,0.0,0.0,0.0,No
-0.30434782608695654,-0.8270469181232751,0.0,0.0,0.0,Yes
0.45652173913043476,0.3633854645814168,0.0,0.0,0.0,No
-0.4782608695652174,-0.4728610855565777,0.0,0.0,0.0,No
0.2608695652173913,0.24655013799448036,0.0,0.0,0.0,Yes
0.8478260869565217,0.18399264029438825,0.0,0.0,0.0,No
-0.06521739130434782,0.5105795768169273,0.0,0.0,0.0,No
0.6086956521739131,-0.3127874885004599,1.0,-1.0,1.0,No
-0.5652173913043478,-0.9346826126954922,0.0,0.0,0.0,No
-0.6086956521739131,-0.9098436062557498,0.0,0.0,0.0,Yes
-0.21739130434782608,-0.3937442502299907,0.0,0.0,0.0,No
-0.5652173913043478,-0.29714811407543684,0.0,0.0,0.0,No
0.6521739130434783,-0.8445262189512419,0.0,0.0,0.0,No
-0.6086956521739131,-0.017479300827966674,0.0,0.0,0.0,Yes
0.2826086956521739,-0.5556577736890524,1.0,-1.0,1.0,No
-0.4782608695652174,0.08371665133394686,0.0,0.0,0.0,Yes
0.8260869565217391,-0.8233670653173872,0.0,0.0,0.0,No
-0.6086956521739131,0.0,0.0,0.0,0.0,No
0.8043478260869565,0.39282428702851907,0.0,0.0,0.0,No
0.6956521739130435,0.346826126954922,0.0,0.0,0.0,No
-0.5434782608695652,-0.8509659613615455,0.0,0.0,0.0,No
0.2826086956521739,0.06991720331186774,0.0,0.0,0.0,Yes
0.7608695652173914,-0.3035878564857405,0.0,0.0,0.0,No
0.5434782608695652,0.8325666973321068,0.0,0.0,0.0,No
-0.6086956521739131,-0.9310027598896045,0.0,0.0,0.0,No
0.5434782608695652,-0.8518859245630175,0.0,0.0,0.0,No
-0.2391304347826087,-0.828886844526219,0.0,0.0,0.0,No
-0.5652173913043478,0.25666973321067166,0.0,0.0,0.0,No
-0.6086956521739131,-0.004599816007359706,0.0,0.0,0.0,Yes
0.9347826086956522,0.3569457221711133,0.0,0.0,0.0,No
0.6739130434782609,0.5078196872125117,0.0,0.0,0.0,No
-0.391304347826087,-0.9264029438822448,0.0,0.0,0.0,No
-0.3695652173913043,0.1462741490340387,0.0,0.0,0.0,Yes
0.6956521739130435,0.6172953081876728,0.0,0.0,0.0,No
0.21739130434782608,-0.9135234590616375,0.0,0.0,0.0,No
0.5652173913043478,0.48666053357865696,0.0,0.0,0.0,Yes
-0.2608695652173913,0.44250229990800394,0.0,0.0,0.0,Yes
0.17391304347826086,-0.9236430542778289,0.0,0.0,0.0,No
0.9347826086956522,-0.8160073597056118,0.0,0.0,0.0,No
0.9347826086956522,0.12879484820607176,0.0,0.0,0.0,No
-0.45652173913043476,-0.07911683532658689,0.0,0.0,0.0,No
-0.15217391304347827,-0.9282428702851886,0.0,0.0,0.0,No
-0.6086956521739131,0.25666973321067166,0.0,0.0,0.0,Yes
0.1956521739130435,-0.040478380864765205,0.0,0.0,0.0,No
-0.2608695652173913,0.19319227230910765,0.0,0.0,0.0,No
0.8913043478260869,0.09475620975161005,0.0,0.0,0.0,No
0.9347826086956522,0.4066237350505982,0.0,0.0,0.0,Yes
-0.021739130434782608,0.18859245630174795,0.0,0.0,0.0,No
-0.30434782608695654,0.23643054277828904,0.0,0.0,0.0,No
0.9347826086956522,0.31646734130634785,0.0,0.0,0.0,No
-0.391304347826087,0.5372585096596137,0.0,0.0,0.0,Yes
-0.45652173913043476,0.20055197792088328,0.0,0.0,0.0,Yes
0.6086956521739131,0.7184912603495863,0.0,0.0,0.0,No
-0.6086956521739131,-0.9273229070837166,0.0,0.0,0.0,Yes
0.3695652173913043,-0.45630174793008277,1.0,-1.0,1.0,No
0.021739130434782608,-0.9135234590616375,0.0,0.0,0.0,No
-0.41304347826086957,0.09107635694572223,0.0,0.0,0.0,No
-0.13043478260869565,0.5317387304507821,0.0,0.0,0.0,Yes
0.06521739130434782,0.4241030358785651,0.0,0.0,0.0,No
-0.34782608695652173,0.06255749770009211,0.0,0.0,0.0,No
0.21739130434782608,0.18583256669733228,0.0,0.0,0.0,Yes
0.32608695652173914,0.32750689972401126,0.0,0.0,0.0,No
-0.43478260869565216,-0.38914443422263095,0.0,0.0,0.0,No
0.8260869565217391,-0.9328426862925483,0.0,0.0,0.0,No
-0.43478260869565216,0.1655933762649494,0.0,0.0,0.0,Yes
-0.30434782608695654,0.17295308187672506,0.0,0.0,0.0,Yes
0.9130434782608695,0.6402943882244713,0.0,0.0,0.0,No
-0.6086956521739131,-0.3928242870285188,0.0,0.0,0.0,No
0.021739130434782608,0.5464581416743332,0.0,0.0,0.0,Yes
-0.6086956521739131,-0.018399264029438825,0.0,0.0,0.0,Yes
-0.2608695652173913,-0.37810487580496777,1.0,-1.0,1.0,No
-0.5652173913043478,0.2842686292548299,0.0,0.0,0.0,Yes
0.8260869565217391,0.17203311867525317,0.0,0.0,0.0,Yes
-0.6086956521739131,-0.9089236430542778,0.0,0.0,0.0,No
-0.6086956521739131,-0.36430542778288866,0.0,0.0,0.0,Yes
0.06521739130434782,0.16467341306347752,0.0,0.0,0.0,No
0.2608695652173913,-0.9356025758969642,0.0,0.0,0.0,No
-0.6086956521739131,0.18767249310027606,0.0,0.0,0.0,Yes
-0.6086956521739131,-0.4820607175712971,0.0,0.0,0.0,No
-0.3695652173913043,0.26034958601655944,0.0,0.0,0.0,Yes
0.717391304347826,0.6467341306347748,0.0,0.0,0.0,No
-0.15217391304347827,0.25666973321067166,0.0,0.0,0.0,Yes
-0.2608695652173913,0.4112235510579579,0.0,0.0,0.0,No
0.9347826086956522,-0.8114075436982521,0.0,0.0,0.0,No
0.5869565217391305,0.4894204231830729,0.0,0.0,0.0,No
-0.43478260869565216,-0.9181232750689972,0.0,0.0,0.0,No
0.9347826086956522,0.8362465501379946,0.0,0.0,0.0,No
-0.1956521739130435,0.6964121435142596,0.0,0.0,0.0,No
-0.21739130434782608,-0.9227230910763569,0.0,0.0,0.0,No
-0.5869565217391305,-0.047838086476540836,0.0,0.0,0.0,Yes
0.5217391304347826,-0.28426862925482976,1.0,-1.0,1.0,No
-0.043478260869565216,0.2741490340386386,0.0,0.0,0.0,Yes
-0.5,-0.9236430542778289,0.0,0.0,0.0,No
-0.43478260869565216,0.3679852805887765,0.0,0.0,0.0,No
-0.45652173913043476,-0.2686292548298067,0.0,0.0,0.0,No
0.9130434782608695,0.8141674333026679,0.0,0.0,0.0,No
-0.41304347826086957,0.17847286108555666,0.0,0.0,0.0,Yes
-0.6086956521739131,-0.9264029438822448,0.0,0.0,0.0,Yes
0.9130434782608695,-0.06531738730450777,1.0,-1.0,1.0,No
0.8478260869565217,0.5510579576816929,0.0,0.0,0.0,No
0.10869565217391304,0.6439742410303588,0.0,0.0,0.0,No
-0.06521739130434782,0.2732290708371667,0.0,0.0,0.0,No
-0.15217391304347827,-0.39650413983440663,0.0,0.0,0.0,Yes
-0.4782608695652174,-0.9457221711131554,0.0,0.0,0.0,No
-0.1956521739130435,-0.010119595216191301,0.0,0.0,0.0,No
0.6739130434782609,0.6586936522539101,0.0,0.0,0.0,No
0.9347826086956522,-0.9162833486660534,0.0,0.0,0.0,No
0.9347826086956522,0.6513339466421345,0.0,0.0,0.0,No
-0.5434782608695652,-0.8298068077276909,0.0,0.0,0.0,No
-0.2826086956521739,-0.9310027598896045,0.0,0.0,0.0,No
0.717391304347826,0.6347746090156394,0.0,0.0,0.0,No
-0.41304347826086957,-0.17295308187672478,0.0,0.0,0.0,No
0.043478260869565216,0.19871205151793953,0.0,0.0,0.0,No
0.9130434782608695,-0.9429622815087396,0.0,0.0,0.0,No
0.6304347826086957,-0.9116835326586937,0.0,0.0,0.0,No
0.8913043478260869,0.36430542778288894,0.0,0.0,0.0,No
0.9130434782608695,0.3633854645814168,0.0,0.0,0.0,No
0.8695652173913043,0.0689972401103956,0.0,0.0,0.0,No
-0.6086956521739131,0.27046918123275077,0.0,0.0,0.0,Yes
0.9347826086956522,0.8905243790248392,0.0,0.0,0.0,No
-0.06521739130434782,0.28610855565777393,0.0,0.0,0.0,No
0.08695652173913043,0.4535418583256671,0.0,0.0,0.0,No
-0.41304347826086957,-0.9236430542778289,0.0,0.0,0.0,No
0.6086956521739131,0.5694572217111317,0.0,0.0,0.0,No
-0.41304347826086957,-0.904323827046918,0.0,0.0,0.0,No
0.21739130434782608,-0.8491260349586016,0.0,0.0,0.0,No
-0.391304347826087,-0.9208831646734131,0.0,0.0,0.0,No
-0.17391304347826086,0.5970561177552899,0.0,0.0,0.0,Yes
0.8478260869565217,0.27506899724011047,0.0,0.0,0.0,No
-0.2391304347826087,0.3541858325666974,0.0,0.0,0.0,No
-0.5,0.5446182152713893,0.0,0.0,0.0,Yes
-0.2391304347826087,-0.2594296228150873,0.0,0.0,0.0,No
0.5,-0.35694572217111303,0.0,0.0,0.0,No
0.5869565217391305,0.8371665133394665,0.0,0.0,0.0,No
0.34782608695652173,0.612695492180313,0.0,0.0,0.0,No
0.8260869565217391,-0.8141674333026678,0.0,0.0,0.0,No
-0.5652173913043478,-0.6485740570377184,1.0,-1.0,1.0,No
0.782608695652174,0.5289788408463661,0.0,0.0,0.0,No
0.7391304347826086,-0.05703771849126025,0.0,0.0,0.0,No
-0.391304347826087,-0.8344066237350506,0.0,0.0,0.0,No
-0.6086956521739131,-0.19871205151793925,0.0,0.0,0.0,No
0.5652173913043478,0.1370745170193193,0.0,0.0,0.0,No
-0.08695652173913043,-0.2805887764489419,0.0,0.0,0.0,No
0.9347826086956522,0.8730450781968723,0.0,0.0,0.0,Yes
0.9347826086956522,-0.8500459981600736,0.0,0.0,0.0,No
0.782608695652174,-0.4618215271389144,1.0,-1.0,1.0,No
0.5434782608695652,0.16835326586936536,0.0,0.0,0.0,Yes
-0.4782608695652174,-0.9218031278748849,0.0,0.0,0.0,No
0.9347826086956522,-0.10303587856485731,0.0,0.0,0.0,No
-0.17391304347826086,-0.28978840846366133,0.0,0.0,0.0,No
-0.5869565217391305,-0.9135234590616375,0.0,0.0,0.0,No
-0.5434782608695652,0.4489420423183074,0.0,0.0,0.0,No
-0.5652173913043478,0.17111315547378128,0.0,0.0,0.0,Yes
0.9347826086956522,0.8362465501379946,0.0,0.0,0.0,No
-0.5,-0.38454461821527125,0.0,0.0,0.0,No
0.5,0.24747010119595225,0.0,0.0,0.0,No
0.8695652173913043,0.4599816007359706,0.0,0.0,0.0,No
-0.45652173913043476,0.4480220791168355,0.0,0.0,0.0,Yes
-0.45652173913043476,0.0680772769089237,0.0,0.0,0.0,No
0.7391304347826086,0.3541858325666974,0.0,0.0,0.0,No
0.6739130434782609,0.8509659613615457,0.0,0.0,0.0,No
-0.3695652173913043,-0.29714811407543684,0.0,0.0,0.0,No
-0.34782608695652173,-0.939282428702852,0.0,0.0,0.0,No
-0.15217391304347827,-0.09751609935602572,0.0,0.0,0.0,No
-0.5217391304347826,0.40754369825207004,0.0,0.0,0.0,Yes
-0.6086956521739131,-0.936522539098436,0.0,0.0,0.0,Yes
0.9347826086956522,-0.8518859245630175,0.0,0.0,0.0,No
-0.5869565217391305,-0.9494020239190433,0.0,0.0,0.0,No
0.2391304347826087,-0.9236430542778289,0.0,0.0,0.0,No
0.32608695652173914,-0.9264029438822448,0.0,0.0,0.0,No
0.9130434782608695,0.011959521619135341,0.0,0.0,0.0,No
-0.5869565217391305,0.09567617295308194,0.0,0.0,0.0,Yes
-0.06521739130434782,0.4277828886844527,0.0,0.0,0.0,No
-0.6086956521739131,-0.006439742410303484,0.0,0.0,0.0,Yes
-0.6086956521739131,-0.8454461821527139,1.0,-1.0,1.0,No
0.782608695652174,0.08187672493100281,0.0,0.0,0.0,Yes
-0.5652173913043478,-0.0938362465501379,0.0,0.0,0.0,No
-0.34782608695652173,-0.36430542778288866,0.0,0.0,0.0,No
0.08695652173913043,0.6264949402023922,0.0,0.0,0.0,Yes
-0.6086956521739131,0.006439742410303745,0.0,0.0,0.0,No
-0.5434782608695652,-0.4618215271389144,0.0,0.0,0.0,No
-0.5869565217391305,-0.000919963201471889,0.0,0.0,0.0,No
0.9347826086956522,0.7102115915363387,0.0,0.0,0.0,No
0.17391304347826086,-0.8077276908923642,0.0,0.0,0.0,No
-0.30434782608695654,0.2916283348666055,0.0,0.0,0.0,Yes
-0.13043478260869565,-0.9328426862925483,0.0,0.0,0.0,No
0.021739130434782608,-0.35234590616375333,1.0,-1.0,1.0,Yes
0.2826086956521739,-0.9438822447102116,0.0,0.0,0.0,No
0.06521739130434782,0.08095676172953094,0.0,0.0,0.0,No
-0.15217391304347827,0.10027598896044164,0.0,0.0,0.0,No
0.2826086956521739,-0.8325666973321066,1.0,-1.0,1.0,No
-0.45652173913043476,-0.4765409383624654,0.0,0.0,0.0,No
0.782608695652174,0.6246550137994481,0.0,0.0,0.0,No
-0.5869565217391305,-0.9356025758969642,0.0,0.0,0.0,Yes
0.8913043478260869,0.3431462741490342,0.0,0.0,0.0,No
-0.15217391304347827,-0.9236430542778289,0.0,0.0,0.0,No
-0.5434782608695652,0.08371665133394686,0.0,0.0,0.0,Yes
-0.5869565217391305,0.08371665133394686,0.0,0.0,0.0,Yes
0.8260869565217391,-0.6292548298068077,1.0,-1.0,1.0,No
-0.08695652173913043,-0.9411223551057957,0.0,0.0,0.0,No
-0.1956521739130435,-0.9402023919043239,0.0,0.0,0.0,No
-0.5869565217391305,-0.16835326586936508,0.0,0.0,0.0,No
0.4782608695652174,-0.9181232750689972,0.0,0.0,0.0,No
0.3695652173913043,-0.6494940202391905,1.0,-1.0,1.0,No
-0.08695652173913043,0.5501379944802209,0.0,0.0,0.0,Yes
-0.34782608695652173,-0.4848206071757129,0.0,0.0,0.0,No
-0.08695652173913043,0.5970561177552899,0.0,0.0,0.0,Yes
-0.06521739130434782,-0.36798528058877633,0.0,0.0,0.0,No
0.30434782608695654,0.5455381784728612,0.0,0.0,0.0,Yes
-0.21739130434782608,-0.9264029438822448,0.0,0.0,0.0,No
-0.41304347826086957,0.5427782888684454,0.0,0.0,0.0,Yes
-0.5869565217391305,0.4388224471021161,0.0,0.0,0.0,Yes
0.9347826086956522,0.29530818767249334,0.0,0.0,0.0,No
-0.2391304347826087,-0.21987120515179387,0.0,0.0,0.0,No
-0.43478260869565216,0.24839006439742412,0.0,0.0,0.0,Yes
-0.043478260869565216,0.33026678932842696,0.0,0.0,0.0,Yes
-0.10869565217391304,0.4369825206991721,0.0,0.0,0.0,No
0.8695652173913043,0.6200551977920884,0.0,0.0,0.0,Yes
0.3695652173913043,0.7092916283348669,0.0,0.0,0.0,No
0.9347826086956522,0.6816927322907087,0.0,0.0,0.0,No
-0.15217391304347827,0.4480220791168355,0.0,0.0,0.0,Yes
0.8913043478260869,0.3771849126034959,0.0,0.0,0.0,No
-0.5869565217391305,-0.9282428702851886,0.0,0.0,0.0,No
0.043478260869565216,-0.07267709291628315,0.0,0.0,0.0,No
0.5869565217391305,0.5574977000919966,0.0,0.0,0.0,Yes
-0.2826086956521739,0.5584176632934684,0.0,0.0,0.0,No
0.5,-0.8233670653173872,0.0,0.0,0.0,No
-0.34782608695652173,-0.9291628334866605,0.0,0.0,0.0,No
0.13043478260869565,-0.9126034958601655,0.0,0.0,0.0,No
0.6521739130434783,0.46826126954921815,0.0,0.0,0.0,No
0.9347826086956522,0.44710211591536364,0.0,0.0,0.0,No
0.8043478260869565,0.18767249310027606,0.0,0.0,0.0,Yes
0.43478260869565216,0.6678932842686295,0.0,0.0,0.0,No
-0.5869565217391305,-0.4507819687212511,0.0,0.0,0.0,No
-0.17391304347826086,0.62557497700092,0.0,0.0,0.0,No
0.5434782608695652,-0.27414903403863833,1.0,-1.0,1.0,No
-0.10869565217391304,0.15639374425023,0.0,0.0,0.0,Yes
-0.6086956521739131,-0.1692732290708371,0.0,0.0,0.0,No
-0.5,0.15823367065317404,0.0,0.0,0.0,No
-0.6086956521739131,-0.4765409383624654,0.0,0.0,0.0,Yes
0.43478260869565216,0.7148114075436984,0.0,0.0,0.0,No
0.5869565217391305,-0.1665133394664213,0.0,0.0,0.0,No
0.5869565217391305,0.4875804967801288,0.0,0.0,0.0,No
-0.5,-0.5482980680772769,1.0,-1.0,1.0,No
0.06521739130434782,-0.9300827966881325,0.0,0.0,0.0,No
0.45652173913043476,0.6973321067157315,0.0,0.0,0.0,No
0.6304347826086957,0.6384544618215272,0.0,0.0,0.0,No
0.782608695652174,0.3698252069917205,0.0,0.0,0.0,No
0.7608695652173914,0.29530818767249334,0.0,0.0,0.0,No
0.8043478260869565,-0.06347746090156374,0.0,0.0,0.0,No
0.1956521739130435,0.7424103035878568,0.0,0.0,0.0,No
-0.1956521739130435,-0.9264029438822448,0.0,0.0,0.0,No
0.15217391304347827,0.2677092916283351,0.0,0.0,0.0,Yes
0.7608695652173914,0.5841766329346827,0.0,0.0,0.0,No
-0.6086956521739131,-0.9218031278748849,0.0,0.0,0.0,Yes
0.6739130434782609,-0.003679852805887556,0.0,0.0,0.0,No
-0.6086956521739131,0.0735970561177553,0.0,0.0,0.0,Yes
0.45652173913043476,0.17847286108555666,0.0,0.0,0.0,No
-0.6086956521739131,-0.1527138914443422,0.0,0.0,0.0,Yes
0.9347826086956522,-0.38914443422263095,1.0,-1.0,1.0,No
0.6739130434782609,-0.9172033118675252,0.0,0.0,0.0,No
0.3695652173913043,-0.5906163753449861,1.0,-1.0,1.0,No
0.8695652173913043,-0.28334866605335773,1.0,-1.0,1.0,No
0.043478260869565216,0.4829806807727691,0.0,0.0,0.0,No
-0.21739130434782608,-0.9282428702851886,0.0,0.0,0.0,No
0.9130434782608695,-0.9282428702851886,0.0,0.0,0.0,No
-0.3695652173913043,0.2621895124195032,0.0,0.0,0.0,No
0.21739130434782608,0.17755289788408476,0.0,0.0,0.0,Yes
0.32608695652173914,0.2741490340386386,0.0,0.0,0.0,No
0.5869565217391305,0.20055197792088328,0.0,0.0,0.0,No
0.9347826086956522,0.830726770929163,0.0,0.0,0.0,No
-0.5217391304347826,0.6209751609935603,0.0,0.0,0.0,Yes
-0.391304347826087,0.15915363385464593,0.0,0.0,0.0,No
-0.10869565217391304,-0.5749770009199632,1.0,-1.0,1.0,Yes
-0.30434782608695654,0.44710211591536364,0.0,0.0,0.0,No
0.9347826086956522,-0.9116835326586937,0.0,0.0,0.0,No
0.5869565217391305,-0.19963201471941114,0.0,0.0,0.0,No
0.7608695652173914,-0.9254829806807728,0.0,0.0,0.0,No
0.10869565217391304,0.5538178472861087,0.0,0.0,0.0,No
-0.5869565217391305,0.11315547378104887,0.0,0.0,0.0,Yes
0.13043478260869565,-0.9153633854645814,0.0,0.0,0.0,No
-0.15217391304347827,-0.9208831646734131,0.0,0.0,0.0,No
-0.5217391304347826,-0.38914443422263095,0.0,0.0,0.0,Yes
-0.43478260869565216,-0.5666973321067157,1.0,-1.0,1.0,No
-0.391304347826087,-0.8684452621895125,0.0,0.0,0.0,Yes
-0.13043478260869565,-0.9181232750689972,0.0,0.0,0.0,No
-0.5434782608695652,0.19319227230910765,0.0,0.0,0.0,Yes
0.8478260869565217,-0.8298068077276909,0.0,0.0,0.0,No
0.08695652173913043,0.3845446182152715,0.0,0.0,0.0,No
0.043478260869565216,0.03863845446182169,0.0,0.0,0.0,No
-0.6086956521739131,-0.1885924563017478,0.0,0.0,0.0,Yes
0.5869565217391305,-0.9319227230910763,0.0,0.0,0.0,No
-0.6086956521739131,0.15823367065317404,0.0,0.0,0.0,Yes
0.8043478260869565,0.08739650413983442,0.0,0.0,0.0,No
0.9347826086956522,-0.8344066237350506,0.0,0.0,0.0,No
0.10869565217391304,-0.02207911683532638,0.0,0.0,0.0,No
0.6304347826086957,0.39006439742410315,0.0,0.0,0.0,No
-0.5869565217391305,-0.4636614535418583,0.0,0.0,0.0,Yes
0.17391304347826086,-0.6356945722171113,1.0,-1.0,1.0,No
0.9130434782608695,0.7874885004599819,0.0,0.0,0.0,No
-0.6086956521739131,-0.9291628334866605,0.0,0.0,0.0,No
0.9130434782608695,-0.9300827966881325,0.0,0.0,0.0,No
0.13043478260869565,-0.9282428702851886,0.0,0.0,0.0,No
-0.5,-0.9319227230910763,0.0,0.0,0.0,No
-0.5652173913043478,0.16651333946642158,0.0,0.0,0.0,Yes
0.8695652173913043,-0.20699172033118665,0.0,0.0,0.0,No
0.32608695652173914,-0.30174793008279654,1.0,-1.0,1.0,Yes
0.5217391304347826,0.38270469181232775,0.0,0.0,0.0,No
-0.10869565217391304,0.532658693652254,0.0,0.0,0.0,Yes
-0.5217391304347826,-0.025758969641214196,0.0,0.0,0.0,No
-0.5869565217391305,-0.34590616375344985,0.0,0.0,0.0,No
0.717391304347826,-0.8454461821527139,0.0,0.0,0.0,No
-0.21739130434782608,0.48666053357865696,0.0,0.0,0.0,No
-0.43478260869565216,-0.005519779208831595,0.0,0.0,0.0,No
0.5217391304347826,-0.9356025758969642,0.0,0.0,0.0,No
-0.5217391304347826,0.15455381784728622,0.0,0.0,0.0,No
0.9130434782608695,-0.02115915363385449,0.0,0.0,0.0,No
-0.6086956521739131,-0.9346826126954922,0.0,0.0,0.0,No
-0.2391304347826087,0.1895124195032201,0.0,0.0,0.0,Yes
0.9347826086956522,0.612695492180313,0.0,0.0,0.0,No
-0.5434782608695652,-0.28794848206071744,0.0,0.0,0.0,No
0.6521739130434783,-0.29806807727690887,0.0,0.0,0.0,No
-0.6086956521739131,0.013799448022079119,0.0,0.0,0.0,Yes
0.043478260869565216,0.2667893284268629,0.0,0.0,0.0,No
-0.5652173913043478,-0.9264029438822448,0.0,0.0,0.0,No
0.782608695652174,0.6605335786568539,0.0,0.0,0.0,Yes
0.43478260869565216,0.5317387304507821,0.0,0.0,0.0,No
-0.5869565217391305,-0.9383624655013799,0.0,0.0,0.0,No
0.5217391304347826,-0.9116835326586937,0.0,0.0,0.0,Yes
0.5652173913043478,0.4489420423183074,0.0,0.0,0.0,No
0.9347826086956522,0.8040478380864767,0.0,0.0,0.0,No
0.15217391304347827,0.08371665133394686,0.0,0.0,0.0,No
-0.41304347826086957,-0.9300827966881325,0.0,0.0,0.0,No
-0.6086956521739131,0.4351425942962283,0.0,0.0,0.0,Yes
0.9347826086956522,0.19319227230910765,0.0,0.0,0.0,No
-0.021739130434782608,-0.28886844526218947,0.0,0.0,0.0,No
0.1956521739130435,0.39282428702851907,0.0,0.0,0.0,No
0.6956521739130435,0.8877644894204233,0.0,0.0,0.0,No
0.5,-0.8426862925482981,0.0,0.0,0.0,No
0.8260869565217391,-0.936522539098436,0.0,0.0,0.0,No
0.10869565217391304,0.8426862925482984,0.0,0.0,0.0,No
0.5434782608695652,0.18859245630174795,0.0,0.0,0.0,No
-0.6086956521739131,-0.9208831646734131,0.0,0.0,0.0,No
-0.30434782608695654,0.3587856485740571,0.0,0.0,0.0,Yes
-0.5434782608695652,-0.4480220791168353,0.0,0.0,0.0,Yes
-0.43478260869565216,-0.07543698252069908,0.0,0.0,0.0,Yes
0.3695652173913043,0.5418583256669735,0.0,0.0,0.0,No
-0.15217391304347827,0.361545538178473,0.0,0.0,0.0,Yes
0.1956521739130435,0.0018399264029440392,0.0,0.0,0.0,Yes
0.5652173913043478,0.08555657773689064,0.0,0.0,0.0,No
-0.6086956521739131,-0.9282428702851886,0.0,0.0,0.0,No
0.7608695652173914,0.18307267709291636,0.0,0.0,0.0,No
0.5217391304347826,-0.9310027598896045,0.0,0.0,0.0,Yes
0.6304347826086957,0.25666973321067166,0.0,0.0,0.0,No
0.5869565217391305,-0.29990800367985276,1.0,-1.0,1.0,No
0.9347826086956522,0.6356945722171116,0.0,0.0,0.0,No
-0.6086956521739131,-0.30174793008279654,0.0,0.0,0.0,Yes
0.9347826086956522,0.4949402023919045,0.0,0.0,0.0,No
-0.15217391304347827,0.23367065317387312,0.0,0.0,0.0,No
-0.45652173913043476,0.6467341306347748,0.0,0.0,0.0,Yes
-0.2826086956521739,0.19595216191352358,0.0,0.0,0.0,Yes
0.21739130434782608,-0.5381784728610854,1.0,-1.0,1.0,No
-0.3695652173913043,-0.4664213431462741,0.0,0.0,0.0,No
0.5434782608695652,0.07727690892364311,0.0,0.0,0.0,No
-0.2391304347826087,-0.5547378104875804,1.0,-1.0,1.0,No
0.06521739130434782,0.002759889604415928,0.0,0.0,0.0,No
0.2608695652173913,-0.9310027598896045,0.0,0.0,0.0,No
0.8260869565217391,-0.8408463661453542,0.0,0.0,0.0,No
0.782608695652174,0.6237350505979763,0.0,0.0,0.0,No
-0.08695652173913043,0.1471941122355106,0.0,0.0,0.0,No
-0.6086956521739131,-0.010119595216191301,0.0,0.0,0.0,Yes
0.8260869565217391,0.724011039558418,0.0,0.0,0.0,No
-0.4782608695652174,0.06255749770009211,0.0,0.0,0.0,Yes
0.30434782608695654,-0.6789328426862925,1.0,-1.0,1.0,No
-0.10869565217391304,0.4461821527138915,0.0,0.0,0.0,No
-0.43478260869565216,-0.29070837166513336,0.0,0.0,0.0,Yes
0.8695652173913043,-0.9227230910763569,0.0,0.0,0.0,No
0.17391304347826086,-0.9208831646734131,0.0,0.0,0.0,No
-0.1956521739130435,-0.5694572217111316,1.0,-1.0,1.0,No
-0.4782608695652174,-0.02207911683532638,0.0,0.0,0.0,No
0.17391304347826086,0.10855565777368917,0.0,0.0,0.0,Yes
-0.5217391304347826,0.43330266789328453,0.0,0.0,0.0,Yes
0.2608695652173913,-0.3495860165593375,1.0,-1.0,1.0,No
0.5434782608695652,0.5464581416743332,0.0,0.0,0.0,No
-0.5652173913043478,0.0009199632014721504,0.0,0.0,0.0,Yes
0.8695652173913043,-0.9208831646734131,0.0,0.0,0.0,No
0.5217391304347826,0.4434222631094758,0.0,0.0,0.0,No
-0.2391304347826087,-0.44066237350505977,1.0,-1.0,1.0,No
0.7608695652173914,0.6200551977920884,0.0,0.0,0.0,No
0.043478260869565216,0.38270469181232775,0.0,0.0,0.0,Yes
-0.1956521739130435,-0.8362465501379945,1.0,-1.0,1.0,No
0.6086956521739131,-0.19779208831646722,0.0,0.0,0.0,No
0.7391304347826086,0.7019319227230912,0.0,0.0,0.0,No
-0.34782608695652173,-0.5482980680772769,1.0,-1.0,1.0,No
0.41304347826086957,-0.20975160993560243,0.0,0.0,0.0,No
-0.5869565217391305,0.011039558417663452,0.0,0.0,0.0,Yes
0.6086956521739131,-0.9126034958601655,0.0,0.0,0.0,No
0.9130434782608695,0.7874885004599819,0.0,0.0,0.0,No
-0.4782608695652174,-0.39650413983440663,0.0,0.0,0.0,No
-0.2826086956521739,-0.13431462741490335,0.0,0.0,0.0,No
0.10869565217391304,0.5611775528978842,0.0,0.0,0.0,No
0.17391304347826086,0.5363385464581418,0.0,0.0,0.0,Yes
-0.2826086956521739,0.18767249310027606,0.0,0.0,0.0,No
0.41304347826086957,-0.1094756209751608,0.0,0.0,0.0,No
0.6304347826086957,0.08923643054277845,0.0,0.0,0.0,No
0.9347826086956522,0.2677092916283351,0.0,0.0,0.0,No
-0.4782608695652174,-0.939282428702852,0.0,0.0,0.0,No
0.1956521739130435,0.24931002759889628,0.0,0.0,0.0,Yes
0.41304347826086957,0.8666053357865687,0.0,0.0,0.0,Yes
-0.41304347826086957,0.6264949402023922,0.0,0.0,0.0,Yes
0.021739130434782608,0.07911683532658716,0.0,0.0,0.0,No
0.043478260869565216,-0.20791168353265865,0.0,0.0,0.0,No
0.3695652173913043,-0.02299908003679853,0.0,0.0,0.0,No
0.45652173913043476,-0.9162833486660534,0.0,0.0,0.0,No
-0.021739130434782608,0.11407543698252076,0.0,0.0,0.0,No
0.8043478260869565,-0.14443422263109468,1.0,-1.0,1.0,No
-0.45652173913043476,-0.7534498620055198,1.0,-1.0,1.0,Yes
0.2608695652173913,0.45170193192272334,0.0,0.0,0.0,No
0.9347826086956522,0.7598896044158236,0.0,0.0,0.0,No
-0.4782608695652174,-0.9282428702851886,0.0,0.0,0.0,No
0.1956521739130435,-0.9181232750689972,0.0,0.0,0.0,No
0.32608695652173914,0.6568537258509661,0.0,0.0,0.0,No
0.391304347826087,0.7930082796688135,0.0,0.0,0.0,No
0.5217391304347826,0.40846366145354196,0.0,0.0,0.0,No
-0.5434782608695652,-0.08739650413983442,0.0,0.0,0.0,No
-0.1956521739130435,0.2575896964121435,0.0,0.0,0.0,No
-0.5869565217391305,-0.4728610855565777,0.0,0.0,0.0,Yes
0.6086956521739131,0.013799448022079119,0.0,0.0,0.0,No
0.32608695652173914,0.2723091076356948,0.0,0.0,0.0,No
-0.10869565217391304,-0.37994480220791155,0.0,0.0,0.0,No
-0.30434782608695654,-0.7387304507819686,1.0,-1.0,1.0,No
-0.5652173913043478,-0.8298068077276909,1.0,-1.0,1.0,Yes
-0.5434782608695652,0.25206991720331196,0.0,0.0,0.0,Yes
0.17391304347826086,0.2824287028518861,0.0,0.0,0.0,Yes
-0.6086956521739131,0.08003679852805905,0.0,0.0,0.0,Yes
-0.10869565217391304,-0.2575896964121434,0.0,0.0,0.0,No
-0.5217391304347826,0.376264949402024,0.0,0.0,0.0,Yes
0.08695652173913043,0.6844526218951243,0.0,0.0,0.0,No
0.6304347826086957,-0.9291628334866605,0.0,0.0,0.0,No
0.9347826086956522,0.47010119595216215,0.0,0.0,0.0,No
0.9130434782608695,-0.8555657773689052,0.0,0.0,0.0,No
-0.021739130434782608,0.6586936522539101,0.0,0.0,0.0,Yes
0.4782608695652174,0.24839006439742412,0.0,0.0,0.0,No
0.021739130434782608,0.2759889604415824,0.0,0.0,0.0,Yes
0.9347826086956522,0.26586936522539106,0.0,0.0,0.0,No
0.15217391304347827,0.3771849126034959,0.0,0.0,0.0,Yes
-0.32608695652173914,0.10579576816927325,0.0,0.0,0.0,No
0.9347826086956522,0.07727690892364311,0.0,0.0,0.0,No
-0.15217391304347827,-0.5731370745170192,1.0,-1.0,1.0,No
-0.5869565217391305,0.16927322907083725,0.0,0.0,0.0,No
-0.30434782608695654,-0.9337626494940202,0.0,0.0,0.0,No
0.4782608695652174,-0.9346826126954922,0.0,0.0,0.0,No
0.8913043478260869,-0.5740570377184913,1.0,-1.0,1.0,No
0.9130434782608695,-0.9245630174793008,0.0,0.0,0.0,No
0.21739130434782608,0.5446182152713893,0.0,0.0,0.0,No
0.6956521739130435,-0.19411223551057954,0.0,0.0,0.0,No
0.5,-0.3790248390064397,0.0,0.0,0.0,No
-0.6086956521739131,-0.6366145354185833,1.0,-1.0,1.0,Yes
0.7608695652173914,0.7019319227230912,0.0,0.0,0.0,No
0.717391304347826,-0.18767249310027592,0.0,0.0,0.0,No
0.021739130434782608,-0.9438822447102116,0.0,0.0,0.0,No
-0.5434782608695652,-0.4480220791168353,0.0,0.0,0.0,Yes
0.7391304347826086,0.25114995400184004,0.0,0.0,0.0,No
-0.6086956521739131,-0.47470101195952163,0.0,0.0,0.0,No
-0.30434782608695654,0.6090156393744253,0.0,0.0,0.0,No
-0.043478260869565216,0.1895124195032201,0.0,0.0,0.0,No
-0.5434782608695652,-0.24195032198712038,1.0,-1.0,1.0,No
0.9347826086956522,0.7433302667893286,0.0,0.0,0.0,No
0.34782608695652173,-0.8399264029438822,0.0,0.0,0.0,No
0.34782608695652173,0.49126034958601666,0.0,0.0,0.0,No
0.15217391304347827,0.11039558417663295,0.0,0.0,0.0,No
-0.2608695652173913,0.3505059797608098,0.0,0.0,0.0,Yes
-0.6086956521739131,-0.9466421343146274,0.0,0.0,0.0,No
-0.2826086956521739,0.07543698252069933,0.0,0.0,0.0,No
-0.5652173913043478,-0.9300827966881325,0.0,0.0,0.0,Yes
-0.5434782608695652,-0.35786568537258506,0.0,0.0,0.0,Yes
0.9130434782608695,0.2585096596136157,0.0,0.0,0.0,No
-0.41304347826086957,-0.8454461821527139,0.0,0.0,0.0,No
-0.1956521739130435,-0.9254829806807728,0.0,0.0,0.0,No
-0.5434782608695652,0.19595216191352358,0.0,0.0,0.0,Yes
-0.06521739130434782,0.515179392824287,0.0,0.0,0.0,Yes
-0.5434782608695652,-0.2732290708371664,0.0,0.0,0.0,No
-0.5217391304347826,-0.35602575896964117,1.0,-1.0,1.0,Yes
-0.5434782608695652,0.39190432382704715,0.0,0.0,0.0,Yes
0.0,0.25666973321067166,0.0,0.0,0.0,No
-0.5869565217391305,0.549218031278749,0.0,0.0,0.0,No
0.0,-0.937442502299908,0.0,0.0,0.0,No
-0.6086956521739131,0.3771849126034959,0.0,0.0,0.0,Yes
-0.6086956521739131,-0.017479300827966674,0.0,0.0,0.0,Yes
-0.45652173913043476,0.4434222631094758,0.0,0.0,0.0,Yes
-0.34782608695652173,-0.9190432382704692,0.0,0.0,0.0,No
0.6521739130434783,0.4489420423183074,0.0,0.0,0.0,No
-0.6086956521739131,-0.9236430542778289,0.0,0.0,0.0,Yes
0.45652173913043476,0.46642134314627437,0.0,0.0,0.0,Yes
-0.2391304347826087,-0.4783808647654093,0.0,0.0,0.0,No
-0.2608695652173913,0.07727690892364311,0.0,0.0,0.0,No
0.391304347826087,0.05979760809567618,0.0,0.0,0.0,No
-0.06521739130434782,0.08463661453541875,0.0,0.0,0.0,Yes
-0.5,-0.4121435142594295,1.0,-1.0,1.0,Yes
-0.21739130434782608,-0.3725850965961361,0.0,0.0,0.0,No
-0.5652173913043478,-0.12419503219871193,0.0,0.0,0.0,Yes
0.8478260869565217,-0.3192272309107635,1.0,-1.0,1.0,No
-0.5869565217391305,-0.9291628334866605,0.0,0.0,0.0,No
-0.4782608695652174,-0.8463661453541858,1.0,-1.0,1.0,No
-0.2391304347826087,-0.9346826126954922,0.0,0.0,0.0,No
0.9130434782608695,-0.8334866605335787,0.0,0.0,0.0,No
-0.34782608695652173,0.4314627414903405,0.0,0.0,0.0,No
-0.5652173913043478,-0.6163753449862005,1.0,-1.0,1.0,Yes
0.9347826086956522,0.6145354185832569,0.0,0.0,0.0,No
0.8043478260869565,-0.2502299908003679,1.0,-1.0,1.0,No
-0.10869565217391304,-0.9116835326586937,0.0,0.0,0.0,No
-0.6086956521739131,-0.482980680772769,0.0,0.0,0.0,Yes
0.5869565217391305,-0.8445262189512419,0.0,0.0,0.0,No
-0.15217391304347827,-0.8233670653173872,0.0,0.0,0.0,No
-0.32608695652173914,-0.3606255749770009,1.0,-1.0,1.0,Yes
0.6956521739130435,0.6264949402023922,0.0,0.0,0.0,Yes
0.2391304347826087,-0.5712971481140754,1.0,-1.0,1.0,Yes
0.2826086956521739,-0.19687212511499536,0.0,0.0,0.0,No
0.9347826086956522,0.23827046918123282,0.0,0.0,0.0,No
-0.3695652173913043,0.16927322907083725,0.0,0.0,0.0,No
0.9130434782608695,-0.8445262189512419,0.0,0.0,0.0,No
-0.06521739130434782,-0.9411223551057957,0.0,0.0,0.0,No
-0.4782608695652174,-0.7460901563937443,1.0,-1.0,1.0,No
-0.5,-0.4572217111315547,0.0,0.0,0.0,No
0.6304347826086957,0.6642134314627417,0.0,0.0,0.0,Yes
0.4782608695652174,-0.7414903403863846,1.0,-1.0,1.0,No
0.9347826086956522,-0.08647654093836227,1.0,-1.0,1.0,No
-0.2391304347826087,0.47286108555657785,0.0,0.0,0.0,Yes
-0.4782608695652174,0.08739650413983442,0.0,0.0,0.0,Yes
0.391304347826087,0.0680772769089237,0.0,0.0,0.0,No
-0.5869565217391305,-0.4719411223551057,0.0,0.0,0.0,Yes
0.717391304347826,0.7433302667893286,0.0,0.0,0.0,No
-0.2826086956521739,-0.9319227230910763,0.0,0.0,0.0,No
-0.5,-0.3836246550137994,0.0,0.0,0.0,No
-0.21739130434782608,-0.28242870285188587,0.0,0.0,0.0,Yes
0.8695652173913043,-0.4857405703771848,1.0,-1.0,1.0,No
-0.391304347826087,0.0735970561177553,0.0,0.0,0.0,Yes
0.7608695652173914,0.7506899724011042,0.0,0.0,0.0,No
0.21739130434782608,0.6320147194112238,0.0,0.0,0.0,Yes
-0.30434782608695654,-0.2695492180312786,0.0,0.0,0.0,Yes
-0.08695652173913043,-0.9153633854645814,0.0,0.0,0.0,No
-0.5,-0.9328426862925483,0.0,0.0,0.0,No
0.8043478260869565,0.8362465501379946,0.0,0.0,0.0,No
0.6956521739130435,0.3367065317387307,0.0,0.0,0.0,No
0.30434782608695654,0.4443422263109477,0.0,0.0,0.0,No
-0.3695652173913043,-0.9245630174793008,0.0,0.0,0.0,No
-0.13043478260869565,-0.6568537258509659,1.0,-1.0,1.0,No
0.9130434782608695,-0.33210671573137074,1.0,-1.0,1.0,No
0.10869565217391304,-0.09843606255749761,0.0,0.0,0.0,No
-0.5217391304347826,-0.9291628334866605,0.0,0.0,0.0,Yes
0.2608695652173913,-0.6421343146274148,1.0,-1.0,1.0,No
0.9347826086956522,-0.9319227230910763,0.0,0.0,0.0,No
-0.32608695652173914,0.4645814167433303,0.0,0.0,0.0,No
0.2608695652173913,-0.9291628334866605,0.0,0.0,0.0,No
-0.13043478260869565,0.2115915363385465,0.0,0.0,0.0,No
0.9130434782608695,0.7166513339466423,0.0,0.0,0.0,No
-0.6086956521739131,-0.000919963201471889,0.0,0.0,0.0,Yes
0.9347826086956522,-0.8270469181232751,0.0,0.0,0.0,No
-0.5,-0.010119595216191301,0.0,0.0,0.0,No
-0.13043478260869565,-0.9264029438822448,0.0,0.0,0.0,No
-0.41304347826086957,0.27966881324747017,0.0,0.0,0.0,Yes
0.9347826086956522,0.7276908923643057,0.0,0.0,0.0,No
-0.4782608695652174,-0.36890524379024836,0.0,0.0,0.0,No
-0.5,0.4443422263109477,0.0,0.0,0.0,Yes
-0.43478260869565216,0.5731370745170195,0.0,0.0,0.0,No
-0.3695652173913043,0.3459061637534501,0.0,0.0,0.0,No
-0.6086956521739131,-0.937442502299908,0.0,0.0,0.0,No
0.41304347826086957,-0.7442502299908004,1.0,-1.0,1.0,No
-0.1956521739130435,0.15547378104875811,0.0,0.0,0.0,No
-0.2826086956521739,0.2759889604415824,0.0,0.0,0.0,Yes
-0.5869565217391305,0.17111315547378128,0.0,0.0,0.0,Yes
-0.41304347826086957,-0.939282428702852,0.0,0.0,0.0,No
-0.5869565217391305,0.1701931922723091,0.0,0.0,0.0,Yes
-0.1956521739130435,0.48666053357865696,0.0,0.0,0.0,No
-0.1956521739130435,-0.9144434222631095,0.0,0.0,0.0,No
-0.21739130434782608,-0.9300827966881325,0.0,0.0,0.0,No
-0.21739130434782608,0.3725850965961362,0.0,0.0,0.0,Yes
-0.15217391304347827,0.6301747930082797,0.0,0.0,0.0,No
0.13043478260869565,0.17847286108555666,0.0,0.0,0.0,No
-0.6086956521739131,-0.4636614535418583,0.0,0.0,0.0,No
0.21739130434782608,0.05151793928242892,0.0,0.0,0.0,No
0.5434782608695652,0.5289788408463661,0.0,0.0,0.0,No
-0.6086956521739131,-0.9227230910763569,0.0,0.0,0.0,Yes
0.8043478260869565,0.6568537258509661,0.0,0.0,0.0,Yes
0.5869565217391305,0.6439742410303588,0.0,0.0,0.0,No
-0.2391304347826087,-0.4544618215271389,0.0,0.0,0.0,No
-0.2826086956521739,0.17663293468261287,0.0,0.0,0.0,No
0.8478260869565217,-0.29254829806807714,0.0,0.0,0.0,No
0.5217391304347826,-0.8325666973321066,0.0,0.0,0.0,No
0.9347826086956522,0.2640294388224473,0.0,0.0,0.0,No
-0.43478260869565216,0.10119595216191353,0.0,0.0,0.0,No
0.021739130434782608,-0.39650413983440663,0.0,0.0,0.0,No
0.15217391304347827,0.5298988040478384,0.0,0.0,0.0,Yes
-0.2391304347826087,-0.6467341306347745,1.0,-1.0,1.0,No
0.5652173913043478,0.10855565777368917,0.0,0.0,0.0,No
0.21739130434782608,-0.26586936522539095,1.0,-1.0,1.0,Yes
-0.17391304347826086,0.2207911683532659,0.0,0.0,0.0,Yes
-0.5869565217391305,-0.5510579576816927,1.0,-1.0,1.0,Yes
0.08695652173913043,-0.8362465501379945,0.0,0.0,0.0,No
0.32608695652173914,-0.29530818767249306,1.0,-1.0,1.0,No
0.021739130434782608,-0.07451701931922719,0.0,0.0,0.0,No
0.9130434782608695,-0.9098436062557498,0.0,0.0,0.0,No
-0.5434782608695652,0.09199632014719412,0.0,0.0,0.0,Yes
0.13043478260869565,0.2723091076356948,0.0,0.0,0.0,Yes
-0.6086956521739131,0.09199632014719412,0.0,0.0,0.0,No
-0.13043478260869565,0.6274149034038641,0.0,0.0,0.0,No
-0.15217391304347827,-0.38454461821527125,1.0,-1.0,1.0,No
0.43478260869565216,-0.936522539098436,0.0,0.0,0.0,No
0.2826086956521739,0.40110395584176656,0.0,0.0,0.0,No
0.08695652173913043,0.4314627414903405,0.0,0.0,0.0,Yes
-0.4782608695652174,-0.9291628334866605,0.0,0.0,0.0,No
0.8260869565217391,0.5501379944802209,0.0,0.0,0.0,No
-0.30434782608695654,0.46642134314627437,0.0,0.0,0.0,No
0.8260869565217391,0.4195032198712054,0.0,0.0,0.0,No
0.5217391304347826,-0.011959521619135079,0.0,0.0,0.0,No
-0.17391304347826086,-0.9300827966881325,0.0,0.0,0.0,No
0.2391304347826087,0.018399264029438825,0.0,0.0,0.0,No
-0.15217391304347827,-0.9126034958601655,0.0,0.0,0.0,No
0.21739130434782608,-0.5473781048758048,1.0,-1.0,1.0,No
0.34782608695652173,-0.9190432382704692,0.0,0.0,0.0,Yes
-0.5869565217391305,-0.9199632014719411,0.0,0.0,0.0,No
0.6086956521739131,-0.9310027598896045,0.0,0.0,0.0,No
-0.45652173913043476,-0.29346826126954917,0.0,0.0,0.0,No
-0.4782608695652174,0.4480220791168355,0.0,0.0,0.0,Yes
-0.5,-0.733210671573137,1.0,-1.0,1.0,Yes
-0.4782608695652174,-0.9181232750689972,0.0,0.0,0.0,No
0.43478260869565216,-0.07727690892364285,0.0,0.0,0.0,No
0.782608695652174,0.3587856485740571,0.0,0.0,0.0,No
0.5652173913043478,-0.46550137994480223,0.0,0.0,0.0,No
0.9130434782608695,0.3035878564857406,0.0,0.0,0.0,No
0.13043478260869565,0.48574057037718504,0.0,0.0,0.0,No
-0.5652173913043478,0.12235510579576829,0.0,0.0,0.0,Yes
-0.391304347826087,-0.9245630174793008,0.0,0.0,0.0,Yes
-0.6086956521739131,0.09107635694572223,0.0,0.0,0.0,Yes
-0.2608695652173913,0.6678932842686295,0.0,0.0,0.0,No
0.9347826086956522,0.7322907083716654,0.0,0.0,0.0,No
-0.021739130434782608,0.2299908003679853,0.0,0.0,0.0,No
-0.2391304347826087,-0.9245630174793008,0.0,0.0,0.0,No
0.2391304347826087,0.5308187672493102,0.0,0.0,0.0,Yes
0.5,-0.20055197792088303,0.0,0.0,0.0,No
0.391304347826087,-0.21619135234590606,0.0,0.0,0.0,No
-0.13043478260869565,-0.37994480220791155,0.0,0.0,0.0,No
0.8043478260869565,-0.0827966881324747,0.0,0.0,0.0,No
-0.45652173913043476,0.0579576816927324,0.0,0.0,0.0,No
0.391304347826087,0.2787488500459983,0.0,0.0,0.0,Yes
-0.4782608695652174,-0.9254829806807728,0.0,0.0,0.0,Yes
0.9130434782608695,0.7966881324747013,0.0,0.0,0.0,No
0.45652173913043476,0.24011039558417688,0.0,0.0,0.0,No
0.3695652173913043,-0.08647654093836227,0.0,0.0,0.0,No
-0.6086956521739131,0.0009199632014721504,0.0,0.0,0.0,Yes
0.8043478260869565,-0.1655933762649493,1.0,-1.0,1.0,No
0.2826086956521739,0.28610855565777393,0.0,0.0,0.0,No
-0.5217391304347826,0.09751609935602598,0.0,0.0,0.0,No
-0.4782608695652174,-0.3790248390064397,0.0,0.0,0.0,Yes
0.0,0.010119595216191563,0.0,0.0,0.0,No
-0.043478260869565216,-0.3771849126034958,0.0,0.0,0.0,No
-0.30434782608695654,0.09107635694572223,0.0,0.0,0.0,Yes
-0.08695652173913043,-0.9245630174793008,0.0,0.0,0.0,No
-0.391304347826087,0.4351425942962283,0.0,0.0,0.0,Yes
0.6086956521739131,0.6016559337626496,0.0,0.0,0.0,No
0.8260869565217391,0.8831646734130636,0.0,0.0,0.0,Yes
0.391304347826087,0.5400183992640296,0.0,0.0,0.0,No
-0.34782608695652173,0.21251149954001863,0.0,0.0,0.0,No
-0.45652173913043476,-0.7341306347746089,1.0,-1.0,1.0,Yes
0.32608695652173914,0.4737810487580497,0.0,0.0,0.0,Yes
0.9130434782608695,-0.07635694572217096,0.0,0.0,0.0,No
-0.10869565217391304,0.6237350505979763,0.0,0.0,0.0,Yes
-0.30434782608695654,0.18123275068997258,0.0,0.0,0.0,Yes
-0.6086956521739131,-0.9310027598896045,0.0,0.0,0.0,No
-0.5869565217391305,0.04139834406623735,0.0,0.0,0.0,No
0.5652173913043478,0.8491260349586018,0.0,0.0,0.0,No
0.9130434782608695,0.6706531738730452,0.0,0.0,0.0,No
0.45652173913043476,-0.8353265869365225,0.0,0.0,0.0,No
-0.6086956521739131,0.3477460901563939,0.0,0.0,0.0,No
-0.5217391304347826,-0.9402023919043239,0.0,0.0,0.0,No
0.8043478260869565,0.6292548298068078,0.0,0.0,0.0,No
0.43478260869565216,0.31002759889604437,0.0,0.0,0.0,No
-0.5652173913043478,-0.7286108555657773,1.0,-1.0,1.0,No
0.8043478260869565,-0.8215271389144434,0.0,0.0,0.0,No
-0.391304347826087,0.2916283348666055,0.0,0.0,0.0,No
-0.021739130434782608,-0.7405703771849126,1.0,-1.0,1.0,No
0.782608695652174,0.5335786568537259,0.0,0.0,0.0,No
0.717391304347826,-0.9411223551057957,0.0,0.0,0.0,No
-0.5869565217391305,-0.9245630174793008,0.0,0.0,0.0,No
-0.5869565217391305,-0.9199632014719411,0.0,0.0,0.0,No
0.5652173913043478,-0.8224471021159153,0.0,0.0,0.0,No
0.2608695652173913,0.4452621895124196,0.0,0.0,0.0,No
-0.2608695652173913,0.6228150873965044,0.0,0.0,0.0,Yes
0.021739130434782608,0.44250229990800394,0.0,0.0,0.0,No
-0.2608695652173913,-0.2621895124195031,0.0,0.0,0.0,No
-0.2826086956521739,-0.038638454461821424,0.0,0.0,0.0,No
0.9347826086956522,-0.8390064397424103,0.0,0.0,0.0,No
-0.43478260869565216,0.10855565777368917,0.0,0.0,0.0,No
-0.6086956521739131,0.0735970561177553,0.0,0.0,0.0,No
-0.13043478260869565,-0.29806807727690887,0.0,0.0,0.0,No
-0.45652173913043476,-0.936522539098436,0.0,0.0,0.0,No
-0.21739130434782608,-0.6513339466421342,1.0,-1.0,1.0,No
-0.4782608695652174,-0.3072677092916283,0.0,0.0,0.0,No
-0.6086956521739131,-0.012879484820606968,0.0,0.0,0.0,Yes
0.6956521739130435,0.6191352345906166,0.0,0.0,0.0,No
0.6086956521739131,0.0,0.0,0.0,0.0,No
-0.43478260869565216,0.19227230910763576,0.0,0.0,0.0,Yes
-0.30434782608695654,-0.10119595216191353,0.0,0.0,0.0,No
-0.6086956521739131,-0.9328426862925483,0.0,0.0,0.0,No
-0.3695652173913043,-0.4498620055197792,0.0,0.0,0.0,No
0.5434782608695652,-0.9264029438822448,0.0,0.0,0.0,No
-0.5434782608695652,-0.47010119595216193,0.0,0.0,0.0,No
-0.4782608695652174,0.18307267709291636,0.0,0.0,0.0,Yes
-0.1956521739130435,-0.9199632014719411,0.0,0.0,0.0,No
-0.06521739130434782,-0.45170193192272307,1.0,-1.0,1.0,No
0.15217391304347827,0.2529898804047838,0.0,0.0,0.0,Yes
0.5217391304347826,0.7102115915363387,0.0,0.0,0.0,No
-0.5652173913043478,-0.018399264029438825,0.0,0.0,0.0,Yes
0.8478260869565217,-0.11039558417663295,1.0,-1.0,1.0,No
0.9347826086956522,0.376264949402024,0.0,0.0,0.0,No
-0.3695652173913043,-0.8353265869365225,0.0,0.0,0.0,No
0.10869565217391304,0.1701931922723091,0.0,0.0,0.0,Yes
0.8478260869565217,0.2640294388224473,0.0,0.0,0.0,No
0.45652173913043476,0.008279668813247524,0.0,0.0,0.0,No
-0.6086956521739131,-0.623735050597976,1.0,-1.0,1.0,Yes
0.2608695652173913,0.6264949402023922,0.0,0.0,0.0,No
0.021739130434782608,0.5731370745170195,0.0,0.0,0.0,No
-0.6086956521739131,-0.29530818767249306,0.0,0.0,0.0,No
0.0,0.6182152713891447,0.0,0.0,0.0,No
-0.13043478260869565,0.3817847286108556,0.0,0.0,0.0,No
0.6739130434782609,-0.9273229070837166,0.0,0.0,0.0,No
0.9347826086956522,-0.8077276908923642,0.0,0.0,0.0,No
-0.15217391304347827,0.3505059797608098,0.0,0.0,0.0,Yes
0.9347826086956522,0.08739650413983442,0.0,0.0,0.0,No
0.8043478260869565,0.6945722171113157,0.0,0.0,0.0,No
0.9347826086956522,0.7322907083716654,0.0,0.0,0.0,No
0.391304347826087,0.18399264029438825,0.0,0.0,0.0,Yes
0.4782608695652174,0.7571297148114077,0.0,0.0,0.0,No
0.8913043478260869,0.6651333946642136,0.0,0.0,0.0,No
-0.43478260869565216,-0.9282428702851886,0.0,0.0,0.0,No
0.6521739130434783,0.7497700091996321,0.0,0.0,0.0,No
-0.5652173913043478,0.006439742410303745,0.0,0.0,0.0,No
0.1956521739130435,-0.8371665133394663,1.0,-1.0,1.0,No
0.17391304347826086,0.38362465501379966,0.0,0.0,0.0,No
0.17391304347826086,-0.08739650413983442,0.0,0.0,0.0,No
-0.10869565217391304,-0.546458141674333,1.0,-1.0,1.0,Yes
-0.32608695652173914,-0.20055197792088303,0.0,0.0,0.0,No
0.9347826086956522,0.7286108555657776,0.0,0.0,0.0,No
0.5217391304347826,-0.18215271389144422,1.0,-1.0,1.0,Yes
-0.45652173913043476,0.2677092916283351,0.0,0.0,0.0,Yes
0.9347826086956522,-0.5860165593376264,1.0,-1.0,1.0,No
-0.2608695652173913,0.40846366145354196,0.0,0.0,0.0,No
-0.5869565217391305,0.05887764489420429,0.0,0.0,0.0,Yes
-0.45652173913043476,-0.9236430542778289,0.0,0.0,0.0,Yes
0.41304347826086957,-0.6559337626494939,1.0,-1.0,1.0,Yes
-0.41304347826086957,-0.84360625574977,0.0,0.0,0.0,No
-0.6304347826086957,-0.9319227230910763,0.0,0.0,0.0,No
-0.6086956521739131,-0.9153633854645814,0.0,0.0,0.0,No
0.0,-0.22723091076356938,0.0,0.0,0.0,No
0.782608695652174,0.6826126954921805,0.0,0.0,0.0,No
-0.45652173913043476,-0.08923643054277819,0.0,0.0,0.0,No
0.6956521739130435,-0.8261269549218031,0.0,0.0,0.0,No
0.34782608695652173,0.5482980680772772,0.0,0.0,0.0,No
0.9347826086956522,0.6274149034038641,0.0,0.0,0.0,No
-0.3695652173913043,-0.9052437902483901,0.0,0.0,0.0,No
-0.4782608695652174,0.4756209751609938,0.0,0.0,0.0,No
-0.43478260869565216,-0.4774609015639374,0.0,0.0,0.0,No
0.30434782608695654,0.6844526218951243,0.0,0.0,0.0,Yes
0.6304347826086957,0.4415823367065318,0.0,0.0,0.0,No
-0.2826086956521739,0.5225390984360627,0.0,0.0,0.0,Yes
-0.5869565217391305,-0.9208831646734131,0.0,0.0,0.0,No
-0.45652173913043476,0.566697332106716,0.0,0.0,0.0,Yes
0.2391304347826087,0.6513339466421345,0.0,0.0,0.0,No
-0.43478260869565216,0.19871205151793953,0.0,0.0,0.0,No
0.2608695652173913,0.35326586936522547,0.0,0.0,0.0,No
-0.06521739130434782,-0.2870285188592456,0.0,0.0,0.0,No
0.08695652173913043,-0.3054277828886844,0.0,0.0,0.0,No
0.8478260869565217,0.6513339466421345,0.0,0.0,0.0,No
0.782608695652174,0.6531738730450782,0.0,0.0,0.0,No
0.5652173913043478,-0.11315547378104861,0.0,0.0,0.0,No
-0.1956521739130435,0.3376264949402026,0.0,0.0,0.0,Yes
-0.21739130434782608,0.31922723091076377,0.0,0.0,0.0,No
0.34782608695652173,0.34866605335786577,0.0,0.0,0.0,No
0.8913043478260869,-0.9236430542778289,0.0,0.0,0.0,No
-0.5869565217391305,0.17295308187672506,0.0,0.0,0.0,Yes
-0.043478260869565216,0.4452621895124196,0.0,0.0,0.0,Yes
-0.3695652173913043,-0.9254829806807728,0.0,0.0,0.0,No
0.9347826086956522,-0.05795768169273214,1.0,-1.0,1.0,No
-0.3695652173913043,0.4452621895124196,0.0,0.0,0.0,No
-0.5217391304347826,-0.023919043238270418,0.0,0.0,0.0,Yes
0.9130434782608695,0.6835326586936524,0.0,0.0,0.0,No
0.13043478260869565,0.04875804967801299,0.0,0.0,0.0,No
0.8913043478260869,0.8169273229070839,0.0,0.0,0.0,No
0.043478260869565216,0.10487580496780136,0.0,0.0,0.0,No
0.5,0.47654093836246564,0.0,0.0,0.0,Yes
0.17391304347826086,0.5657773689052439,0.0,0.0,0.0,Yes
0.8695652173913043,0.6320147194112238,0.0,0.0,0.0,Yes
0.021739130434782608,0.13891444342226333,0.0,0.0,0.0,No
0.08695652173913043,0.37350505979760834,0.0,0.0,0.0,No
0.5434782608695652,0.737810487580497,0.0,0.0,0.0,No
0.6521739130434783,-0.030358785648573902,0.0,0.0,0.0,No
0.5652173913043478,-0.4691812327506899,1.0,-1.0,1.0,No
0.8695652173913043,-0.7460901563937443,1.0,-1.0,1.0,No
0.8043478260869565,0.3413063477460904,0.0,0.0,0.0,No
0.17391304347826086,-0.21343146274149025,0.0,0.0,0.0,No
-0.43478260869565216,-0.9291628334866605,0.0,0.0,0.0,No
0.8695652173913043,0.30450781968721274,0.0,0.0,0.0,No
-0.41304347826086957,-0.19687212511499536,0.0,0.0,0.0,No
0.2391304347826087,-0.27782888684452617,0.0,0.0,0.0,Yes
-0.34782608695652173,-0.07267709291628315,0.0,0.0,0.0,No
-0.5,0.3633854645814168,0.0,0.0,0.0,Yes
0.8695652173913043,-0.9236430542778289,0.0,0.0,0.0,No
0.8043478260869565,0.6945722171113157,0.0,0.0,0.0,No
-0.391304347826087,-0.3054277828886844,0.0,0.0,0.0,Yes
0.3695652173913043,-0.2474701011959521,0.0,0.0,0.0,No
-0.5,0.34866605335786577,0.0,0.0,0.0,Yes
0.5869565217391305,0.7221711131554739,0.0,0.0,0.0,No
0.8913043478260869,-0.8316467341306348,0.0,0.0,0.0,No
0.08695652173913043,0.16191352345906188,0.0,0.0,0.0,No
0.9347826086956522,-0.06623735050597966,0.0,0.0,0.0,No
-0.5652173913043478,0.45722171113155496,0.0,0.0,0.0,Yes
-0.21739130434782608,-0.39650413983440663,0.0,0.0,0.0,No
-0.5217391304347826,-0.45354185832566685,1.0,-1.0,1.0,Yes
0.9130434782608695,0.19043238270469198,0.0,0.0,0.0,No
-0.45652173913043476,0.07635694572217122,0.0,0.0,0.0,Yes
-0.6086956521739131,-0.9162833486660534,0.0,0.0,0.0,No
-0.6086956521739131,0.17111315547378128,0.0,0.0,0.0,Yes
0.6956521739130435,0.8233670653173873,0.0,0.0,0.0,No
0.9130434782608695,-0.19595216191352333,1.0,-1.0,1.0,No
0.8478260869565217,0.29622815087396526,0.0,0.0,0.0,No
0.3695652173913043,-0.6743330266789328,1.0,-1.0,1.0,No
0.08695652173913043,0.17939282428702855,0.0,0.0,0.0,No
0.5217391304347826,0.6200551977920884,0.0,0.0,0.0,No
0.45652173913043476,0.7065317387304509,0.0,0.0,0.0,No
0.6086956521739131,-0.5381784728610854,1.0,-1.0,1.0,No
0.5434782608695652,-0.9199632014719411,0.0,0.0,0.0,No
0.6739130434782609,0.6540938362465504,0.0,0.0,0.0,No
-0.021739130434782608,0.5694572217111317,0.0,0.0,0.0,Yes
-0.6086956521739131,0.17847286108555666,0.0,0.0,0.0,Yes
0.0,0.346826126954922,0.0,0.0,0.0,Yes
-0.41304347826086957,-0.08923643054277819,0.0,0.0,0.0,No
0.30434782608695654,-0.5501379944802207,1.0,-1.0,1.0,No
-0.34782608695652173,0.0018399264029440392,0.0,0.0,0.0,No
0.30434782608695654,0.15547378104875811,0.0,0.0,0.0,No
-0.21739130434782608,0.24471021159153658,0.0,0.0,0.0,Yes
-0.6086956521739131,0.3633854645814168,0.0,0.0,0.0,No
0.8695652173913043,0.22263109475620993,0.0,0.0,0.0,No
0.6956521739130435,-0.9218031278748849,0.0,0.0,0.0,No
0.30434782608695654,-0.07543698252069908,0.0,0.0,0.0,No
-0.5,-0.9356025758969642,0.0,0.0,0.0,Yes
-0.6086956521739131,-0.35142594296228147,0.0,0.0,0.0,Yes
0.5869565217391305,0.3560257589696414,0.0,0.0,0.0,No
0.8913043478260869,-0.10671573137074512,1.0,-1.0,1.0,No
-0.6086956521739131,-0.4553817847286108,0.0,0.0,0.0,Yes
0.43478260869565216,0.42870285188592483,0.0,0.0,0.0,No
-0.5,-0.3808647654093836,0.0,0.0,0.0,Yes
0.06521739130434782,0.05979760809567618,0.0,0.0,0.0,No
0.9347826086956522,0.7249310027598898,0.0,0.0,0.0,No
0.17391304347826086,-0.16375344986200538,0.0,0.0,0.0,No
0.8695652173913043,0.6632934682612698,0.0,0.0,0.0,No
-0.06521739130434782,0.21251149954001863,0.0,0.0,0.0,No
0.6304347826086957,0.6412143514259432,0.0,0.0,0.0,No
-0.10869565217391304,-0.28978840846366133,0.0,0.0,0.0,No
-0.5217391304347826,-0.9162833486660534,0.0,0.0,0.0,No
-0.30434782608695654,-0.9264029438822448,0.0,0.0,0.0,Yes
0.021739130434782608,-0.9319227230910763,0.0,0.0,0.0,No
0.5652173913043478,-0.07911683532658689,0.0,0.0,0.0,No
-0.08695652173913043,-0.6688132474701012,1.0,-1.0,1.0,Yes
-0.41304347826086957,0.40754369825207004,0.0,0.0,0.0,Yes
0.32608695652173914,-0.29990800367985276,1.0,-1.0,1.0,No
0.391304347826087,-0.21067157313707446,0.0,0.0,0.0,No
-0.34782608695652173,0.3311867525298988,0.0,0.0,0.0,Yes
0.43478260869565216,0.6918123275068999,0.0,0.0,0.0,Yes
0.7608695652173914,0.488500459981601,0.0,0.0,0.0,No
-0.6086956521739131,-0.9429622815087396,0.0,0.0,0.0,No
-0.1956521739130435,-0.37442502299908,0.0,0.0,0.0,No
0.17391304347826086,-0.4590616375344986,1.0,-1.0,1.0,No
0.021739130434782608,0.2778288868445264,0.0,0.0,0.0,No
0.1956521739130435,0.2529898804047838,0.0,0.0,0.0,No
-0.6086956521739131,0.07543698252069933,0.0,0.0,0.0,Yes
0.17391304347826086,-0.10303587856485731,0.0,0.0,0.0,Yes
0.5,-0.07543698252069908,1.0,-1.0,1.0,No
0.9130434782608695,0.12051517939282451,0.0,0.0,0.0,No
-0.06521739130434782,0.3578656853725852,0.0,0.0,0.0,Yes
0.8043478260869565,0.078196872125115,0.0,0.0,0.0,No
0.9347826086956522,0.8574057037718493,0.0,0.0,0.0,No
-0.08695652173913043,-0.546458141674333,1.0,-1.0,1.0,No
0.8695652173913043,0.8095676172953082,0.0,0.0,0.0,No
0.5217391304347826,-0.011959521619135079,0.0,0.0,0.0,No
-0.3695652173913043,0.46274149034038653,0.0,0.0,0.0,Yes
-0.06521739130434782,0.5206991720331189,0.0,0.0,0.0,No
-0.17391304347826086,-0.1600735970561177,0.0,0.0,0.0,No
-0.6086956521739131,0.3495860165593377,0.0,0.0,0.0,No
0.41304347826086957,0.46090156393744275,0.0,0.0,0.0,No
-0.06521739130434782,-0.6430542778288868,1.0,-1.0,1.0,No
0.6739130434782609,-0.9273229070837166,0.0,0.0,0.0,No
-0.2391304347826087,-0.9402023919043239,0.0,0.0,0.0,No
-0.41304347826086957,-0.7488500459981601,1.0,-1.0,1.0,Yes
-0.5217391304347826,0.26034958601655944,0.0,0.0,0.0,Yes
-0.5434782608695652,-0.9190432382704692,0.0,0.0,0.0,No
0.782608695652174,-0.8390064397424103,0.0,0.0,0.0,No
0.8913043478260869,-0.8279668813247469,0.0,0.0,0.0,No
-0.2391304347826087,0.37442502299908026,0.0,0.0,0.0,Yes
0.717391304347826,-0.9264029438822448,0.0,0.0,0.0,No
0.8043478260869565,-0.19503219871205144,0.0,0.0,0.0,No
0.782608695652174,0.22355105795768182,0.0,0.0,0.0,No
-0.5652173913043478,-0.000919963201471889,0.0,0.0,0.0,Yes
0.10869565217391304,-0.9199632014719411,0.0,0.0,0.0,No
-0.2826086956521739,0.376264949402024,0.0,0.0,0.0,No
0.5434782608695652,0.6182152713891447,0.0,0.0,0.0,Yes
0.45652173913043476,0.6366145354185835,0.0,0.0,0.0,No
0.9130434782608695,0.6421343146274151,0.0,0.0,0.0,No
-0.41304347826086957,0.08095676172953094,0.0,0.0,0.0,Yes
-0.6086956521739131,-0.35970561177552896,0.0,0.0,0.0,Yes
-0.2391304347826087,-0.8574057037718491,0.0,0.0,0.0,No
-0.5434782608695652,-0.1665133394664213,0.0,0.0,0.0,No
0.6304347826086957,0.10027598896044164,0.0,0.0,0.0,No
0.5869565217391305,0.5087396504139836,0.0,0.0,0.0,No
-0.5869565217391305,0.18215271389144447,0.0,0.0,0.0,Yes
0.06521739130434782,0.15731370745170214,0.0,0.0,0.0,Yes
0.5869565217391305,-0.3376264949402023,1.0,-1.0,1.0,No
0.15217391304347827,0.2649494020239192,0.0,0.0,0.0,Yes
-0.5434782608695652,-0.1094756209751608,0.0,0.0,0.0,No
0.5217391304347826,0.2778288868445264,0.0,0.0,0.0,Yes
-0.41304347826086957,-0.45170193192272307,0.0,0.0,0.0,No
-0.5434782608695652,-0.733210671573137,1.0,-1.0,1.0,No
-0.6086956521739131,-0.9282428702851886,0.0,0.0,0.0,Yes
0.4782608695652174,-0.02207911683532638,0.0,0.0,0.0,No
-0.3695652173913043,0.5354185832566699,0.0,0.0,0.0,Yes
-0.5,-0.3882244710211591,1.0,-1.0,1.0,No
0.7391304347826086,-0.5703771849126035,1.0,-1.0,1.0,No
-0.6086956521739131,0.004599816007359706,0.0,0.0,0.0,Yes
0.41304347826086957,0.6393744250229991,0.0,0.0,0.0,No
-0.5217391304347826,0.19595216191352358,0.0,0.0,0.0,Yes
0.13043478260869565,-0.9245630174793008,0.0,0.0,0.0,No
-0.5,0.2667893284268629,0.0,0.0,0.0,Yes
-0.5869565217391305,-0.9310027598896045,0.0,0.0,0.0,No
0.45652173913043476,-0.9310027598896045,0.0,0.0,0.0,No
0.08695652173913043,0.0009199632014721504,0.0,0.0,0.0,No
0.043478260869565216,-0.9181232750689972,0.0,0.0,0.0,No
-0.43478260869565216,-0.9199632014719411,0.0,0.0,0.0,No
0.5434782608695652,0.2916283348666055,0.0,0.0,0.0,No
0.3695652173913043,0.46550137994480245,0.0,0.0,0.0,No
0.10869565217391304,0.6154553817847287,0.0,0.0,0.0,No
0.9130434782608695,0.4940202391904326,0.0,0.0,0.0,No
0.7391304347826086,-0.12511499540018395,0.0,0.0,0.0,No
0.4782608695652174,-0.8353265869365225,0.0,0.0,0.0,No
-0.06521739130434782,0.3459061637534501,0.0,0.0,0.0,Yes
0.7608695652173914,0.5271389144434224,0.0,0.0,0.0,No
-0.6086956521739131,-0.8380864765409384,1.0,-1.0,1.0,Yes
0.6956521739130435,0.27966881324747017,0.0,0.0,0.0,No
-0.30434782608695654,0.4351425942962283,0.0,0.0,0.0,No
0.7608695652173914,0.6494940202391907,0.0,0.0,0.0,Yes
-0.2391304347826087,-0.36890524379024836,0.0,0.0,0.0,No
0.6086956521739131,0.4535418583256671,0.0,0.0,0.0,No
-0.32608695652173914,-0.1646734130634774,0.0,0.0,0.0,No
-0.2391304347826087,0.18767249310027606,0.0,0.0,0.0,No
0.9347826086956522,0.14995400183992652,0.0,0.0,0.0,No
0.8913043478260869,0.8086476540938364,0.0,0.0,0.0,No
0.1956521739130435,-0.9254829806807728,0.0,0.0,0.0,No
0.8478260869565217,-0.14167433302667887,0.0,0.0,0.0,No
-0.34782608695652173,0.19319227230910765,0.0,0.0,0.0,Yes
0.782608695652174,0.4112235510579579,0.0,0.0,0.0,No
0.021739130434782608,0.5538178472861087,0.0,0.0,0.0,No
0.4782608695652174,0.08923643054277845,0.0,0.0,0.0,No
0.043478260869565216,0.2649494020239192,0.0,0.0,0.0,No
-0.43478260869565216,0.3514259429622817,0.0,0.0,0.0,Yes
0.9347826086956522,0.16835326586936536,0.0,0.0,0.0,No
-0.41304347826086957,0.033118675252990094,0.0,0.0,0.0,Yes
0.17391304347826086,-0.9300827966881325,0.0,0.0,0.0,No
-0.5869565217391305,0.11131554737810509,0.0,0.0,0.0,Yes
0.5652173913043478,0.5620975160993563,0.0,0.0,0.0,No
0.08695652173913043,0.45906163753449875,0.0,0.0,0.0,No
0.3695652173913043,0.37902483900643996,0.0,0.0,0.0,No
-0.6086956521739131,-0.2916283348666053,0.0,0.0,0.0,No
-0.1956521739130435,-0.1609935602575896,0.0,0.0,0.0,Yes
-0.43478260869565216,0.17571297148114098,0.0,0.0,0.0,Yes
0.06521739130434782,0.47470101195952186,0.0,0.0,0.0,Yes
-0.21739130434782608,-0.3817847286108555,0.0,0.0,0.0,No
0.8913043478260869,-0.09291628334866602,0.0,0.0,0.0,Yes
0.6956521739130435,-0.8344066237350506,0.0,0.0,0.0,No
-0.06521739130434782,-0.45814167433302655,0.0,0.0,0.0,No
0.34782608695652173,0.6881324747010121,0.0,0.0,0.0,No
0.717391304347826,0.344986200551978,0.0,0.0,0.0,No
-0.6086956521739131,-0.9328426862925483,0.0,0.0,0.0,Yes
-0.5652173913043478,-0.4710211591536338,0.0,0.0,0.0,No
0.2608695652173913,0.5749770009199633,0.0,0.0,0.0,No
0.8260869565217391,0.6034958601655936,0.0,0.0,0.0,No
-0.6086956521739131,0.2631094756209754,0.0,0.0,0.0,Yes
0.9130434782608695,0.46550137994480245,0.0,0.0,0.0,No
0.17391304347826086,0.08739650413983442,0.0,0.0,0.0,No
0.6739130434782609,-0.1655933762649493,0.0,0.0,0.0,No
-0.6086956521739131,-0.014719411223551008,0.0,0.0,0.0,Yes
-0.5,-0.9319227230910763,0.0,0.0,0.0,No
-0.34782608695652173,-0.7230910763569457,1.0,-1.0,1.0,Yes
-0.391304347826087,-0.35602575896964117,0.0,0.0,0.0,No
-0.4782608695652174,-0.35602575896964117,0.0,0.0,0.0,Yes
-0.41304347826086957,0.3403863845446182,0.0,0.0,0.0,No
0.10869565217391304,-0.9254829806807728,0.0,0.0,0.0,No
0.717391304347826,-0.09659613615455383,0.0,0.0,0.0,No
0.7608695652173914,-0.003679852805887556,0.0,0.0,0.0,No
-0.6086956521739131,-0.4783808647654093,0.0,0.0,0.0,Yes
-0.08695652173913043,-0.9126034958601655,0.0,0.0,0.0,No
-0.06521739130434782,-0.26310947562097514,0.0,0.0,0.0,No
-0.41304347826086957,-0.9273229070837166,0.0,0.0,0.0,No
0.5217391304347826,0.5197792088316467,0.0,0.0,0.0,No
-0.4782608695652174,0.17203311867525317,0.0,0.0,0.0,Yes
0.08695652173913043,0.15915363385464593,0.0,0.0,0.0,No
0.9130434782608695,0.3514259429622817,0.0,0.0,0.0,No
0.0,0.07083716651333963,0.0,0.0,0.0,No
-0.10869565217391304,0.19595216191352358,0.0,0.0,0.0,No
-0.1956521739130435,-0.3817847286108555,0.0,0.0,0.0,No
-0.6086956521739131,0.2621895124195032,0.0,0.0,0.0,No
0.5434782608695652,-0.28242870285188587,0.0,0.0,0.0,Yes
-0.5217391304347826,0.2667893284268629,0.0,0.0,0.0,Yes
0.9347826086956522,0.2548298068077279,0.0,0.0,0.0,No
0.5,0.6614535418583258,0.0,0.0,0.0,No
-0.43478260869565216,-0.023919043238270418,0.0,0.0,0.0,No
-0.6086956521739131,-0.4590616375344986,0.0,0.0,0.0,No
-0.6086956521739131,0.06071757129714833,0.0,0.0,0.0,Yes
0.08695652173913043,0.06531738730450803,0.0,0.0,0.0,Yes
0.5652173913043478,0.1361545538178474,0.0,0.0,0.0,Yes
0.8695652173913043,0.5335786568537259,0.0,0.0,0.0,No
-0.6086956521739131,-0.3606255749770009,0.0,0.0,0.0,No
0.5434782608695652,0.3081876724931003,0.0,0.0,0.0,No
0.08695652173913043,-0.9236430542778289,0.0,0.0,0.0,No
0.34782608695652173,0.5216191352345908,0.0,0.0,0.0,No
-0.391304347826087,-0.8307267709291628,1.0,-1.0,1.0,No
-0.5,-0.2695492180312786,0.0,0.0,0.0,No
-0.17391304347826086,-0.09199632014719412,0.0,0.0,0.0,No
0.782608695652174,-0.828886844526219,0.0,0.0,0.0,No
-0.5,0.2575896964121435,0.0,0.0,0.0,Yes
-0.45652173913043476,0.268629254829807,0.0,0.0,0.0,Yes
-0.391304347826087,0.06439742410303588,0.0,0.0,0.0,Yes
0.30434782608695654,-0.8482060717571297,0.0,0.0,0.0,No
0.43478260869565216,-0.34130634774609014,1.0,-1.0,1.0,Yes
-0.6086956521739131,-0.4480220791168353,0.0,0.0,0.0,Yes
-0.30434782608695654,0.16651333946642158,0.0,0.0,0.0,Yes
0.6739130434782609,-0.18123275068997233,0.0,0.0,0.0,No
-0.2608695652173913,-0.8325666973321066,1.0,-1.0,1.0,No
-0.2826086956521739,0.026678932842686347,0.0,0.0,0.0,Yes
0.13043478260869565,-0.9254829806807728,0.0,0.0,0.0,No
0.32608695652173914,0.332106715731371,0.0,0.0,0.0,Yes
-0.3695652173913043,-0.7378104875804967,1.0,-1.0,1.0,No
-0.6086956521739131,-0.9227230910763569,0.0,0.0,0.0,No
-0.021739130434782608,-0.19227230910763562,0.0,0.0,0.0,No
0.8913043478260869,-0.8316467341306348,0.0,0.0,0.0,No
-0.5217391304347826,-0.4480220791168353,0.0,0.0,0.0,Yes
-0.2391304347826087,0.5694572217111317,0.0,0.0,0.0,No
0.8913043478260869,0.1214351425942964,0.0,0.0,0.0,No
-0.43478260869565216,-0.27690892364305425,0.0,0.0,0.0,No
0.8260869565217391,0.4066237350505982,0.0,0.0,0.0,No
-0.6086956521739131,-0.4029438822447101,0.0,0.0,0.0,No
-0.2391304347826087,-0.9383624655013799,0.0,0.0,0.0,No
-0.5434782608695652,-0.342226310947562,0.0,0.0,0.0,Yes
0.9130434782608695,0.30082796688132496,0.0,0.0,0.0,No
0.021739130434782608,0.44250229990800394,0.0,0.0,0.0,Yes
-0.6086956521739131,-0.2695492180312786,0.0,0.0,0.0,No
0.5652173913043478,0.25574977000919974,0.0,0.0,0.0,No
0.6521739130434783,-0.10487580496780109,0.0,0.0,0.0,No
-0.6086956521739131,-0.003679852805887556,0.0,0.0,0.0,Yes
-0.4782608695652174,-0.02115915363385449,0.0,0.0,0.0,No
0.34782608695652173,-0.28886844526218947,0.0,0.0,0.0,No
0.5434782608695652,-0.8390064397424103,0.0,0.0,0.0,No
0.4782608695652174,-0.8537258509659613,0.0,0.0,0.0,No
0.9347826086956522,0.6375344986200554,0.0,0.0,0.0,No
0.32608695652173914,-0.19319227230910752,0.0,0.0,0.0,No
-0.5869565217391305,-0.9254829806807728,0.0,0.0,0.0,No
0.8043478260869565,0.40110395584176656,0.0,0.0,0.0,No
0.8478260869565217,-0.47010119595216193,1.0,-1.0,1.0,No
0.043478260869565216,-0.9098436062557498,0.0,0.0,0.0,No
-0.17391304347826086,0.46090156393744275,0.0,0.0,0.0,No
-0.17391304347826086,0.18399264029438825,0.0,0.0,0.0,No
0.5652173913043478,0.2713891444342227,0.0,0.0,0.0,No
-0.43478260869565216,-0.6559337626494939,1.0,-1.0,1.0,Yes
0.9130434782608695,0.8224471021159155,0.0,0.0,0.0,No
-0.6086956521739131,0.19779208831646736,0.0,0.0,0.0,Yes
-0.15217391304347827,-0.9273229070837166,0.0,0.0,0.0,No
-0.6086956521739131,-0.9162833486660534,0.0,0.0,0.0,Yes
0.6956521739130435,0.6669733210671573,0.0,0.0,0.0,Yes
0.8260869565217391,0.29070837166513364,0.0,0.0,0.0,No
-0.32608695652173914,0.15639374425023,0.0,0.0,0.0,No
0.6521739130434783,0.6697332106715733,0.0,0.0,0.0,Yes
-0.17391304347826086,0.298068077276909,0.0,0.0,0.0,No
-0.5434782608695652,-0.514259429622815,1.0,-1.0,1.0,No
-0.5652173913043478,0.3514259429622817,0.0,0.0,0.0,Yes
0.8913043478260869,-0.8482060717571297,0.0,0.0,0.0,No
-0.5652173913043478,0.5068997240110398,0.0,0.0,0.0,Yes
-0.17391304347826086,-0.9172033118675252,0.0,0.0,0.0,No
-0.1956521739130435,-0.9337626494940202,0.0,0.0,0.0,No
-0.15217391304347827,-0.9218031278748849,0.0,0.0,0.0,No
-0.6086956521739131,-0.2695492180312786,0.0,0.0,0.0,Yes
0.7391304347826086,-0.9153633854645814,0.0,0.0,0.0,No
0.8913043478260869,-0.9300827966881325,0.0,0.0,0.0,No
-0.34782608695652173,0.17387304507819695,0.0,0.0,0.0,Yes
-0.5217391304347826,0.18123275068997258,0.0,0.0,0.0,No
0.9347826086956522,0.8472861085556581,0.0,0.0,0.0,No
-0.34782608695652173,-0.7120515179392825,1.0,-1.0,1.0,No
0.6956521739130435,0.43790248390064423,0.0,0.0,0.0,No
-0.6086956521739131,-0.9144434222631095,0.0,0.0,0.0,No
0.5869565217391305,0.11959521619135235,0.0,0.0,0.0,No
-0.5434782608695652,-0.9236430542778289,0.0,0.0,0.0,No
0.13043478260869565,-0.27782888684452617,0.0,0.0,0.0,No
-0.2391304347826087,-0.5758969641214351,1.0,-1.0,1.0,Yes
0.9347826086956522,0.21711131554737834,0.0,0.0,0.0,No
0.43478260869565216,0.6007359705611777,0.0,0.0,0.0,No
0.32608695652173914,0.4553817847286109,0.0,0.0,0.0,No
-0.5652173913043478,0.24931002759889628,0.0,0.0,0.0,Yes
0.17391304347826086,0.45630174793008305,0.0,0.0,0.0,No
0.6956521739130435,0.17387304507819695,0.0,0.0,0.0,No
0.8913043478260869,0.08187672493100281,0.0,0.0,0.0,No
-0.6086956521739131,-0.009199632014719412,0.0,0.0,0.0,Yes
0.2608695652173913,-0.9181232750689972,0.0,0.0,0.0,No
0.8913043478260869,0.1471941122355106,0.0,0.0,0.0,No
-0.6086956521739131,-0.3091076356945722,0.0,0.0,0.0,Yes
0.4782608695652174,-0.9429622815087396,0.0,0.0,0.0,No
0.2826086956521739,-0.9264029438822448,0.0,0.0,0.0,No
0.8913043478260869,0.43330266789328453,0.0,0.0,0.0,Yes
0.41304347826086957,-0.9273229070837166,0.0,0.0,0.0,No
0.8478260869565217,0.7874885004599819,0.0,0.0,0.0,Yes
0.41304347826086957,-0.8528058877644894,0.0,0.0,0.0,No
-0.06521739130434782,0.268629254829807,0.0,0.0,0.0,Yes
-0.391304347826087,0.18675252989880417,0.0,0.0,0.0,Yes
-0.6086956521739131,-0.939282428702852,0.0,0.0,0.0,Yes
-0.043478260869565216,-0.9420423183072677,0.0,0.0,0.0,No
0.3695652173913043,0.38546458141674345,0.0,0.0,0.0,No
-0.6086956521739131,-0.3808647654093836,0.0,0.0,0.0,Yes
0.3695652173913043,-0.29438822447102103,0.0,0.0,0.0,Yes
-0.08695652173913043,-0.9420423183072677,0.0,0.0,0.0,No
-0.5434782608695652,0.3330266789328429,0.0,0.0,0.0,Yes
-0.34782608695652173,-0.9310027598896045,0.0,0.0,0.0,No
0.043478260869565216,0.09475620975161005,0.0,0.0,0.0,No
-0.13043478260869565,0.24655013799448036,0.0,0.0,0.0,No
-0.5869565217391305,-0.937442502299908,0.0,0.0,0.0,No
0.782608695652174,-0.8068077276908924,0.0,0.0,0.0,No
-0.15217391304347827,0.3707451701931924,0.0,0.0,0.0,Yes
0.5652173913043478,-0.9420423183072677,0.0,0.0,0.0,No
-0.43478260869565216,0.4507819687212512,0.0,0.0,0.0,Yes
-0.4782608695652174,-0.007359705611775373,0.0,0.0,0.0,Yes
0.13043478260869565,-0.5418583256669733,1.0,-1.0,1.0,No
-0.5,0.18215271389144447,0.0,0.0,0.0,No
-0.6086956521739131,-0.4001839926402943,0.0,0.0,0.0,Yes
-0.2608695652173913,0.008279668813247524,0.0,0.0,0.0,No
-0.41304347826086957,-0.18675252989880392,0.0,0.0,0.0,No
-0.30434782608695654,-0.27874885004599803,0.0,0.0,0.0,No
0.2391304347826087,-0.26770929162833484,1.0,-1.0,1.0,Yes
-0.34782608695652173,-0.29806807727690887,0.0,0.0,0.0,No
0.0,0.1803127874885007,0.0,0.0,0.0,Yes
-0.5652173913043478,0.09475620975161005,0.0,0.0,0.0,Yes
0.6304347826086957,0.5528978840846369,0.0,0.0,0.0,No
0.34782608695652173,-0.1435142594296228,0.0,0.0,0.0,No
0.9347826086956522,0.0018399264029440392,0.0,0.0,0.0,No
0.8478260869565217,0.2787488500459983,0.0,0.0,0.0,No
-0.6086956521739131,-0.9227230910763569,0.0,0.0,0.0,Yes
0.1956521739130435,-0.2916283348666053,0.0,0.0,0.0,No
-0.5869565217391305,-0.9126034958601655,0.0,0.0,0.0,No
-0.391304347826087,-0.9199632014719411,0.0,0.0,0.0,No
-0.1956521739130435,0.3799448022079118,0.0,0.0,0.0,No
0.9347826086956522,0.6338546458141675,0.0,0.0,0.0,No
-0.5652173913043478,0.08095676172953094,0.0,0.0,0.0,Yes
-0.13043478260869565,0.6200551977920884,0.0,0.0,0.0,Yes
0.2391304347826087,-0.3541858325666972,0.0,0.0,0.0,No
0.717391304347826,0.3578656853725852,0.0,0.0,0.0,No
-0.15217391304347827,-0.9162833486660534,0.0,0.0,0.0,No
-0.391304347826087,-0.11591536338546454,0.0,0.0,0.0,No
-0.4782608695652174,0.0827966881324747,0.0,0.0,0.0,No
-0.34782608695652173,0.48390064397424126,0.0,0.0,0.0,Yes
-0.6086956521739131,-0.9254829806807728,0.0,0.0,0.0,Yes
0.21739130434782608,0.6090156393744253,0.0,0.0,0.0,Yes
-0.5652173913043478,-0.8344066237350506,1.0,-1.0,1.0,No
0.6304347826086957,-0.9208831646734131,0.0,0.0,0.0,No
-0.5,-0.8095676172953081,0.0,0.0,0.0,No
-0.6086956521739131,-0.9282428702851886,0.0,0.0,0.0,Yes
-0.15217391304347827,-0.28794848206071744,0.0,0.0,0.0,No
-0.32608695652173914,-0.44158233670653163,1.0,-1.0,1.0,Yes
0.7608695652173914,0.3661453541858327,0.0,0.0,0.0,No
-0.6086956521739131,-0.9273229070837166,0.0,0.0,0.0,Yes
-0.5,-0.9144434222631095,0.0,0.0,0.0,No
-0.6086956521739131,0.1701931922723091,0.0,0.0,0.0,Yes
0.21739130434782608,-0.8261269549218031,0.0,0.0,0.0,No
-0.1956521739130435,-0.9356025758969642,0.0,0.0,0.0,No
-0.6086956521739131,0.10211591536338568,0.0,0.0,0.0,Yes
-0.6086956521739131,0.10763569457221728,0.0,0.0,0.0,Yes
0.7608695652173914,-0.07727690892364285,0.0,0.0,0.0,No
-0.6086956521739131,-0.9402023919043239,0.0,0.0,0.0,Yes
0.3695652173913043,-0.02299908003679853,0.0,0.0,0.0,No
-0.021739130434782608,-0.5749770009199632,1.0,-1.0,1.0,No
0.08695652173913043,-0.9254829806807728,0.0,0.0,0.0,No
0.21739130434782608,-0.19411223551057954,0.0,0.0,0.0,No
0.2826086956521739,0.25666973321067166,0.0,0.0,0.0,Yes
-0.6086956521739131,-0.4001839926402943,0.0,0.0,0.0,No
-0.4782608695652174,0.15915363385464593,0.0,0.0,0.0,Yes
0.8913043478260869,0.6439742410303588,0.0,0.0,0.0,No
0.782608695652174,-0.8325666973321066,0.0,0.0,0.0,No
-0.6086956521739131,-0.3790248390064397,0.0,0.0,0.0,No
-0.2391304347826087,0.4489420423183074,0.0,0.0,0.0,No
-0.10869565217391304,0.4167433302667895,0.0,0.0,0.0,No
0.7391304347826086,0.028518859245630388,0.0,0.0,0.0,No
0.32608695652173914,0.1324747010119596,0.0,0.0,0.0,No
-0.5434782608695652,-0.9291628334866605,0.0,0.0,0.0,No
-0.6086956521739131,-0.001839926402943778,0.0,0.0,0.0,Yes
0.17391304347826086,0.4581416743330268,0.0,0.0,0.0,No
-0.41304347826086957,0.2621895124195032,0.0,0.0,0.0,Yes
0.10869565217391304,-0.8334866605335787,1.0,-1.0,1.0,No
0.13043478260869565,-0.3164673413063477,1.0,-1.0,1.0,No
-0.5434782608695652,-0.9236430542778289,0.0,0.0,0.0,No
0.21739130434782608,0.5685372585096597,0.0,0.0,0.0,No
0.30434782608695654,0.5556577736890526,0.0,0.0,0.0,No
-0.2608695652173913,-0.8509659613615455,0.0,0.0,0.0,Yes
0.6956521739130435,-0.828886844526219,0.0,0.0,0.0,No
0.43478260869565216,0.026678932842686347,0.0,0.0,0.0,No
-0.5434782608695652,-0.9319227230910763,0.0,0.0,0.0,No
0.7608695652173914,-0.3771849126034958,1.0,-1.0,1.0,No
-0.5652173913043478,-0.013799448022079119,0.0,0.0,0.0,No
-0.6086956521739131,-0.9310027598896045,0.0,0.0,0.0,No
0.2391304347826087,0.19227230910763576,0.0,0.0,0.0,No
-0.6086956521739131,-0.19043238270469173,0.0,0.0,0.0,Yes
-0.45652173913043476,0.298068077276909,0.0,0.0,0.0,Yes
-0.6086956521739131,-0.9107635694572217,0.0,0.0,0.0,Yes
0.10869565217391304,-0.11315547378104861,0.0,0.0,0.0,No
-0.6086956521739131,-0.6504139834406624,1.0,-1.0,1.0,No
0.21739130434782608,-0.3606255749770009,1.0,-1.0,1.0,Yes
0.6304347826086957,0.6467341306347748,0.0,0.0,0.0,Yes
0.34782608695652173,-0.9411223551057957,0.0,0.0,0.0,No
-0.5,0.2723091076356948,0.0,0.0,0.0,Yes
0.30434782608695654,0.37350505979760834,0.0,0.0,0.0,No
0.2608695652173913,-0.9264029438822448,0.0,0.0,0.0,No
-0.5217391304347826,0.07911683532658716,0.0,0.0,0.0,No
0.9347826086956522,-0.16835326586936508,1.0,-1.0,1.0,No
-0.5434782608695652,-0.9273229070837166,0.0,0.0,0.0,No
-0.43478260869565216,-0.28610855565777366,0.0,0.0,0.0,No
0.9347826086956522,0.05703771849126051,0.0,0.0,0.0,No
0.08695652173913043,-0.34774609015639363,0.0,0.0,0.0,No
0.9347826086956522,0.18583256669733228,0.0,0.0,0.0,No
-0.15217391304347827,-0.29714811407543684,0.0,0.0,0.0,Yes
0.8913043478260869,0.72033118675253,0.0,0.0,0.0,Yes
-0.17391304347826086,0.6264949402023922,0.0,0.0,0.0,Yes
-0.30434782608695654,0.27506899724011047,0.0,0.0,0.0,No
0.0,0.16467341306347752,0.0,0.0,0.0,No
-0.30434782608695654,0.11315547378104887,0.0,0.0,0.0,No
0.9130434782608695,0.6393744250229991,0.0,0.0,0.0,Yes
0.9347826086956522,-0.8270469181232751,0.0,0.0,0.0,No
-0.21739130434782608,0.3035878564857406,0.0,0.0,0.0,No
-0.6086956521739131,-0.9328426862925483,0.0,0.0,0.0,No
-0.6086956521739131,0.09843606255749787,0.0,0.0,0.0,Yes
-0.5869565217391305,-0.45630174793008277,0.0,0.0,0.0,No
-0.391304347826087,0.1425942962281509,0.0,0.0,0.0,No
-0.3695652173913043,-0.939282428702852,0.0,0.0,0.0,No
0.8913043478260869,0.7387304507819689,0.0,0.0,0.0,No
-0.1956521739130435,0.376264949402024,0.0,0.0,0.0,Yes
-0.13043478260869565,-0.9208831646734131,0.0,0.0,0.0,No
0.43478260869565216,0.20239190432382706,0.0,0.0,0.0,No
-0.5434782608695652,0.5078196872125117,0.0,0.0,0.0,Yes
0.06521739130434782,0.6954921803127878,0.0,0.0,0.0,Yes
-0.5869565217391305,-0.27690892364305425,0.0,0.0,0.0,No
0.8695652173913043,-0.25390984360625574,1.0,-1.0,1.0,No
-0.5,0.18675252989880417,0.0,0.0,0.0,Yes
-0.10869565217391304,-0.9319227230910763,0.0,0.0,0.0,No
0.06521739130434782,0.6200551977920884,0.0,0.0,0.0,No
-0.043478260869565216,-0.3219871205151793,0.0,0.0,0.0,No
-0.043478260869565216,0.6246550137994481,0.0,0.0,0.0,Yes
0.6304347826086957,0.1895124195032201,0.0,0.0,0.0,No
-0.6086956521739131,0.018399264029438825,0.0,0.0,0.0,Yes
-0.2391304347826087,-0.8408463661453542,0.0,0.0,0.0,No
0.391304347826087,-0.9024839006439743,0.0,0.0,0.0,No
0.8913043478260869,0.7332106715731374,0.0,0.0,0.0,No
-0.34782608695652173,0.3505059797608098,0.0,0.0,0.0,Yes
0.15217391304347827,-0.35510579576816925,0.0,0.0,0.0,No
0.8260869565217391,-0.9300827966881325,0.0,0.0,0.0,No
-0.41304347826086957,-0.9282428702851886,0.0,0.0,0.0,No
-0.21739130434782608,0.31186752529898815,0.0,0.0,0.0,No
0.9130434782608695,-0.9291628334866605,0.0,0.0,0.0,No
0.9347826086956522,0.3505059797608098,0.0,0.0,0.0,No
0.41304347826086957,-0.9264029438822448,0.0,0.0,0.0,No
-0.6086956521739131,-0.9254829806807728,0.0,0.0,0.0,No
-0.2391304347826087,0.23735050597976093,0.0,0.0,0.0,No
-0.6086956521739131,-0.9153633854645814,0.0,0.0,0.0,Yes
0.8260869565217391,0.5988960441582339,0.0,0.0,0.0,No
0.8695652173913043,-0.5749770009199632,1.0,-1.0,1.0,No
-0.21739130434782608,0.5446182152713893,0.0,0.0,0.0,Yes
0.9347826086956522,0.8123275068997242,0.0,0.0,0.0,No
0.1956521739130435,-0.9227230910763569,0.0,0.0,0.0,No
0.2391304347826087,-0.26770929162833484,0.0,0.0,0.0,No
0.6956521739130435,-0.8491260349586016,0.0,0.0,0.0,No
-0.41304347826086957,0.19595216191352358,0.0,0.0,0.0,Yes
0.06521739130434782,0.04507819687212517,0.0,0.0,0.0,No
-0.17391304347826086,0.5427782888684454,0.0,0.0,0.0,No
0.6521739130434783,0.5363385464581418,0.0,0.0,0.0,No
-0.34782608695652173,-0.003679852805887556,0.0,0.0,0.0,Yes
0.391304347826087,-0.9218031278748849,0.0,0.0,0.0,No
0.8695652173913043,-0.8160073597056118,0.0,0.0,0.0,No
-0.5869565217391305,-0.9282428702851886,0.0,0.0,0.0,No
-0.15217391304347827,-0.9438822447102116,0.0,0.0,0.0,No
-0.30434782608695654,0.48114075436982534,0.0,0.0,0.0,No
0.5217391304347826,-0.9291628334866605,0.0,0.0,0.0,No
-0.021739130434782608,-0.8215271389144434,0.0,0.0,0.0,No
-0.15217391304347827,-0.9208831646734131,0.0,0.0,0.0,No
-0.6086956521739131,-0.003679852805887556,0.0,0.0,0.0,Yes
-0.2826086956521739,0.39006439742410315,0.0,0.0,0.0,No
0.41304347826086957,-0.5694572217111316,1.0,-1.0,1.0,No
0.021739130434782608,0.6504139834406626,0.0,0.0,0.0,No
-0.5652173913043478,-0.001839926402943778,0.0,0.0,0.0,No
0.6086956521739131,0.4305427782888686,0.0,0.0,0.0,No
0.8478260869565217,0.48206071757129726,0.0,0.0,0.0,Yes
-0.13043478260869565,-0.19043238270469173,0.0,0.0,0.0,No
0.782608695652174,-0.19411223551057954,0.0,0.0,0.0,No
0.32608695652173914,0.37350505979760834,0.0,0.0,0.0,No
0.9130434782608695,0.7111315547378106,0.0,0.0,0.0,No
0.17391304347826086,-0.04139834406623735,0.0,0.0,0.0,No
-0.3695652173913043,-0.9190432382704692,0.0,0.0,0.0,No
0.8695652173913043,0.21343146274149052,0.0,0.0,0.0,No
0.13043478260869565,-0.18031278748850044,0.0,0.0,0.0,No
-0.5217391304347826,-0.08739650413983442,0.0,0.0,0.0,No
0.6304347826086957,0.22355105795768182,0.0,0.0,0.0,No
0.9347826086956522,0.219871205151794,0.0,0.0,0.0,No
0.9347826086956522,-0.040478380864765205,0.0,0.0,0.0,No
-0.6086956521739131,-0.9208831646734131,0.0,0.0,0.0,No
0.21739130434782608,0.46366145354185845,0.0,0.0,0.0,Yes
0.5217391304347826,-0.9227230910763569,0.0,0.0,0.0,No
-0.043478260869565216,0.346826126954922,0.0,0.0,0.0,No
-0.6086956521739131,-0.012879484820606968,0.0,0.0,0.0,Yes
-0.6086956521739131,0.34866605335786577,0.0,0.0,0.0,Yes
-0.2391304347826087,0.08187672493100281,0.0,0.0,0.0,No
0.3695652173913043,-0.9227230910763569,0.0,0.0,0.0,No
0.9347826086956522,0.2585096596136157,0.0,0.0,0.0,No
0.15217391304347827,0.31646734130634785,0.0,0.0,0.0,Yes
-0.5434782608695652,-0.8316467341306348,1.0,-1.0,1.0,No
-0.08695652173913043,-0.9300827966881325,0.0,0.0,0.0,No
0.2391304347826087,-0.3587856485740569,1.0,-1.0,1.0,No
0.7391304347826086,0.5896964121435145,0.0,0.0,0.0,No
-0.30434782608695654,0.47746090156393756,0.0,0.0,0.0,Yes
-0.32608695652173914,-0.2732290708371664,0.0,0.0,0.0,No
0.9347826086956522,0.7249310027598898,0.0,0.0,0.0,No
0.21739130434782608,0.6632934682612698,0.0,0.0,0.0,No
0.391304347826087,-0.19043238270469173,1.0,-1.0,1.0,No
-0.21739130434782608,0.33946642134314636,0.0,0.0,0.0,No
-0.5217391304347826,0.2732290708371667,0.0,0.0,0.0,Yes
-0.34782608695652173,-0.6485740570377184,1.0,-1.0,1.0,Yes
-0.2608695652173913,0.17847286108555666,0.0,0.0,0.0,No
0.10869565217391304,0.09567617295308194,0.0,0.0,0.0,No
0.2826086956521739,-0.38270469181232747,0.0,0.0,0.0,No
-0.5217391304347826,0.20147194112235517,0.0,0.0,0.0,Yes
0.9130434782608695,-0.8546458141674333,0.0,0.0,0.0,No
-0.21739130434782608,-0.07267709291628315,0.0,0.0,0.0,No
-0.5869565217391305,-0.9337626494940202,0.0,0.0,0.0,Yes
0.6086956521739131,-0.9484820607175714,0.0,0.0,0.0,No
0.9347826086956522,0.7000919963201475,0.0,0.0,0.0,No
-0.5,0.2870285188592458,0.0,0.0,0.0,No
-0.2608695652173913,0.2778288868445264,0.0,0.0,0.0,Yes
0.6956521739130435,0.1941122355105798,0.0,0.0,0.0,No
-0.6086956521739131,0.011959521619135341,0.0,0.0,0.0,Yes
0.41304347826086957,0.7626494940202393,0.0,0.0,0.0,No
-0.2826086956521739,-0.9153633854645814,0.0,0.0,0.0,No
-0.43478260869565216,0.27046918123275077,0.0,0.0,0.0,Yes
-0.5652173913043478,-0.4737810487580496,0.0,0.0,0.0,No
-0.6086956521739131,-0.4774609015639374,0.0,0.0,0.0,Yes
0.782608695652174,0.6393744250229991,0.0,0.0,0.0,No
0.8913043478260869,0.8242870285188595,0.0,0.0,0.0,No
0.6739130434782609,-0.19411223551057954,0.0,0.0,0.0,No
0.8695652173913043,-0.8104875804967802,0.0,0.0,0.0,No
0.13043478260869565,0.0036798528058878174,0.0,0.0,0.0,No
-0.15217391304347827,-0.9254829806807728,0.0,0.0,0.0,No
0.8043478260869565,0.17479300827966884,0.0,0.0,0.0,No
-0.6086956521739131,-0.000919963201471889,0.0,0.0,0.0,Yes
-0.6086956521739131,0.1655933762649494,0.0,0.0,0.0,Yes
0.10869565217391304,0.3624655013799449,0.0,0.0,0.0,No
0.9347826086956522,-0.8445262189512419,0.0,0.0,0.0,No
0.043478260869565216,-0.19135234590616362,1.0,-1.0,1.0,No
0.021739130434782608,-0.8279668813247469,0.0,0.0,0.0,No
-0.43478260869565216,0.376264949402024,0.0,0.0,0.0,Yes
-0.1956521739130435,0.0018399264029440392,0.0,0.0,0.0,Yes
-0.21739130434782608,-0.6632934682612696,1.0,-1.0,1.0,No
0.782608695652174,0.6384544618215272,0.0,0.0,0.0,No
0.021739130434782608,-0.939282428702852,0.0,0.0,0.0,No
-0.5,-0.9420423183072677,0.0,0.0,0.0,No
-0.5869565217391305,-0.34866605335786566,1.0,-1.0,1.0,No
0.5217391304347826,0.027598896044158237,0.0,0.0,0.0,No
-0.4782608695652174,0.09291628334866628,0.0,0.0,0.0,No
0.6956521739130435,-0.37994480220791155,0.0,0.0,0.0,No
0.8913043478260869,-0.4618215271389144,1.0,-1.0,1.0,Yes
-0.34782608695652173,0.15455381784728622,0.0,0.0,0.0,No
0.13043478260869565,0.20699172033118676,0.0,0.0,0.0,No
-0.5869565217391305,0.0009199632014721504,0.0,0.0,0.0,No
-0.5652173913043478,0.10027598896044164,0.0,0.0,0.0,Yes
-0.5652173913043478,0.10579576816927325,0.0,0.0,0.0,No
0.717391304347826,0.4351425942962283,0.0,0.0,0.0,No
0.9347826086956522,0.6182152713891447,0.0,0.0,0.0,No
0.7391304347826086,-0.9273229070837166,0.0,0.0,0.0,No
-0.1956521739130435,0.017479300827966934,0.0,0.0,0.0,Yes
0.13043478260869565,0.7442502299908005,0.0,0.0,0.0,No
-0.17391304347826086,-0.02299908003679853,0.0,0.0,0.0,Yes
0.717391304347826,0.4737810487580497,0.0,0.0,0.0,No
-0.30434782608695654,-0.39650413983440663,0.0,0.0,0.0,No
0.5652173913043478,-0.36430542778288866,0.0,0.0,0.0,No
-0.391304347826087,-0.4728610855565777,0.0,0.0,0.0,No
-0.2608695652173913,0.32934682612695504,0.0,0.0,0.0,Yes
0.6956521739130435,-0.936522539098436,0.0,0.0,0.0,No
0.9130434782608695,0.34866605335786577,0.0,0.0,0.0,No
-0.5869565217391305,-0.006439742410303484,0.0,0.0,0.0,Yes
0.13043478260869565,-0.9402023919043239,0.0,0.0,0.0,No
-0.2608695652173913,0.002759889604415928,0.0,0.0,0.0,No
-0.17391304347826086,0.49678012879484823,0.0,0.0,0.0,Yes
0.391304347826087,-0.9328426862925483,0.0,0.0,0.0,No
-0.5652173913043478,-0.9107635694572217,0.0,0.0,0.0,No
-0.5652173913043478,-0.9328426862925483,0.0,0.0,0.0,No
0.32608695652173914,-0.9383624655013799,0.0,0.0,0.0,No
-0.6086956521739131,-0.4848206071757129,0.0,0.0,0.0,No
0.32608695652173914,0.44250229990800394,0.0,0.0,0.0,No
-0.5217391304347826,-0.8178472861085556,0.0,0.0,0.0,Yes
-0.10869565217391304,-0.27046918123275066,0.0,0.0,0.0,Yes
-0.6086956521739131,-0.012879484820606968,0.0,0.0,0.0,Yes
-0.2391304347826087,0.09291628334866628,0.0,0.0,0.0,No
-0.41304347826086957,0.5565777368905245,0.0,0.0,0.0,Yes
0.782608695652174,0.011959521619135341,0.0,0.0,0.0,No
-0.6086956521739131,0.2879484820607177,0.0,0.0,0.0,Yes
0.5217391304347826,0.6734130634774611,0.0,0.0,0.0,Yes
-0.5652173913043478,-0.904323827046918,0.0,0.0,0.0,No
0.08695652173913043,-0.171113155473781,0.0,0.0,0.0,No
-0.5652173913043478,-0.749770009199632,1.0,-1.0,1.0,Yes
0.10869565217391304,0.17663293468261287,0.0,0.0,0.0,No
-0.32608695652173914,-0.9319227230910763,0.0,0.0,0.0,No
-0.34782608695652173,-0.9208831646734131,0.0,0.0,0.0,No
0.3695652173913043,-0.19227230910763562,1.0,-1.0,1.0,Yes
-0.13043478260869565,-0.8463661453541858,0.0,0.0,0.0,No
0.391304347826087,-0.9310027598896045,0.0,0.0,0.0,No
-0.2608695652173913,-0.36890524379024836,0.0,0.0,0.0,No
0.43478260869565216,0.4645814167433303,0.0,0.0,0.0,Yes
0.6521739130434783,-0.3698252069917203,1.0,-1.0,1.0,No
0.8695652173913043,0.2759889604415824,0.0,0.0,0.0,No
-0.391304347826087,-0.528978840846366,1.0,-1.0,1.0,Yes
-0.41304347826086957,-0.34406623735050595,0.0,0.0,0.0,No
-0.3695652173913043,-0.8528058877644894,0.0,0.0,0.0,No
0.34782608695652173,0.5611775528978842,0.0,0.0,0.0,Yes
0.21739130434782608,-0.19319227230910752,0.0,0.0,0.0,No
0.9130434782608695,-0.8261269549218031,0.0,0.0,0.0,No
0.9130434782608695,-0.8546458141674333,0.0,0.0,0.0,No
0.08695652173913043,-0.8500459981600736,0.0,0.0,0.0,No
0.8260869565217391,0.09843606255749787,0.0,0.0,0.0,No
0.17391304347826086,-0.5547378104875804,1.0,-1.0,1.0,Yes
0.43478260869565216,0.26034958601655944,0.0,0.0,0.0,Yes
-0.43478260869565216,-0.3587856485740569,0.0,0.0,0.0,No
0.5,0.390984360625575,0.0,0.0,0.0,No
0.8913043478260869,0.5252989880404787,0.0,0.0,0.0,No
-0.6086956521739131,0.2695492180312789,0.0,0.0,0.0,No
-0.32608695652173914,0.15823367065317404,0.0,0.0,0.0,Yes
-0.6086956521739131,-0.47930082796688134,0.0,0.0,0.0,No
-0.6086956521739131,-0.9227230910763569,0.0,0.0,0.0,Yes
0.5,0.18123275068997258,0.0,0.0,0.0,No
-0.5,-0.17387304507819681,0.0,0.0,0.0,No
-0.4782608695652174,-0.6651333946642134,1.0,-1.0,1.0,No
0.391304347826087,0.2732290708371667,0.0,0.0,0.0,Yes
-0.06521739130434782,0.30910763569457245,0.0,0.0,0.0,No
-0.08695652173913043,-0.29530818767249306,0.0,0.0,0.0,No
0.8695652173913043,-0.9429622815087396,0.0,0.0,0.0,No
0.9347826086956522,0.7801287948482063,0.0,0.0,0.0,No
-0.5434782608695652,-0.9273229070837166,0.0,0.0,0.0,No
0.6521739130434783,-0.9356025758969642,0.0,0.0,0.0,No
0.8260869565217391,-0.0883164673413063,0.0,0.0,0.0,No
-0.06521739130434782,0.15547378104875811,0.0,0.0,0.0,No
-0.043478260869565216,0.14443422263109493,0.0,0.0,0.0,No
0.9347826086956522,0.6421343146274151,0.0,0.0,0.0,No
-0.5,0.3477460901563939,0.0,0.0,0.0,No
0.717391304347826,-0.9144434222631095,0.0,0.0,0.0,No
-0.1956521739130435,-0.030358785648573902,0.0,0.0,0.0,No
-0.5,0.15271389144434244,0.0,0.0,0.0,No
0.4782608695652174,-0.8390064397424103,0.0,0.0,0.0,No
0.6956521739130435,-0.9310027598896045,0.0,0.0,0.0,No
0.717391304347826,0.344986200551978,0.0,0.0,0.0,No
0.9347826086956522,0.2640294388224473,0.0,0.0,0.0,No
-0.34782608695652173,0.5087396504139836,0.0,0.0,0.0,Yes
-0.5217391304347826,0.4434222631094758,0.0,0.0,0.0,Yes
-0.5652173913043478,0.6375344986200554,0.0,0.0,0.0,Yes
-0.06521739130434782,0.4323827046918124,0.0,0.0,0.0,Yes
-0.34782608695652173,-0.19227230910763562,0.0,0.0,0.0,No
0.1956521739130435,-0.9273229070837166,0.0,0.0,0.0,No
-0.45652173913043476,0.25114995400184004,0.0,0.0,0.0,Yes
0.10869565217391304,0.7092916283348669,0.0,0.0,0.0,No
-0.2391304347826087,-0.6761729530818766,1.0,-1.0,1.0,No
0.5869565217391305,0.2851885924563018,0.0,0.0,0.0,No
0.15217391304347827,-0.6531738730450781,1.0,-1.0,1.0,No
-0.43478260869565216,-0.3974241030358785,1.0,-1.0,1.0,Yes
-0.6086956521739131,0.2667893284268629,0.0,0.0,0.0,Yes
-0.3695652173913043,-0.2520699172033118,0.0,0.0,0.0,Yes
0.6086956521739131,0.45906163753449875,0.0,0.0,0.0,No
0.2826086956521739,0.06531738730450803,0.0,0.0,0.0,Yes
0.08695652173913043,-0.84360625574977,0.0,0.0,0.0,Yes
0.8913043478260869,0.2621895124195032,0.0,0.0,0.0,No
0.8478260869565217,-0.46734130634774596,1.0,-1.0,1.0,No
-0.6086956521739131,-0.8399264029438822,1.0,-1.0,1.0,No
0.17391304347826086,0.5510579576816929,0.0,0.0,0.0,No
-0.5434782608695652,-0.8261269549218031,0.0,0.0,0.0,No
-0.6086956521739131,-0.36154553817847274,0.0,0.0,0.0,No
-0.1956521739130435,-0.28242870285188587,1.0,-1.0,1.0,No
0.9347826086956522,-0.035878564857405496,0.0,0.0,0.0,No
0.043478260869565216,0.35970561177552923,0.0,0.0,0.0,Yes
-0.2391304347826087,0.1508739650413984,0.0,0.0,0.0,Yes
-0.391304347826087,-0.28150873965041395,0.0,0.0,0.0,No
0.08695652173913043,-0.9300827966881325,0.0,0.0,0.0,No
0.717391304347826,0.2594296228150876,0.0,0.0,0.0,No
-0.6086956521739131,-0.6338546458141674,1.0,-1.0,1.0,No
-0.2826086956521739,0.19135234590616387,0.0,0.0,0.0,No
-0.15217391304347827,0.15271389144434244,0.0,0.0,0.0,No
0.43478260869565216,-0.15823367065317379,0.0,0.0,0.0,No
0.15217391304347827,-0.12235510579576803,0.0,0.0,0.0,No
0.2826086956521739,0.5354185832566699,0.0,0.0,0.0,Yes
-0.5434782608695652,-0.8307267709291628,1.0,-1.0,1.0,Yes
-0.3695652173913043,0.0680772769089237,0.0,0.0,0.0,Yes
0.043478260869565216,0.3173873045078197,0.0,0.0,0.0,No
-0.5217391304347826,0.3459061637534501,0.0,0.0,0.0,No
0.8043478260869565,-0.9264029438822448,0.0,0.0,0.0,No
-0.30434782608695654,-0.28242870285188587,0.0,0.0,0.0,Yes
0.7608695652173914,0.6264949402023922,0.0,0.0,0.0,No
-0.41304347826086957,-0.9254829806807728,0.0,0.0,0.0,No
-0.4782608695652174,0.3569457221711133,0.0,0.0,0.0,Yes
0.0,-0.6632934682612696,1.0,-1.0,1.0,No
0.6086956521739131,-0.9144434222631095,0.0,0.0,0.0,No
0.3695652173913043,0.25574977000919974,0.0,0.0,0.0,No
0.5217391304347826,-0.9328426862925483,0.0,0.0,0.0,No
-0.2608695652173913,0.17479300827966884,0.0,0.0,0.0,No
0.1956521739130435,-0.9227230910763569,0.0,0.0,0.0,No
-0.30434782608695654,-0.9300827966881325,0.0,0.0,0.0,No
-0.15217391304347827,-0.36798528058877633,1.0,-1.0,1.0,No
-0.32608695652173914,0.2723091076356948,0.0,0.0,0.0,Yes
0.6086956521739131,0.078196872125115,0.0,0.0,0.0,No
-0.391304347826087,0.16191352345906188,0.0,0.0,0.0,No
-0.6086956521739131,-0.9199632014719411,0.0,0.0,0.0,No
-0.3695652173913043,-0.907083716651334,0.0,0.0,0.0,No
-0.5652173913043478,0.4461821527138915,0.0,0.0,0.0,Yes
0.15217391304347827,0.4480220791168355,0.0,0.0,0.0,No
-0.2826086956521739,0.439742410303588,0.0,0.0,0.0,Yes
0.782608695652174,0.03863845446182169,0.0,0.0,0.0,Yes
-0.5869565217391305,0.08463661453541875,0.0,0.0,0.0,No
0.2826086956521739,0.6412143514259432,0.0,0.0,0.0,Yes
0.9347826086956522,0.7654093836246553,0.0,0.0,0.0,No
0.717391304347826,-0.9291628334866605,0.0,0.0,0.0,No
-0.5,0.3569457221711133,0.0,0.0,0.0,No
0.41304347826086957,-0.9254829806807728,0.0,0.0,0.0,No
0.13043478260869565,0.7102115915363387,0.0,0.0,0.0,No
0.5,-0.9328426862925483,0.0,0.0,0.0,No
-0.6086956521739131,-0.8362465501379945,1.0,-1.0,1.0,No
-0.5,0.2299908003679853,0.0,0.0,0.0,Yes
0.9130434782608695,0.4204231830726773,0.0,0.0,0.0,No
0.8260869565217391,0.26586936522539106,0.0,0.0,0.0,No
0.6739130434782609,0.02575896964121446,0.0,0.0,0.0,No
-0.13043478260869565,-0.7359705611775529,1.0,-1.0,1.0,No
0.21739130434782608,-0.2851885924563016,1.0,-1.0,1.0,No
-0.30434782608695654,-0.9356025758969642,0.0,0.0,0.0,No
0.5217391304347826,0.6163753449862006,0.0,0.0,0.0,Yes
-0.10869565217391304,-0.8491260349586016,0.0,0.0,0.0,No
0.17391304347826086,-0.9383624655013799,0.0,0.0,0.0,No
-0.5217391304347826,0.2437902483900644,0.0,0.0,0.0,Yes
0.45652173913043476,0.5574977000919966,0.0,0.0,0.0,No
0.5434782608695652,0.4369825206991721,0.0,0.0,0.0,No
-0.5652173913043478,0.07727690892364311,0.0,0.0,0.0,No
0.8478260869565217,0.7010119595216193,0.0,0.0,0.0,Yes
-0.5217391304347826,-0.26126954921803125,0.0,0.0,0.0,No
0.08695652173913043,-0.9199632014719411,0.0,0.0,0.0,No
0.2608695652173913,0.18767249310027606,0.0,0.0,0.0,No
0.10869565217391304,-0.1674333026678932,1.0,-1.0,1.0,No
-0.34782608695652173,-0.9181232750689972,0.0,0.0,0.0,No
-0.1956521739130435,-0.9466421343146274,0.0,0.0,0.0,No
0.4782608695652174,-0.9337626494940202,0.0,0.0,0.0,No
-0.5652173913043478,0.38914443422263123,0.0,0.0,0.0,Yes
0.2608695652173913,-0.46274149034038625,0.0,0.0,0.0,No
-0.34782608695652173,-0.936522539098436,0.0,0.0,0.0,No
0.13043478260869565,-0.8261269549218031,0.0,0.0,0.0,No
-0.3695652173913043,0.19319227230910765,0.0,0.0,0.0,Yes
-0.5434782608695652,0.45170193192272334,0.0,0.0,0.0,No
0.30434782608695654,-0.39190432382704693,1.0,-1.0,1.0,Yes
-0.3695652173913043,-0.7552897884084637,1.0,-1.0,1.0,No
0.8478260869565217,0.6430542778288869,0.0,0.0,0.0,Yes
-0.08695652173913043,0.3422263109475623,0.0,0.0,0.0,Yes
-0.4782608695652174,-0.9218031278748849,0.0,0.0,0.0,No
0.8043478260869565,0.7451701931922724,0.0,0.0,0.0,Yes
0.5217391304347826,0.7387304507819689,0.0,0.0,0.0,No
0.7391304347826086,0.7184912603495863,0.0,0.0,0.0,No
0.8913043478260869,0.8068077276908926,0.0,0.0,0.0,Yes
-0.043478260869565216,-0.6228150873965042,1.0,-1.0,1.0,Yes
-0.6086956521739131,0.007359705611775635,0.0,0.0,0.0,Yes
-0.5217391304347826,-0.9273229070837166,0.0,0.0,0.0,No
0.17391304347826086,-0.9337626494940202,0.0,0.0,0.0,No
-0.5652173913043478,-0.5556577736890524,1.0,-1.0,1.0,Yes
-0.3695652173913043,0.11499540018399265,0.0,0.0,0.0,No
0.1956521739130435,-0.9337626494940202,0.0,0.0,0.0,No
-0.43478260869565216,0.27506899724011047,0.0,0.0,0.0,No
-0.34782608695652173,-0.0827966881324747,0.0,0.0,0.0,No
0.0,0.4434222631094758,0.0,0.0,0.0,Yes
0.391304347826087,-0.9254829806807728,0.0,0.0,0.0,No
0.6956521739130435,0.5344986200551981,0.0,0.0,0.0,No
-0.2826086956521739,-0.9264029438822448,0.0,0.0,0.0,No
0.2608695652173913,0.14903403863845463,0.0,0.0,0.0,No
0.30434782608695654,-0.8325666973321066,0.0,0.0,0.0,No
0.15217391304347827,0.49678012879484823,0.0,0.0,0.0,Yes
-0.5,-0.28242870285188587,0.0,0.0,0.0,No
0.6304347826086957,0.013799448022079119,0.0,0.0,0.0,No
-0.21739130434782608,-0.1619135234590616,0.0,0.0,0.0,No
-0.391304347826087,-0.4498620055197792,0.0,0.0,0.0,No
0.21739130434782608,-0.5528978840846366,1.0,-1.0,1.0,No
-0.45652173913043476,0.3081876724931003,0.0,0.0,0.0,No
-0.06521739130434782,-0.3836246550137994,0.0,0.0,0.0,No
0.5217391304347826,0.06347746090156399,0.0,0.0,0.0,No
0.8913043478260869,-0.9411223551057957,0.0,0.0,0.0,No
-0.6086956521739131,-0.46090156393744247,1.0,-1.0,1.0,Yes
0.6521739130434783,-0.8344066237350506,0.0,0.0,0.0,No
-0.5869565217391305,0.45262189512419526,0.0,0.0,0.0,Yes
-0.4782608695652174,-0.6448942042318307,1.0,-1.0,1.0,No
-0.3695652173913043,-0.47470101195952163,0.0,0.0,0.0,Yes
0.6521739130434783,0.11775528978840857,0.0,0.0,0.0,No
0.6956521739130435,0.19595216191352358,0.0,0.0,0.0,No
0.9347826086956522,0.6476540938362467,0.0,0.0,0.0,No
-0.34782608695652173,-0.9484820607175714,0.0,0.0,0.0,No
0.7608695652173914,-0.8362465501379945,0.0,0.0,0.0,No
-0.6086956521739131,-0.8629254829806807,1.0,-1.0,1.0,Yes
-0.41304347826086957,-0.10027598896044139,0.0,0.0,0.0,No
0.782608695652174,-0.1655933762649493,0.0,0.0,0.0,No
0.717391304347826,0.8022079116835329,0.0,0.0,0.0,No
0.5652173913043478,0.36430542778288894,0.0,0.0,0.0,No
-0.08695652173913043,-0.2989880404783808,0.0,0.0,0.0,No
-0.6086956521739131,-0.747930082796688,1.0,-1.0,1.0,Yes
-0.6086956521739131,-0.37810487580496777,0.0,0.0,0.0,No
0.6521739130434783,0.5657773689052439,0.0,0.0,0.0,Yes
0.7608695652173914,-0.8454461821527139,0.0,0.0,0.0,No
0.15217391304347827,0.4535418583256671,0.0,0.0,0.0,No
-0.5652173913043478,-0.36246550137994477,0.0,0.0,0.0,Yes
0.6956521739130435,-0.008279668813247262,0.0,0.0,0.0,No
-0.06521739130434782,-0.5593376264949401,1.0,-1.0,1.0,No
-0.6086956521739131,-0.27506899724011036,0.0,0.0,0.0,Yes
-0.6086956521739131,0.3725850965961362,0.0,0.0,0.0,Yes
0.8478260869565217,0.6053357865685375,0.0,0.0,0.0,No
-0.5869565217391305,0.3035878564857406,0.0,0.0,0.0,Yes
0.9347826086956522,0.439742410303588,0.0,0.0,0.0,No
0.9130434782608695,-0.42870285188592455,1.0,-1.0,1.0,No
0.6086956521739131,-0.9162833486660534,0.0,0.0,0.0,No
-0.5434782608695652,-0.9328426862925483,0.0,0.0,0.0,No
-0.6086956521739131,-0.0027598896044156666,0.0,0.0,0.0,No
0.9347826086956522,0.19595216191352358,0.0,0.0,0.0,No
-0.17391304347826086,0.10211591536338568,0.0,0.0,0.0,No
0.9130434782608695,-0.8399264029438822,0.0,0.0,0.0,No
0.0,0.5280588776448943,0.0,0.0,0.0,Yes
0.8695652173913043,0.7341306347746092,0.0,0.0,0.0,No
0.7608695652173914,0.2695492180312789,0.0,0.0,0.0,No
-0.2826086956521739,-0.9310027598896045,0.0,0.0,0.0,No
-0.5434782608695652,-0.8546458141674333,0.0,0.0,0.0,No
0.5,0.752529898804048,0.0,0.0,0.0,Yes
-0.5869565217391305,-0.2805887764489419,0.0,0.0,0.0,Yes
-0.6086956521739131,-0.9273229070837166,0.0,0.0,0.0,No
-0.2391304347826087,-0.8316467341306348,1.0,-1.0,1.0,No
-0.5869565217391305,-0.29806807727690887,0.0,0.0,0.0,No
-0.21739130434782608,-0.19411223551057954,0.0,0.0,0.0,No
0.2391304347826087,0.24839006439742412,0.0,0.0,0.0,No
0.8043478260869565,0.6356945722171116,0.0,0.0,0.0,No
-0.17391304347826086,0.09107635694572223,0.0,0.0,0.0,No
-0.45652173913043476,-0.06807727690892344,0.0,0.0,0.0,No
0.9347826086956522,0.72033118675253,0.0,0.0,0.0,No
0.41304347826086957,0.06439742410303588,0.0,0.0,0.0,No
0.8695652173913043,-0.939282428702852,0.0,0.0,0.0,No
0.9347826086956522,0.880404783808648,0.0,0.0,0.0,No
-0.32608695652173914,-0.34774609015639363,0.0,0.0,0.0,No
-0.5,-0.20055197792088303,0.0,0.0,0.0,No
-0.45652173913043476,-0.9356025758969642,0.0,0.0,0.0,No
-0.2608695652173913,-0.9346826126954922,0.0,0.0,0.0,No
0.782608695652174,0.42686292548298077,0.0,0.0,0.0,No
0.6086956521739131,-0.20331186752529895,0.0,0.0,0.0,No
-0.34782608695652173,0.5869365225390986,0.0,0.0,0.0,Yes
-0.21739130434782608,0.47010119595216215,0.0,0.0,0.0,Yes
0.5869565217391305,0.7258509659613617,0.0,0.0,0.0,No
-0.32608695652173914,0.1425942962281509,0.0,0.0,0.0,No
0.5,-0.5602575896964122,1.0,-1.0,1.0,No
0.6304347826086957,-0.10027598896044139,0.0,0.0,0.0,No
0.391304347826087,0.454461821527139,0.0,0.0,0.0,Yes
0.8260869565217391,-0.311867525298988,1.0,-1.0,1.0,No
-0.5869565217391305,-0.8362465501379945,1.0,-1.0,1.0,No
-0.5,-0.4719411223551057,0.0,0.0,0.0,No
0.9130434782608695,0.8031278748850048,0.0,0.0,0.0,No
0.3695652173913043,-0.9218031278748849,0.0,0.0,0.0,No
-0.5217391304347826,-0.3035878564857405,0.0,0.0,0.0,Yes
0.8260869565217391,0.24839006439742412,0.0,0.0,0.0,No
-0.5652173913043478,-0.9227230910763569,0.0,0.0,0.0,No
-0.5652173913043478,-0.9273229070837166,0.0,0.0,0.0,No
0.5,0.6228150873965044,0.0,0.0,0.0,Yes
0.2826086956521739,-0.3698252069917203,0.0,0.0,0.0,Yes
0.45652173913043476,-0.9199632014719411,0.0,0.0,0.0,No
-0.13043478260869565,0.361545538178473,0.0,0.0,0.0,No
0.8260869565217391,-0.29714811407543684,1.0,-1.0,1.0,No
-0.08695652173913043,0.5363385464581418,0.0,0.0,0.0,Yes
0.21739130434782608,0.5289788408463661,0.0,0.0,0.0,No
0.8695652173913043,-0.06347746090156374,0.0,0.0,0.0,No
-0.6086956521739131,-0.8187672493100275,1.0,-1.0,1.0,No
0.06521739130434782,0.38086476540938374,0.0,0.0,0.0,No
-0.43478260869565216,0.011959521619135341,0.0,0.0,0.0,Yes
-0.2826086956521739,0.4204231830726773,0.0,0.0,0.0,Yes
0.6739130434782609,-0.9089236430542778,0.0,0.0,0.0,No
0.9347826086956522,0.7148114075436984,0.0,0.0,0.0,No
-0.5217391304347826,-0.9383624655013799,0.0,0.0,0.0,Yes
-0.06521739130434782,0.2842686292548299,0.0,0.0,0.0,No
-0.5652173913043478,-0.9291628334866605,0.0,0.0,0.0,Yes
-0.5869565217391305,-0.9328426862925483,0.0,0.0,0.0,No
-0.5869565217391305,-0.9172033118675252,0.0,0.0,0.0,No
0.15217391304347827,0.35510579576816953,0.0,0.0,0.0,No
-0.4782608695652174,0.0735970561177553,0.0,0.0,0.0,No
0.6739130434782609,-0.38454461821527125,1.0,-1.0,1.0,No
-0.21739130434782608,0.344986200551978,0.0,0.0,0.0,No
0.34782608695652173,0.08831646734130656,0.0,0.0,0.0,No
-0.5434782608695652,0.005519779208831856,0.0,0.0,0.0,No
0.043478260869565216,0.6228150873965044,0.0,0.0,0.0,Yes
0.391304347826087,0.3624655013799449,0.0,0.0,0.0,No
-0.6086956521739131,0.16375344986200563,0.0,0.0,0.0,Yes
-0.6086956521739131,-0.468261269549218,0.0,0.0,0.0,Yes
-0.6086956521739131,-0.937442502299908,0.0,0.0,0.0,No
0.6521739130434783,0.3385464581416745,0.0,0.0,0.0,No
-0.41304347826086957,-0.004599816007359706,0.0,0.0,0.0,Yes
0.13043478260869565,0.3799448022079118,0.0,0.0,0.0,No
-0.5434782608695652,-0.7488500459981601,1.0,-1.0,1.0,Yes
0.06521739130434782,0.376264949402024,0.0,0.0,0.0,No
0.30434782608695654,0.1379944802207912,0.0,0.0,0.0,Yes
-0.5434782608695652,-0.29530818767249306,0.0,0.0,0.0,Yes
0.5434782608695652,-0.9457221711131554,0.0,0.0,0.0,No
-0.391304347826087,0.45630174793008305,0.0,0.0,0.0,Yes
0.8043478260869565,0.5896964121435145,0.0,0.0,0.0,No
0.6956521739130435,0.5436982520699175,0.0,0.0,0.0,No
0.9347826086956522,0.3376264949402026,0.0,0.0,0.0,No
0.32608695652173914,-0.29530818767249306,1.0,-1.0,1.0,No
0.2608695652173913,-0.2695492180312786,0.0,0.0,0.0,No
0.45652173913043476,0.6182152713891447,0.0,0.0,0.0,No
0.391304347826087,0.7451701931922724,0.0,0.0,0.0,Yes
-0.45652173913043476,-0.9236430542778289,0.0,0.0,0.0,No
-0.2391304347826087,-0.9254829806807728,0.0,0.0,0.0,No
0.9347826086956522,0.3974241030358788,0.0,0.0,0.0,No
-0.6086956521739131,0.18675252989880417,0.0,0.0,0.0,Yes
0.2826086956521739,-0.27046918123275066,0.0,0.0,0.0,No
-0.2391304347826087,0.08003679852805905,0.0,0.0,0.0,No
-0.34782608695652173,0.6218951241950325,0.0,0.0,0.0,No
0.8478260869565217,0.24471021159153658,0.0,0.0,0.0,No
-0.5434782608695652,0.034038638454461985,0.0,0.0,0.0,Yes
0.8695652173913043,0.7304507819687214,0.0,0.0,0.0,No
-0.2608695652173913,-0.3468261269549217,0.0,0.0,0.0,Yes
-0.08695652173913043,-0.8252069917203312,0.0,0.0,0.0,No
0.30434782608695654,0.35326586936522547,0.0,0.0,0.0,Yes
0.6521739130434783,-0.9356025758969642,0.0,0.0,0.0,No
-0.5217391304347826,0.19043238270469198,0.0,0.0,0.0,No
-0.17391304347826086,0.1315547378104877,0.0,0.0,0.0,Yes
0.8695652173913043,0.6393744250229991,0.0,0.0,0.0,No
-0.34782608695652173,-0.8316467341306348,1.0,-1.0,1.0,No
0.2826086956521739,0.4581416743330268,0.0,0.0,0.0,Yes
0.5,0.46550137994480245,0.0,0.0,0.0,No
0.3695652173913043,0.2695492180312789,0.0,0.0,0.0,Yes
0.6956521739130435,0.19227230910763576,0.0,0.0,0.0,No
0.0,-0.8371665133394663,1.0,-1.0,1.0,No
-0.08695652173913043,-0.2870285188592456,0.0,0.0,0.0,No
-0.5217391304347826,0.283348666053358,0.0,0.0,0.0,Yes
-0.30434782608695654,-0.3606255749770009,1.0,-1.0,1.0,No
-0.21739130434782608,-0.9236430542778289,0.0,0.0,0.0,No
0.32608695652173914,-0.9254829806807728,0.0,0.0,0.0,No
-0.5,0.5133394664213433,0.0,0.0,0.0,Yes
0.6304347826086957,0.02299908003679853,0.0,0.0,0.0,No
0.717391304347826,0.20423183072677112,0.0,0.0,0.0,No
0.8913043478260869,-0.21987120515179387,1.0,-1.0,1.0,No
-0.6086956521739131,-0.8215271389144434,1.0,-1.0,1.0,Yes
-0.41304347826086957,-0.30634774609015625,1.0,-1.0,1.0,No
-0.06521739130434782,-0.9337626494940202,0.0,0.0,0.0,No
0.8043478260869565,0.3505059797608098,0.0,0.0,0.0,No
-0.4782608695652174,-0.02483900643974231,0.0,0.0,0.0,Yes
0.4782608695652174,0.2548298068077279,0.0,0.0,0.0,No
0.9347826086956522,0.6577736890524379,0.0,0.0,0.0,No
0.782608695652174,-0.8206071757129715,0.0,0.0,0.0,No
-0.5869565217391305,-0.44710211591536336,0.0,0.0,0.0,Yes
0.8913043478260869,-0.0993560257589695,0.0,0.0,0.0,No
0.9347826086956522,0.2778288868445264,0.0,0.0,0.0,No
-0.6086956521739131,-0.9254829806807728,0.0,0.0,0.0,No
-0.6086956521739131,0.11131554737810509,0.0,0.0,0.0,Yes
-0.5217391304347826,0.5547378104875806,0.0,0.0,0.0,Yes
-0.5652173913043478,-0.9135234590616375,0.0,0.0,0.0,No
0.6304347826086957,-0.828886844526219,0.0,0.0,0.0,No
-0.15217391304347827,-0.5574977000919963,1.0,-1.0,1.0,Yes
0.08695652173913043,0.5565777368905245,0.0,0.0,0.0,No
-0.6086956521739131,-0.007359705611775373,0.0,0.0,0.0,Yes
0.5434782608695652,0.06715731370745182,0.0,0.0,0.0,No
0.9347826086956522,0.5344986200551981,0.0,0.0,0.0,No
-0.6086956521739131,0.42226310947562107,0.0,0.0,0.0,Yes
-0.5652173913043478,-0.390064397424103,0.0,0.0,0.0,Yes
0.9347826086956522,0.6826126954921805,0.0,0.0,0.0,No
0.9347826086956522,0.2437902483900644,0.0,0.0,0.0,No
0.5434782608695652,0.5280588776448943,0.0,0.0,0.0,No
0.6521739130434783,0.17939282428702855,0.0,0.0,0.0,No
0.5434782608695652,-0.09291628334866602,0.0,0.0,0.0,No
0.6739130434782609,0.35326586936522547,0.0,0.0,0.0,No
0.6739130434782609,-0.17571297148114073,1.0,-1.0,1.0,No
-0.5652173913043478,0.07635694572217122,0.0,0.0,0.0,No
0.8695652173913043,0.5298988040478384,0.0,0.0,0.0,No
-0.6086956521739131,-0.9402023919043239,0.0,0.0,0.0,No
0.45652173913043476,-0.5685372585096595,1.0,-1.0,1.0,No
0.5869565217391305,-0.4691812327506899,1.0,-1.0,1.0,No
0.6739130434782609,0.4940202391904326,0.0,0.0,0.0,No
0.8695652173913043,0.7396504139834408,0.0,0.0,0.0,No
-0.6086956521739131,-0.6494940202391905,1.0,-1.0,1.0,Yes
-0.6086956521739131,0.04875804967801299,0.0,0.0,0.0,Yes
-0.5652173913043478,-0.9282428702851886,0.0,0.0,0.0,No
0.6739130434782609,0.1214351425942964,0.0,0.0,0.0,No
-0.34782608695652173,-0.6430542778288868,1.0,-1.0,1.0,No
0.717391304347826,-0.9181232750689972,0.0,0.0,0.0,No
0.34782608695652173,0.48574057037718504,0.0,0.0,0.0,No
-0.08695652173913043,-0.29714811407543684,1.0,-1.0,1.0,No
0.32608695652173914,0.5473781048758051,0.0,0.0,0.0,No
-0.5869565217391305,-0.4618215271389144,0.0,0.0,0.0,No
0.08695652173913043,0.24839006439742412,0.0,0.0,0.0,Yes
-0.6086956521739131,-0.004599816007359706,0.0,0.0,0.0,Yes
-0.15217391304347827,-0.9107635694572217,0.0,0.0,0.0,No
0.13043478260869565,-0.6789328426862925,1.0,-1.0,1.0,No
0.0,-0.9227230910763569,0.0,0.0,0.0,No
-0.043478260869565216,0.28610855565777393,0.0,0.0,0.0,No
0.5434782608695652,-0.1720331186752529,0.0,0.0,0.0,No
-0.5869565217391305,0.005519779208831856,0.0,0.0,0.0,Yes
0.6086956521739131,0.30450781968721274,0.0,0.0,0.0,No
0.717391304347826,-0.017479300827966674,0.0,0.0,0.0,No
-0.30434782608695654,-0.9199632014719411,0.0,0.0,0.0,No
-0.5869565217391305,-0.9199632014719411,0.0,0.0,0.0,Yes
0.8913043478260869,0.6246550137994481,0.0,0.0,0.0,No
-0.17391304347826086,-0.46734130634774596,0.0,0.0,0.0,No
-0.13043478260869565,-0.38454461821527125,0.0,0.0,0.0,No
-0.5,-0.9153633854645814,0.0,0.0,0.0,No
-0.5434782608695652,-0.9346826126954922,0.0,0.0,0.0,No
-0.5652173913043478,0.5271389144434224,0.0,0.0,0.0,Yes
-0.13043478260869565,0.4259429622815089,0.0,0.0,0.0,No
-0.06521739130434782,-0.29070837166513336,1.0,-1.0,1.0,No
-0.45652173913043476,-0.9254829806807728,0.0,0.0,0.0,No
-0.06521739130434782,0.2502299908003682,0.0,0.0,0.0,Yes
-0.5869565217391305,0.16743330266789347,0.0,0.0,0.0,No
0.8260869565217391,0.8436062557497702,0.0,0.0,0.0,Yes
0.9130434782608695,0.4296228150873967,0.0,0.0,0.0,Yes
0.6521739130434783,0.17479300827966884,0.0,0.0,0.0,No
0.21739130434782608,0.5455381784728612,0.0,0.0,0.0,No
-0.17391304347826086,-0.9337626494940202,0.0,0.0,0.0,No
-0.6086956521739131,-0.9319227230910763,0.0,0.0,0.0,Yes
0.41304347826086957,-0.9227230910763569,0.0,0.0,0.0,No
0.043478260869565216,-0.36706531738730447,1.0,-1.0,1.0,No
0.7608695652173914,0.7911683532658694,0.0,0.0,0.0,No
0.3695652173913043,0.17755289788408476,0.0,0.0,0.0,No
0.5,0.19503219871205169,0.0,0.0,0.0,No
0.8260869565217391,-0.8362465501379945,0.0,0.0,0.0,No
0.8260869565217391,-0.28426862925482976,0.0,0.0,0.0,No
-0.5217391304347826,0.09567617295308194,0.0,0.0,0.0,Yes
0.9130434782608695,0.7157313707451703,0.0,0.0,0.0,No
-0.43478260869565216,0.13431462741490363,0.0,0.0,0.0,Yes
-0.06521739130434782,0.4535418583256671,0.0,0.0,0.0,Yes
0.9130434782608695,0.845446182152714,0.0,0.0,0.0,No
0.06521739130434782,-0.9282428702851886,0.0,0.0,0.0,No
-0.5869565217391305,0.0,0.0,0.0,0.0,No
0.9130434782608695,-0.8233670653173872,0.0,0.0,0.0,No
0.6739130434782609,-0.4765409383624654,1.0,-1.0,1.0,No
0.5652173913043478,0.5482980680772772,0.0,0.0,0.0,No
0.5434782608695652,0.644894204231831,0.0,0.0,0.0,Yes
-0.5869565217391305,0.46918123275069,0.0,0.0,0.0,Yes
-0.5,0.06439742410303588,0.0,0.0,0.0,No
0.41304347826086957,-0.004599816007359706,0.0,0.0,0.0,No
0.7391304347826086,-0.8298068077276909,0.0,0.0,0.0,No
-0.6086956521739131,0.16191352345906188,0.0,0.0,0.0,Yes
-0.3695652173913043,-0.907083716651334,0.0,0.0,0.0,No
0.5434782608695652,-0.8353265869365225,1.0,-1.0,1.0,No
0.021739130434782608,-0.10763569457221701,0.0,0.0,0.0,No
0.021739130434782608,-0.9328426862925483,0.0,0.0,0.0,Yes
-0.5434782608695652,0.15915363385464593,0.0,0.0,0.0,Yes
0.2391304347826087,0.6550137994480223,0.0,0.0,0.0,No
-0.43478260869565216,0.10119595216191353,0.0,0.0,0.0,No
-0.2608695652173913,0.3955841766329347,0.0,0.0,0.0,Yes
0.717391304347826,-0.4921803127874884,1.0,-1.0,1.0,No
-0.021739130434782608,0.3845446182152715,0.0,0.0,0.0,No
0.8913043478260869,0.3569457221711133,0.0,0.0,0.0,No
0.3695652173913043,0.6264949402023922,0.0,0.0,0.0,No
-0.13043478260869565,0.36430542778288894,0.0,0.0,0.0,No
0.391304347826087,-0.5528978840846366,1.0,-1.0,1.0,No
0.8478260869565217,0.6421343146274151,0.0,0.0,0.0,No
0.6739130434782609,0.6559337626494942,0.0,0.0,0.0,Yes
0.8260869565217391,0.6191352345906166,0.0,0.0,0.0,No
-0.32608695652173914,-0.012879484820606968,0.0,0.0,0.0,No
0.6086956521739131,0.07267709291628341,0.0,0.0,0.0,No
0.5652173913043478,0.5620975160993563,0.0,0.0,0.0,No
-0.6086956521739131,-0.9218031278748849,0.0,0.0,0.0,No
-0.6086956521739131,-0.3762649494020239,0.0,0.0,0.0,Yes
-0.13043478260869565,0.488500459981601,0.0,0.0,0.0,No
-0.34782608695652173,0.5519779208831648,0.0,0.0,0.0,Yes
0.391304347826087,0.6209751609935603,0.0,0.0,0.0,No
0.1956521739130435,-0.9245630174793008,0.0,0.0,0.0,No
0.1956521739130435,0.08463661453541875,0.0,0.0,0.0,Yes
-0.5869565217391305,-0.25390984360625574,0.0,0.0,0.0,No
-0.6086956521739131,-0.3882244710211591,0.0,0.0,0.0,Yes
-0.30434782608695654,-0.03219871205151794,0.0,0.0,0.0,No
-0.06521739130434782,-0.023919043238270418,0.0,0.0,0.0,No
0.13043478260869565,-0.9319227230910763,0.0,0.0,0.0,No
-0.5652173913043478,-0.9254829806807728,0.0,0.0,0.0,No
0.45652173913043476,0.613615455381785,0.0,0.0,0.0,Yes
0.2826086956521739,0.44250229990800394,0.0,0.0,0.0,No
-0.41304347826086957,-0.28334866605335773,0.0,0.0,0.0,No
0.6956521739130435,0.4296228150873967,0.0,0.0,0.0,No
0.8478260869565217,0.7341306347746092,0.0,0.0,0.0,No
-0.41304347826086957,0.5252989880404787,0.0,0.0,0.0,No
0.782608695652174,0.3569457221711133,0.0,0.0,0.0,Yes
0.9347826086956522,0.18583256669733228,0.0,0.0,0.0,No
0.5652173913043478,0.16651333946642158,0.0,0.0,0.0,No
-0.6086956521739131,-0.9208831646734131,0.0,0.0,0.0,Yes
-0.4782608695652174,-0.13891444342226308,0.0,0.0,0.0,No
-0.5869565217391305,0.08371665133394686,0.0,0.0,0.0,No
-0.43478260869565216,0.0827966881324747,0.0,0.0,0.0,No
-0.043478260869565216,-0.8187672493100275,0.0,0.0,0.0,No
-0.4782608695652174,0.581416743330267,0.0,0.0,0.0,Yes
0.7608695652173914,-0.03771849126034954,0.0,0.0,0.0,No
0.8913043478260869,-0.4038638454461821,1.0,-1.0,1.0,No
-0.5869565217391305,0.4351425942962283,0.0,0.0,0.0,Yes
0.8260869565217391,0.6384544618215272,0.0,0.0,0.0,No
0.34782608695652173,0.34866605335786577,0.0,0.0,0.0,Yes
-0.10869565217391304,-0.8316467341306348,0.0,0.0,0.0,No
-0.5434782608695652,-0.9356025758969642,0.0,0.0,0.0,No
0.32608695652173914,0.4158233670653176,0.0,0.0,0.0,No
0.9347826086956522,-0.9135234590616375,0.0,0.0,0.0,No
-0.6086956521739131,0.07267709291628341,0.0,0.0,0.0,Yes
0.8043478260869565,-0.9383624655013799,0.0,0.0,0.0,No
-0.6086956521739131,-0.4728610855565777,1.0,-1.0,1.0,Yes
-0.34782608695652173,0.25206991720331196,0.0,0.0,0.0,Yes
-0.41304347826086957,0.19043238270469198,0.0,0.0,0.0,Yes
0.782608695652174,0.62557497700092,0.0,0.0,0.0,No
-0.6086956521739131,-0.9346826126954922,0.0,0.0,0.0,No
0.1956521739130435,0.0680772769089237,0.0,0.0,0.0,No
-0.13043478260869565,-0.5565777368905243,1.0,-1.0,1.0,No
-0.41304347826086957,-0.9245630174793008,0.0,0.0,0.0,No
-0.5434782608695652,0.5768169273229073,0.0,0.0,0.0,Yes
0.9347826086956522,0.24287028518859252,0.0,0.0,0.0,No
0.13043478260869565,-0.248390064397424,0.0,0.0,0.0,No
-0.6086956521739131,-0.9190432382704692,0.0,0.0,0.0,Yes
0.6304347826086957,-0.9346826126954922,0.0,0.0,0.0,No
0.8913043478260869,0.6586936522539101,0.0,0.0,0.0,No
0.1956521739130435,0.15823367065317404,0.0,0.0,0.0,No
0.6739130434782609,-0.3790248390064397,1.0,-1.0,1.0,No
-0.06521739130434782,0.40570377184912626,0.0,0.0,0.0,No
-0.45652173913043476,-0.22355105795768157,0.0,0.0,0.0,No
0.2608695652173913,0.5933762649494021,0.0,0.0,0.0,Yes
0.15217391304347827,0.3974241030358788,0.0,0.0,0.0,No
0.5434782608695652,-0.0938362465501379,0.0,0.0,0.0,No
0.9130434782608695,0.6559337626494942,0.0,0.0,0.0,Yes
0.5652173913043478,0.050597976080956765,0.0,0.0,0.0,No
0.9347826086956522,-0.19503219871205144,0.0,0.0,0.0,No
-0.5652173913043478,-0.2805887764489419,0.0,0.0,0.0,Yes
0.5434782608695652,-0.19411223551057954,0.0,0.0,0.0,No
0.9347826086956522,0.8509659613615457,0.0,0.0,0.0,No
0.5,0.7166513339466423,0.0,0.0,0.0,No
0.6739130434782609,0.5712971481140757,0.0,0.0,0.0,No
0.21739130434782608,-0.36246550137994477,1.0,-1.0,1.0,No
-0.30434782608695654,-0.26126954921803125,0.0,0.0,0.0,No
0.8695652173913043,0.6651333946642136,0.0,0.0,0.0,Yes
0.30434782608695654,-0.9411223551057957,0.0,0.0,0.0,No
0.7391304347826086,0.23275068997240123,0.0,0.0,0.0,No
-0.5869565217391305,-0.004599816007359706,0.0,0.0,0.0,No
0.9347826086956522,0.6982520699172035,0.0,0.0,0.0,No
0.06521739130434782,0.38086476540938374,0.0,0.0,0.0,Yes
0.2391304347826087,-0.8298068077276909,0.0,0.0,0.0,No
0.6304347826086957,-0.4599816007359705,1.0,-1.0,1.0,No
0.8260869565217391,-0.48666053357865685,1.0,-1.0,1.0,No
0.4782608695652174,0.1315547378104877,0.0,0.0,0.0,Yes
0.043478260869565216,0.16467341306347752,0.0,0.0,0.0,No
0.8695652173913043,0.2677092916283351,0.0,0.0,0.0,No
0.06521739130434782,0.16375344986200563,0.0,0.0,0.0,No
-0.17391304347826086,0.01287948482060723,0.0,0.0,0.0,No
0.5,-0.3054277828886844,0.0,0.0,0.0,No
0.9347826086956522,-0.8482060717571297,0.0,0.0,0.0,No
0.9347826086956522,-0.29714811407543684,1.0,-1.0,1.0,Yes
0.5,-0.4802207911683532,1.0,-1.0,1.0,No
0.2608695652173913,-0.37350505979760806,0.0,0.0,0.0,No
0.2608695652173913,-0.9236430542778289,0.0,0.0,0.0,No
-0.5,-0.020239190432382603,0.0,0.0,0.0,Yes
0.8260869565217391,-0.018399264029438825,0.0,0.0,0.0,No
-0.2826086956521739,-0.9383624655013799,0.0,0.0,0.0,No
-0.2608695652173913,-0.9420423183072677,0.0,0.0,0.0,No
0.13043478260869565,-0.1720331186752529,0.0,0.0,0.0,No
0.6304347826086957,-0.9172033118675252,0.0,0.0,0.0,No
-0.6086956521739131,-0.3652253909843606,0.0,0.0,0.0,Yes
0.5,-0.37074517019319214,1.0,-1.0,1.0,No
0.8913043478260869,0.1701931922723091,0.0,0.0,0.0,No
-0.21739130434782608,-0.8362465501379945,0.0,0.0,0.0,No
-0.6086956521739131,0.07451701931922745,0.0,0.0,0.0,Yes
0.13043478260869565,0.6724931002759892,0.0,0.0,0.0,No
0.06521739130434782,0.5703771849126036,0.0,0.0,0.0,No
-0.2608695652173913,-0.2759889604415822,0.0,0.0,0.0,No
0.8260869565217391,-0.36430542778288866,0.0,0.0,0.0,No
-0.43478260869565216,-0.9356025758969642,0.0,0.0,0.0,No
0.043478260869565216,0.16743330266789347,0.0,0.0,0.0,Yes
-0.5434782608695652,0.37350505979760834,0.0,0.0,0.0,No
0.6304347826086957,0.3587856485740571,0.0,0.0,0.0,No
0.6739130434782609,0.15915363385464593,0.0,0.0,0.0,No
0.6304347826086957,0.6310947562097519,0.0,0.0,0.0,Yes
-0.6086956521739131,-0.9346826126954922,0.0,0.0,0.0,No
-0.043478260869565216,-0.9282428702851886,0.0,0.0,0.0,No
0.8043478260869565,0.8445262189512421,0.0,0.0,0.0,No
-0.30434782608695654,0.32014719411223563,0.0,0.0,0.0,No
0.391304347826087,0.5464581416743332,0.0,0.0,0.0,Yes
0.2608695652173913,0.20147194112235517,0.0,0.0,0.0,No
0.6521739130434783,-0.47930082796688134,1.0,-1.0,1.0,No
0.45652173913043476,0.0,0.0,0.0,0.0,No
-0.2608695652173913,-0.4765409383624654,1.0,-1.0,1.0,No
-0.5,-0.390064397424103,0.0,0.0,0.0,No
0.4782608695652174,-0.7525298988040477,1.0,-1.0,1.0,No
0.32608695652173914,0.5556577736890526,0.0,0.0,0.0,Yes
0.43478260869565216,0.27506899724011047,0.0,0.0,0.0,No
-0.5869565217391305,0.46550137994480245,0.0,0.0,0.0,Yes
0.6521739130434783,-0.02299908003679853,0.0,0.0,0.0,No
0.45652173913043476,0.0,0.0,0.0,0.0,No
0.6521739130434783,-0.9153633854645814,0.0,0.0,0.0,No
-0.2391304347826087,0.06991720331186774,0.0,0.0,0.0,No
-0.41304347826086957,0.08647654093836253,0.0,0.0,0.0,No
-0.32608695652173914,-0.4737810487580496,0.0,0.0,0.0,No
0.13043478260869565,-0.8997240110395583,0.0,0.0,0.0,No
-0.45652173913043476,-0.4949402023919042,0.0,0.0,0.0,No
-0.2391304347826087,-0.9254829806807728,0.0,0.0,0.0,No
0.6739130434782609,0.43790248390064423,0.0,0.0,0.0,No
-0.6086956521739131,0.44250229990800394,0.0,0.0,0.0,Yes
-0.5,-0.9346826126954922,0.0,0.0,0.0,No
-0.21739130434782608,0.10211591536338568,0.0,0.0,0.0,No
0.5217391304347826,-0.1140754369825205,0.0,0.0,0.0,No
0.9347826086956522,0.721251149954002,0.0,0.0,0.0,No
0.6739130434782609,0.7442502299908005,0.0,0.0,0.0,No
-0.6086956521739131,-0.28242870285188587,0.0,0.0,0.0,Yes
-0.34782608695652173,-0.31094756209751595,0.0,0.0,0.0,No
-0.5217391304347826,-0.007359705611775373,0.0,0.0,0.0,No
-0.6086956521739131,0.5722171113155476,0.0,0.0,0.0,Yes
-0.34782608695652173,0.49034038638454475,0.0,0.0,0.0,No
0.17391304347826086,0.3725850965961362,0.0,0.0,0.0,No
0.7608695652173914,0.05887764489420429,0.0,0.0,0.0,No
-0.5217391304347826,-0.044158233670653024,0.0,0.0,0.0,Yes
0.6956521739130435,0.4415823367065318,0.0,0.0,0.0,No
-0.6086956521739131,-0.015639374425022896,0.0,0.0,0.0,Yes
-0.6086956521739131,-0.9475620975160993,0.0,0.0,0.0,Yes
-0.06521739130434782,-0.937442502299908,0.0,0.0,0.0,No
-0.6086956521739131,-0.02115915363385449,0.0,0.0,0.0,Yes
-0.10869565217391304,-0.9310027598896045,0.0,0.0,0.0,No
-0.2608695652173913,-0.28978840846366133,1.0,-1.0,1.0,No
-0.06521739130434782,-0.7460901563937443,1.0,-1.0,1.0,No
-0.6086956521739131,-0.012879484820606968,0.0,0.0,0.0,Yes
0.2391304347826087,0.579576816927323,0.0,0.0,0.0,Yes
0.5,0.6016559337626496,0.0,0.0,0.0,No
-0.6086956521739131,0.219871205151794,0.0,0.0,0.0,Yes
-0.6086956521739131,-0.9208831646734131,0.0,0.0,0.0,No
-0.17391304347826086,-0.6485740570377184,1.0,-1.0,1.0,No
0.8260869565217391,0.6504139834406626,0.0,0.0,0.0,No
0.32608695652173914,-0.2594296228150873,0.0,0.0,0.0,No
0.8913043478260869,-0.1839926402943881,1.0,-1.0,1.0,No
-0.5652173913043478,0.16375344986200563,0.0,0.0,0.0,Yes
0.5869565217391305,-0.19411223551057954,0.0,0.0,0.0,No
-0.34782608695652173,0.2621895124195032,0.0,0.0,0.0,Yes
0.6304347826086957,0.4241030358785651,0.0,0.0,0.0,Yes
0.2826086956521739,0.4388224471021161,0.0,0.0,0.0,Yes
-0.6086956521739131,-0.8334866605335787,1.0,-1.0,1.0,Yes
0.3695652173913043,0.5390984360625578,0.0,0.0,0.0,No
0.7391304347826086,-0.36246550137994477,0.0,0.0,0.0,No
-0.391304347826087,-0.17387304507819681,0.0,0.0,0.0,No
-0.30434782608695654,-0.19687212511499536,0.0,0.0,0.0,No
0.9347826086956522,-0.1039558417663292,1.0,-1.0,1.0,No
0.0,-0.8325666973321066,1.0,-1.0,1.0,Yes
-0.6086956521739131,-0.3937442502299907,0.0,0.0,0.0,Yes
-0.5,-0.2851885924563016,0.0,0.0,0.0,No
-0.6086956521739131,-0.46090156393744247,0.0,0.0,0.0,Yes
0.7391304347826086,0.3863845446182153,0.0,0.0,0.0,No
-0.5869565217391305,0.2851885924563018,0.0,0.0,0.0,Yes
-0.2391304347826087,-0.8325666973321066,0.0,0.0,0.0,No
0.30434782608695654,-0.6688132474701012,1.0,-1.0,1.0,No
-0.30434782608695654,-0.4498620055197792,1.0,-1.0,1.0,No
-0.41304347826086957,0.45722171113155496,0.0,0.0,0.0,Yes
0.5652173913043478,-0.9172033118675252,0.0,0.0,0.0,No
0.43478260869565216,0.5565777368905245,0.0,0.0,0.0,Yes
-0.5,-0.27690892364305425,0.0,0.0,0.0,Yes
0.8913043478260869,-0.9199632014719411,0.0,0.0,0.0,No
-0.5869565217391305,0.0827966881324747,0.0,0.0,0.0,Yes
0.7391304347826086,-0.6301747930082796,1.0,-1.0,1.0,No
-0.08695652173913043,-0.0837166513339466,0.0,0.0,0.0,No
-0.2391304347826087,-0.9199632014719411,0.0,0.0,0.0,No
-0.021739130434782608,0.6522539098436064,0.0,0.0,0.0,No
0.5217391304347826,0.48574057037718504,0.0,0.0,0.0,No
0.13043478260869565,0.5887764489420424,0.0,0.0,0.0,Yes
-0.6086956521739131,-0.8454461821527139,1.0,-1.0,1.0,No
0.8913043478260869,0.833486660533579,0.0,0.0,0.0,Yes
-0.5869565217391305,0.17479300827966884,0.0,0.0,0.0,Yes
-0.06521739130434782,0.04967801287948488,0.0,0.0,0.0,No
0.10869565217391304,-0.11039558417663295,0.0,0.0,0.0,No
-0.21739130434782608,-0.9172033118675252,0.0,0.0,0.0,No
-0.30434782608695654,0.10395584176632947,0.0,0.0,0.0,Yes
0.717391304347826,-0.2870285188592456,0.0,0.0,0.0,No
0.2826086956521739,0.6329346826126957,0.0,0.0,0.0,Yes
-0.43478260869565216,0.07911683532658716,0.0,0.0,0.0,Yes
-0.10869565217391304,-0.35326586936522536,0.0,0.0,0.0,No
0.8478260869565217,-0.5225390984360625,1.0,-1.0,1.0,No
0.043478260869565216,-0.29438822447102103,0.0,0.0,0.0,No
-0.6086956521739131,-0.2594296228150873,0.0,0.0,0.0,Yes
-0.17391304347826086,0.6577736890524379,0.0,0.0,0.0,Yes
0.7391304347826086,0.47194112235510594,0.0,0.0,0.0,No
-0.5869565217391305,0.17295308187672506,0.0,0.0,0.0,Yes
0.6956521739130435,-0.16375344986200538,1.0,-1.0,1.0,No
-0.6086956521739131,-0.03127874885004579,0.0,0.0,0.0,Yes
-0.2391304347826087,-0.9328426862925483,0.0,0.0,0.0,No
-0.5,-0.9448022079116836,0.0,0.0,0.0,No
0.08695652173913043,0.5455381784728612,0.0,0.0,0.0,No
-0.2826086956521739,-0.9218031278748849,0.0,0.0,0.0,Yes
0.5869565217391305,0.5216191352345908,0.0,0.0,0.0,No
-0.13043478260869565,-0.9300827966881325,0.0,0.0,0.0,No
-0.43478260869565216,0.06347746090156399,0.0,0.0,0.0,No
-0.32608695652173914,0.549218031278749,0.0,0.0,0.0,Yes
-0.30434782608695654,0.08371665133394686,0.0,0.0,0.0,Yes
-0.5217391304347826,-0.9254829806807728,0.0,0.0,0.0,No
0.6956521739130435,0.659613615455382,0.0,0.0,0.0,No
0.8913043478260869,0.8500459981600738,0.0,0.0,0.0,No
-0.30434782608695654,0.5400183992640296,0.0,0.0,0.0,No
-0.45652173913043476,-0.9319227230910763,0.0,0.0,0.0,No
-0.45652173913043476,-0.9356025758969642,0.0,0.0,0.0,No
-0.5434782608695652,-0.7580496780128795,1.0,-1.0,1.0,No
0.10869565217391304,-0.28242870285188587,0.0,0.0,0.0,No
0.8478260869565217,0.376264949402024,0.0,0.0,0.0,No
0.34782608695652173,-0.35602575896964117,1.0,-1.0,1.0,No
-0.43478260869565216,0.3633854645814168,0.0,0.0,0.0,No
-0.15217391304347827,-0.20791168353265865,0.0,0.0,0.0,No
-0.5869565217391305,-0.9208831646734131,0.0,0.0,0.0,No
0.8913043478260869,0.0478380864765411,0.0,0.0,0.0,No
-0.41304347826086957,0.05887764489420429,0.0,0.0,0.0,No
0.9347826086956522,0.25666973321067166,0.0,0.0,0.0,No
0.43478260869565216,0.14075436982520712,0.0,0.0,0.0,No
0.5434782608695652,0.03219871205151794,0.0,0.0,0.0,No
0.9130434782608695,0.6697332106715733,0.0,0.0,0.0,No
-0.15217391304347827,-0.9402023919043239,0.0,0.0,0.0,No
0.45652173913043476,-0.9162833486660534,0.0,0.0,0.0,No
0.30434782608695654,-0.9264029438822448,0.0,0.0,0.0,No
0.34782608695652173,-0.8408463661453542,0.0,0.0,0.0,No
0.7608695652173914,0.6099356025758972,0.0,0.0,0.0,No
-0.13043478260869565,-0.8555657773689052,0.0,0.0,0.0,No
0.8478260869565217,-0.8196872125114996,0.0,0.0,0.0,No
-0.6086956521739131,0.009199632014719412,0.0,0.0,0.0,Yes
-0.5869565217391305,-0.010119595216191301,0.0,0.0,0.0,Yes
-0.06521739130434782,-0.20055197792088303,0.0,0.0,0.0,No
0.5652173913043478,-0.29070837166513336,1.0,-1.0,1.0,Yes
-0.32608695652173914,-0.9254829806807728,0.0,0.0,0.0,No
0.9130434782608695,0.2244710211591537,0.0,0.0,0.0,No
0.7608695652173914,0.20055197792088328,0.0,0.0,0.0,No
-0.4782608695652174,0.007359705611775635,0.0,0.0,0.0,Yes
0.6086956521739131,0.07267709291628341,0.0,0.0,0.0,No
-0.34782608695652173,0.4369825206991721,0.0,0.0,0.0,Yes
-0.5652173913043478,-0.747930082796688,1.0,-1.0,1.0,Yes
0.9347826086956522,0.724011039558418,0.0,0.0,0.0,No
0.2391304347826087,0.4783808647654094,0.0,0.0,0.0,No
-0.32608695652173914,-0.0689972401103956,0.0,0.0,0.0,No
-0.5869565217391305,-0.4756209751609935,0.0,0.0,0.0,No
0.8043478260869565,0.7460901563937445,0.0,0.0,0.0,Yes
0.1956521739130435,0.6375344986200554,0.0,0.0,0.0,Yes
-0.6086956521739131,-0.828886844526219,1.0,-1.0,1.0,Yes
-0.15217391304347827,-0.27966881324747006,0.0,0.0,0.0,Yes
-0.6086956521739131,-0.9245630174793008,0.0,0.0,0.0,Yes
-0.5217391304347826,0.17939282428702855,0.0,0.0,0.0,No
0.0,-0.023919043238270418,0.0,0.0,0.0,No
-0.6086956521739131,-0.008279668813247262,0.0,0.0,0.0,Yes
-0.5652173913043478,-0.9190432382704692,0.0,0.0,0.0,No
0.9130434782608695,-0.9319227230910763,0.0,0.0,0.0,No
-0.43478260869565216,-0.3725850965961361,0.0,0.0,0.0,No
0.30434782608695654,0.5712971481140757,0.0,0.0,0.0,Yes
0.41304347826086957,0.24103035878564877,0.0,0.0,0.0,No
-0.06521739130434782,0.29990800367985304,0.0,0.0,0.0,No
-0.43478260869565216,-0.9236430542778289,0.0,0.0,0.0,No
-0.6086956521739131,0.19227230910763576,0.0,0.0,0.0,Yes
0.3695652173913043,-0.937442502299908,0.0,0.0,0.0,No
-0.5869565217391305,-0.1527138914443422,0.0,0.0,0.0,Yes
-0.6086956521739131,0.11223551057957698,0.0,0.0,0.0,Yes
0.7608695652173914,-0.18951241950321984,1.0,-1.0,1.0,No
-0.3695652173913043,0.38546458141674345,0.0,0.0,0.0,Yes
-0.5,0.46734130634774623,0.0,0.0,0.0,Yes
0.6521739130434783,-0.9199632014719411,0.0,0.0,0.0,No
-0.4782608695652174,0.4360625574977002,0.0,0.0,0.0,No
0.9347826086956522,0.2529898804047838,0.0,0.0,0.0,No
-0.2826086956521739,0.15455381784728622,0.0,0.0,0.0,No
-0.08695652173913043,-0.27230910763569455,0.0,0.0,0.0,No
0.10869565217391304,-0.14167433302667887,0.0,0.0,0.0,Yes
-0.6086956521739131,0.07635694572217122,0.0,0.0,0.0,Yes
-0.41304347826086957,0.5841766329346827,0.0,0.0,0.0,Yes
-0.10869565217391304,-0.9245630174793008,0.0,0.0,0.0,No
-0.41304347826086957,-0.000919963201471889,0.0,0.0,0.0,No
0.8695652173913043,-0.3072677092916283,0.0,0.0,0.0,No
0.6086956521739131,-0.9126034958601655,0.0,0.0,0.0,No
0.45652173913043476,0.6080956761729533,0.0,0.0,0.0,No
-0.021739130434782608,-0.35970561177552896,1.0,-1.0,1.0,No
-0.2826086956521739,-0.37166513339466417,0.0,0.0,0.0,Yes
-0.08695652173913043,0.15915363385464593,0.0,0.0,0.0,No
-0.5652173913043478,0.078196872125115,0.0,0.0,0.0,No
0.6956521739130435,0.48114075436982534,0.0,0.0,0.0,No
-0.5869565217391305,-0.9245630174793008,0.0,0.0,0.0,No
0.4782608695652174,-0.937442502299908,0.0,0.0,0.0,No
0.9130434782608695,0.1324747010119596,0.0,0.0,0.0,No
-0.1956521739130435,-0.9254829806807728,0.0,0.0,0.0,No
-0.5,-0.9291628334866605,0.0,0.0,0.0,No
-0.5,-0.9227230910763569,0.0,0.0,0.0,No
0.0,-0.05335786568537244,0.0,0.0,0.0,No
0.15217391304347827,-0.953081876724931,0.0,0.0,0.0,No
-0.021739130434782608,-0.7470101195952161,1.0,-1.0,1.0,No
-0.4782608695652174,0.2971481140754371,0.0,0.0,0.0,Yes
0.7391304347826086,-0.8491260349586016,0.0,0.0,0.0,No
0.41304347826086957,-0.8610855565777369,0.0,0.0,0.0,No
0.43478260869565216,-0.9181232750689972,0.0,0.0,0.0,No
-0.043478260869565216,0.20423183072677112,0.0,0.0,0.0,Yes
0.9347826086956522,0.40386384544618226,0.0,0.0,0.0,No
-0.6086956521739131,-0.02207911683532638,0.0,0.0,0.0,Yes
0.9347826086956522,-0.3072677092916283,1.0,-1.0,1.0,No
0.391304347826087,-0.5648574057037719,1.0,-1.0,1.0,No
-0.6086956521739131,-0.28886844526218947,0.0,0.0,0.0,No
0.15217391304347827,0.6338546458141675,0.0,0.0,0.0,No
0.30434782608695654,-0.7552897884084637,1.0,-1.0,1.0,No
-0.043478260869565216,0.24839006439742412,0.0,0.0,0.0,No
-0.43478260869565216,0.16927322907083725,0.0,0.0,0.0,Yes
0.1956521739130435,0.612695492180313,0.0,0.0,0.0,No
0.13043478260869565,0.5280588776448943,0.0,0.0,0.0,No
-0.6304347826086957,0.055197792088316475,0.0,0.0,0.0,No
0.6521739130434783,0.5464581416743332,0.0,0.0,0.0,No
-0.043478260869565216,-0.9199632014719411,0.0,0.0,0.0,No
-0.5869565217391305,-0.4857405703771848,0.0,0.0,0.0,No
-0.4782608695652174,-0.8620055197792088,0.0,0.0,0.0,No
0.15217391304347827,0.006439742410303745,0.0,0.0,0.0,No
0.2608695652173913,0.4406623735050599,0.0,0.0,0.0,No
-0.34782608695652173,-0.7580496780128795,1.0,-1.0,1.0,No
-0.21739130434782608,-0.9107635694572217,0.0,0.0,0.0,No
0.6739130434782609,-0.6007359705611774,1.0,-1.0,1.0,No
0.41304347826086957,0.46274149034038653,0.0,0.0,0.0,Yes
-0.5652173913043478,0.38086476540938374,0.0,0.0,0.0,Yes
0.8695652173913043,0.4066237350505982,0.0,0.0,0.0,No
0.30434782608695654,-0.4820607175712971,1.0,-1.0,1.0,No
-0.391304347826087,-0.6310947562097516,1.0,-1.0,1.0,No
0.34782608695652173,-0.3698252069917203,0.0,0.0,0.0,No
0.9347826086956522,0.7249310027598898,0.0,0.0,0.0,No
-0.5869565217391305,0.16283348666053377,0.0,0.0,0.0,Yes
-0.3695652173913043,-0.9208831646734131,0.0,0.0,0.0,No
0.8260869565217391,0.7727690892364306,0.0,0.0,0.0,No
0.17391304347826086,0.4406623735050599,0.0,0.0,0.0,No
0.21739130434782608,-0.5372585096596136,1.0,-1.0,1.0,No
0.2608695652173913,0.07911683532658716,0.0,0.0,0.0,No
-0.08695652173913043,-0.4066237350505979,1.0,-1.0,1.0,No
-0.45652173913043476,0.10671573137074539,0.0,0.0,0.0,No
0.9130434782608695,0.013799448022079119,0.0,0.0,0.0,No
-0.5217391304347826,0.48206071757129726,0.0,0.0,0.0,No
0.021739130434782608,0.16467341306347752,0.0,0.0,0.0,No
0.2391304347826087,0.3541858325666974,0.0,0.0,0.0,No
0.5434782608695652,-0.9172033118675252,0.0,0.0,0.0,No
0.9347826086956522,0.6614535418583258,0.0,0.0,0.0,No
-0.021739130434782608,0.5519779208831648,0.0,0.0,0.0,No
-0.2391304347826087,0.2805887764489421,0.0,0.0,0.0,No
-0.5869565217391305,-0.4618215271389144,1.0,-1.0,1.0,Yes
0.6521739130434783,0.6586936522539101,0.0,0.0,0.0,No
-0.15217391304347827,-0.3541858325666972,0.0,0.0,0.0,No
-0.6086956521739131,-0.9282428702851886,0.0,0.0,0.0,No
0.9347826086956522,-0.8215271389144434,0.0,0.0,0.0,No
-0.32608695652173914,0.07267709291628341,0.0,0.0,0.0,Yes
0.45652173913043476,0.5344986200551981,0.0,0.0,0.0,No
0.41304347826086957,-0.011959521619135079,0.0,0.0,0.0,No
0.43478260869565216,0.515179392824287,0.0,0.0,0.0,No
-0.021739130434782608,0.2778288868445264,0.0,0.0,0.0,No
0.8478260869565217,0.47010119595216215,0.0,0.0,0.0,No
-0.34782608695652173,0.5593376264949403,0.0,0.0,0.0,No
-0.391304347826087,0.346826126954922,0.0,0.0,0.0,No
-0.5652173913043478,0.0689972401103956,0.0,0.0,0.0,Yes
0.6086956521739131,0.5565777368905245,0.0,0.0,0.0,Yes
-0.5652173913043478,0.08555657773689064,0.0,0.0,0.0,Yes
0.9347826086956522,-0.8206071757129715,0.0,0.0,0.0,No
0.8913043478260869,0.2529898804047838,0.0,0.0,0.0,No
0.43478260869565216,0.16467341306347752,0.0,0.0,0.0,No
0.8260869565217391,0.6752529898804049,0.0,0.0,0.0,No
0.3695652173913043,-0.9254829806807728,0.0,0.0,0.0,No
0.7608695652173914,-0.0027598896044156666,0.0,0.0,0.0,Yes
0.17391304347826086,-0.9356025758969642,0.0,0.0,0.0,No
-0.5869565217391305,0.007359705611775635,0.0,0.0,0.0,Yes
-0.34782608695652173,-0.46090156393744247,1.0,-1.0,1.0,No
0.9347826086956522,0.8242870285188595,0.0,0.0,0.0,No
0.8478260869565217,0.0478380864765411,0.0,0.0,0.0,No
-0.30434782608695654,-0.9328426862925483,0.0,0.0,0.0,No
-0.10869565217391304,-0.9346826126954922,0.0,0.0,0.0,No
-0.10869565217391304,0.35326586936522547,0.0,0.0,0.0,No
-0.043478260869565216,-0.36798528058877633,0.0,0.0,0.0,No
-0.3695652173913043,-0.3698252069917203,0.0,0.0,0.0,Yes
0.9130434782608695,0.31094756209751623,0.0,0.0,0.0,No
0.8260869565217391,-0.9116835326586937,0.0,0.0,0.0,No
0.7391304347826086,0.7157313707451703,0.0,0.0,0.0,No
-0.6086956521739131,-0.9199632014719411,0.0,0.0,0.0,No
-0.5434782608695652,-0.26586936522539095,0.0,0.0,0.0,No
0.2391304347826087,0.16283348666053377,0.0,0.0,0.0,Yes
-0.3695652173913043,0.47194112235510594,0.0,0.0,0.0,Yes
0.5,0.16283348666053377,0.0,0.0,0.0,No
-0.41304347826086957,-0.8528058877644894,0.0,0.0,0.0,No
0.8478260869565217,0.5703771849126036,0.0,0.0,0.0,No
0.5434782608695652,0.5473781048758051,0.0,0.0,0.0,Yes
-0.5434782608695652,-0.2548298068077276,0.0,0.0,0.0,Yes
0.5,-0.6421343146274148,1.0,-1.0,1.0,No
-0.6086956521739131,0.2695492180312789,0.0,0.0,0.0,Yes
0.8913043478260869,0.16651333946642158,0.0,0.0,0.0,No
0.30434782608695654,-0.6467341306347745,1.0,-1.0,1.0,No
0.5,-0.9328426862925483,0.0,0.0,0.0,No
-0.3695652173913043,-0.3771849126034958,1.0,-1.0,1.0,No
0.5869565217391305,-0.029438822447102015,0.0,0.0,0.0,No
-0.6304347826086957,-0.15547378104875798,0.0,0.0,0.0,No
0.2826086956521739,0.17571297148114098,0.0,0.0,0.0,No
-0.15217391304347827,0.3569457221711133,0.0,0.0,0.0,No
0.4782608695652174,-0.20331186752529895,1.0,-1.0,1.0,Yes
-0.043478260869565216,-0.937442502299908,0.0,0.0,0.0,No
0.4782608695652174,0.42870285188592483,0.0,0.0,0.0,No
-0.5434782608695652,-0.3854645814167433,0.0,0.0,0.0,Yes
-0.6086956521739131,-0.9282428702851886,0.0,0.0,0.0,No
0.13043478260869565,-0.28242870285188587,0.0,0.0,0.0,Yes
0.9130434782608695,0.04691812327506921,0.0,0.0,0.0,No
-0.6086956521739131,-0.02115915363385449,0.0,0.0,0.0,Yes
0.8695652173913043,-0.8233670653173872,0.0,0.0,0.0,No
-0.32608695652173914,-0.9310027598896045,0.0,0.0,0.0,No
0.6086956521739131,-0.2695492180312786,0.0,0.0,0.0,No
0.9347826086956522,0.8675252989880406,0.0,0.0,0.0,No
0.41304347826086957,-0.9291628334866605,0.0,0.0,0.0,No
-0.5434782608695652,0.15731370745170214,0.0,0.0,0.0,No
0.043478260869565216,-0.9144434222631095,0.0,0.0,0.0,No
0.1956521739130435,-0.1481140754369825,0.0,0.0,0.0,Yes
0.17391304347826086,0.40754369825207004,0.0,0.0,0.0,Yes
-0.6086956521739131,-0.9328426862925483,0.0,0.0,0.0,No
0.6086956521739131,0.17295308187672506,0.0,0.0,0.0,No
0.717391304347826,0.17663293468261287,0.0,0.0,0.0,No
-0.5652173913043478,-0.7442502299908004,1.0,-1.0,1.0,No
0.9347826086956522,-0.9310027598896045,0.0,0.0,0.0,No
0.0,-0.4664213431462741,1.0,-1.0,1.0,No
-0.34782608695652173,-0.47010119595216193,0.0,0.0,0.0,No
-0.5652173913043478,-0.012879484820606968,0.0,0.0,0.0,Yes
-0.391304347826087,-0.3541858325666972,0.0,0.0,0.0,No
-0.17391304347826086,-0.3164673413063477,1.0,-1.0,1.0,No
-0.21739130434782608,-0.8399264029438822,0.0,0.0,0.0,No
0.6956521739130435,0.7589696412143515,0.0,0.0,0.0,Yes
-0.391304347826087,-0.40110395584176634,0.0,0.0,0.0,Yes
0.13043478260869565,0.7286108555657776,0.0,0.0,0.0,No
-0.08695652173913043,-0.9116835326586937,0.0,0.0,0.0,No
-0.6086956521739131,-0.9227230910763569,0.0,0.0,0.0,Yes
0.8260869565217391,-0.8233670653173872,0.0,0.0,0.0,No
-0.21739130434782608,-0.5648574057037719,1.0,-1.0,1.0,Yes
0.5869565217391305,-0.8362465501379945,0.0,0.0,0.0,Yes
0.9347826086956522,0.7000919963201475,0.0,0.0,0.0,No
0.30434782608695654,-0.9346826126954922,0.0,0.0,0.0,No
0.5652173913043478,0.2713891444342227,0.0,0.0,0.0,No
-0.5869565217391305,-0.2511499540018398,0.0,0.0,0.0,Yes
-0.043478260869565216,-0.023919043238270418,0.0,0.0,0.0,No
-0.34782608695652173,-0.003679852805887556,0.0,0.0,0.0,No
0.8913043478260869,0.7506899724011042,0.0,0.0,0.0,No
-0.32608695652173914,0.6550137994480223,0.0,0.0,0.0,Yes
-0.21739130434782608,0.3495860165593377,0.0,0.0,0.0,No
-0.1956521739130435,0.344986200551978,0.0,0.0,0.0,No
0.30434782608695654,0.3845446182152715,0.0,0.0,0.0,No
-0.5217391304347826,0.3679852805887765,0.0,0.0,0.0,No
0.8913043478260869,0.6476540938362467,0.0,0.0,0.0,No
0.2391304347826087,-0.9429622815087396,0.0,0.0,0.0,No
-0.5,-0.9190432382704692,0.0,0.0,0.0,No
0.21739130434782608,0.5538178472861087,0.0,0.0,0.0,No
-0.5434782608695652,0.08463661453541875,0.0,0.0,0.0,Yes
-0.30434782608695654,-0.747930082796688,1.0,-1.0,1.0,Yes
-0.6086956521739131,-0.36798528058877633,1.0,-1.0,1.0,Yes
0.34782608695652173,0.2824287028518861,0.0,0.0,0.0,No
0.7608695652173914,-0.4139834406623734,1.0,-1.0,1.0,Yes
0.6086956521739131,0.4351425942962283,0.0,0.0,0.0,No
0.9347826086956522,-0.009199632014719412,0.0,0.0,0.0,No
-0.6086956521739131,-0.000919963201471889,0.0,0.0,0.0,Yes
0.9347826086956522,-0.8187672493100275,0.0,0.0,0.0,No
-0.5652173913043478,0.013799448022079119,0.0,0.0,0.0,No
0.5652173913043478,0.5234590616375346,0.0,0.0,0.0,Yes
0.6521739130434783,0.423183072677093,0.0,0.0,0.0,No
-0.2391304347826087,0.5427782888684454,0.0,0.0,0.0,Yes
0.06521739130434782,0.18307267709291636,0.0,0.0,0.0,Yes
-0.5434782608695652,-0.36430542778288866,0.0,0.0,0.0,No
0.8043478260869565,0.18583256669733228,0.0,0.0,0.0,Yes
-0.043478260869565216,0.20147194112235517,0.0,0.0,0.0,No
-0.5434782608695652,-0.9135234590616375,0.0,0.0,0.0,No
0.6739130434782609,0.16007359705611782,0.0,0.0,0.0,No
-0.45652173913043476,-0.9438822447102116,0.0,0.0,0.0,No
-0.45652173913043476,-0.9337626494940202,0.0,0.0,0.0,No
0.13043478260869565,-0.9227230910763569,0.0,0.0,0.0,No
-0.4782608695652174,0.30266789328426874,0.0,0.0,0.0,Yes
0.5217391304347826,-0.9098436062557498,0.0,0.0,0.0,No
-0.2391304347826087,0.6117755289788409,0.0,0.0,0.0,No
-0.30434782608695654,-0.5804967801287949,1.0,-1.0,1.0,No
0.8260869565217391,0.332106715731371,0.0,0.0,0.0,No
-0.5,0.2548298068077279,0.0,0.0,0.0,Yes
-0.5,0.17203311867525317,0.0,0.0,0.0,No
-0.34782608695652173,0.5271389144434224,0.0,0.0,0.0,Yes
-0.391304347826087,0.5593376264949403,0.0,0.0,0.0,Yes
-0.6086956521739131,-0.939282428702852,0.0,0.0,0.0,No
-0.5217391304347826,-0.2686292548298067,0.0,0.0,0.0,No
-0.34782608695652173,-0.9273229070837166,0.0,0.0,0.0,No
-0.43478260869565216,0.39374425022999093,0.0,0.0,0.0,Yes
0.0,0.35510579576816953,0.0,0.0,0.0,No
-0.6086956521739131,-0.4507819687212511,0.0,0.0,0.0,No
-0.6086956521739131,0.16927322907083725,0.0,0.0,0.0,Yes
-0.2391304347826087,-0.2649494020239189,0.0,0.0,0.0,No
-0.5869565217391305,-0.02483900643974231,0.0,0.0,0.0,No
0.021739130434782608,0.24287028518859252,0.0,0.0,0.0,No
0.8043478260869565,-0.08555657773689038,0.0,0.0,0.0,No
0.1956521739130435,0.45170193192272334,0.0,0.0,0.0,No
0.32608695652173914,-0.15547378104875798,0.0,0.0,0.0,No
0.5434782608695652,0.7497700091996321,0.0,0.0,0.0,Yes
-0.5869565217391305,-0.9264029438822448,0.0,0.0,0.0,No
0.2826086956521739,-0.04875804967801273,0.0,0.0,0.0,No
0.6304347826086957,-0.8316467341306348,0.0,0.0,0.0,No
0.6304347826086957,0.4139834406623735,0.0,0.0,0.0,No
-0.08695652173913043,0.344986200551978,0.0,0.0,0.0,Yes
0.9130434782608695,0.7534498620055199,0.0,0.0,0.0,No
0.17391304347826086,0.5804967801287951,0.0,0.0,0.0,Yes
-0.32608695652173914,0.39190432382704715,0.0,0.0,0.0,Yes
-0.5434782608695652,0.3403863845446182,0.0,0.0,0.0,Yes
0.41304347826086957,-0.1793928242870284,0.0,0.0,0.0,No
-0.5652173913043478,-0.828886844526219,1.0,-1.0,1.0,Yes
-0.45652173913043476,-0.08923643054277819,0.0,0.0,0.0,No
-0.6086956521739131,0.46182152713891467,0.0,0.0,0.0,Yes
0.8260869565217391,-0.9273229070837166,0.0,0.0,0.0,No
-0.34782608695652173,0.3817847286108556,0.0,0.0,0.0,Yes
0.34782608695652173,-0.29806807727690887,0.0,0.0,0.0,Yes
0.43478260869565216,0.078196872125115,0.0,0.0,0.0,No
0.5,0.4461821527138915,0.0,0.0,0.0,No
0.7391304347826086,0.19871205151793953,0.0,0.0,0.0,No
0.8478260869565217,0.34406623735050607,0.0,0.0,0.0,No
0.043478260869565216,-0.38914443422263095,0.0,0.0,0.0,No
0.7608695652173914,-0.936522539098436,0.0,0.0,0.0,No
0.717391304347826,0.6246550137994481,0.0,0.0,0.0,No
-0.6086956521739131,-0.011959521619135079,0.0,0.0,0.0,Yes
-0.5,0.3523459061637536,0.0,0.0,0.0,Yes
-0.17391304347826086,0.2888684452621896,0.0,0.0,0.0,No
0.9347826086956522,-0.8307267709291628,0.0,0.0,0.0,No
0.06521739130434782,-0.6476540938362465,1.0,-1.0,1.0,No
0.9130434782608695,0.5390984360625578,0.0,0.0,0.0,No
0.10869565217391304,0.6439742410303588,0.0,0.0,0.0,No
-0.5652173913043478,-0.6476540938362465,1.0,-1.0,1.0,Yes
-0.3695652173913043,0.06255749770009211,0.0,0.0,0.0,Yes
-0.45652173913043476,0.5703771849126036,0.0,0.0,0.0,Yes
0.13043478260869565,-0.8472861085556578,0.0,0.0,0.0,No
-0.5652173913043478,0.19043238270469198,0.0,0.0,0.0,No
-0.5652173913043478,0.3587856485740571,0.0,0.0,0.0,No
0.5217391304347826,-0.170193192272309,0.0,0.0,0.0,No
-0.5434782608695652,-0.7598896044158234,1.0,-1.0,1.0,No
0.41304347826086957,0.5400183992640296,0.0,0.0,0.0,No
-0.5,-0.26586936522539095,0.0,0.0,0.0,Yes
-0.5652173913043478,0.6540938362465504,0.0,0.0,0.0,Yes
0.5434782608695652,-0.4480220791168353,1.0,-1.0,1.0,No
-0.6086956521739131,-0.4857405703771848,0.0,0.0,0.0,Yes
0.717391304347826,0.1849126034958604,0.0,0.0,0.0,No
-0.15217391304347827,0.5464581416743332,0.0,0.0,0.0,No
-0.6086956521739131,-0.4645814167433302,0.0,0.0,0.0,Yes
0.4782608695652174,0.4351425942962283,0.0,0.0,0.0,No
0.021739130434782608,-0.025758969641214196,0.0,0.0,0.0,No
0.5869565217391305,-0.03495860165593361,0.0,0.0,0.0,No
0.13043478260869565,-0.02483900643974231,0.0,0.0,0.0,No
0.7608695652173914,-0.4875804967801287,1.0,-1.0,1.0,No
0.021739130434782608,-0.4756209751609935,1.0,-1.0,1.0,No
-0.08695652173913043,-0.9503219871205151,0.0,0.0,0.0,No
0.2608695652173913,-0.001839926402943778,0.0,0.0,0.0,Yes
-0.43478260869565216,-0.2759889604415822,0.0,0.0,0.0,Yes
-0.6086956521739131,-0.3091076356945722,0.0,0.0,0.0,No
0.8913043478260869,0.8141674333026679,0.0,0.0,0.0,No
0.6086956521739131,-0.9245630174793008,0.0,0.0,0.0,No
-0.43478260869565216,0.2787488500459983,0.0,0.0,0.0,No
0.8695652173913043,0.7065317387304509,0.0,0.0,0.0,No
0.30434782608695654,0.6007359705611777,0.0,0.0,0.0,Yes
0.9347826086956522,0.5059797608095676,0.0,0.0,0.0,No
0.32608695652173914,-0.9346826126954922,0.0,0.0,0.0,No
0.9347826086956522,0.25206991720331196,0.0,0.0,0.0,No
0.08695652173913043,0.6145354185832569,0.0,0.0,0.0,Yes
0.5434782608695652,0.3505059797608098,0.0,0.0,0.0,No
-0.043478260869565216,-0.9319227230910763,0.0,0.0,0.0,No
0.5434782608695652,0.17479300827966884,0.0,0.0,0.0,No
-0.5652173913043478,0.07543698252069933,0.0,0.0,0.0,No
0.5217391304347826,0.0689972401103956,0.0,0.0,0.0,No
-0.6086956521739131,-0.018399264029438825,0.0,0.0,0.0,Yes
-0.30434782608695654,-0.9484820607175714,0.0,0.0,0.0,No
0.5869565217391305,0.06439742410303588,0.0,0.0,0.0,Yes
-0.5217391304347826,-0.1094756209751608,0.0,0.0,0.0,No
0.41304347826086957,-0.26770929162833484,0.0,0.0,0.0,No
-0.08695652173913043,-0.9254829806807728,0.0,0.0,0.0,No
-0.5652173913043478,0.08831646734130656,0.0,0.0,0.0,Yes
0.6304347826086957,0.5298988040478384,0.0,0.0,0.0,No
-0.41304347826086957,-0.2502299908003679,0.0,0.0,0.0,No
-0.6086956521739131,-0.013799448022079119,0.0,0.0,0.0,Yes
0.9130434782608695,0.6218951241950325,0.0,0.0,0.0,No
0.782608695652174,0.7442502299908005,0.0,0.0,0.0,No
-0.5217391304347826,0.1803127874885007,0.0,0.0,0.0,Yes
-0.021739130434782608,-0.6366145354185833,1.0,-1.0,1.0,No
0.8260869565217391,-0.008279668813247262,0.0,0.0,0.0,No
0.13043478260869565,0.346826126954922,0.0,0.0,0.0,No
0.9347826086956522,-0.27046918123275066,1.0,-1.0,1.0,No
0.6956521739130435,-0.36154553817847274,1.0,-1.0,1.0,No
0.8478260869565217,-0.9264029438822448,0.0,0.0,0.0,No
-0.6086956521739131,-0.733210671573137,1.0,-1.0,1.0,Yes
-0.5652173913043478,-0.9429622815087396,0.0,0.0,0.0,No
0.8913043478260869,0.5142594296228152,0.0,0.0,0.0,Yes
0.41304347826086957,-0.45630174793008277,1.0,-1.0,1.0,No
0.8478260869565217,0.564857405703772,0.0,0.0,0.0,No
0.391304347826087,0.613615455381785,0.0,0.0,0.0,No
0.06521739130434782,-0.6274149034038639,1.0,-1.0,1.0,No
-0.5217391304347826,-0.3854645814167433,0.0,0.0,0.0,No
0.43478260869565216,-0.9282428702851886,0.0,0.0,0.0,No
0.41304347826086957,0.6816927322907087,0.0,0.0,0.0,Yes
-0.34782608695652173,0.21435142594296241,0.0,0.0,0.0,Yes
-0.30434782608695654,-0.9300827966881325,0.0,0.0,0.0,No
-0.3695652173913043,-0.46550137994480223,0.0,0.0,0.0,No
0.8260869565217391,-0.10671573137074512,0.0,0.0,0.0,No
-0.43478260869565216,0.2925482980680774,0.0,0.0,0.0,No
-0.34782608695652173,-0.9310027598896045,0.0,0.0,0.0,No
0.1956521739130435,0.344986200551978,0.0,0.0,0.0,No
0.2826086956521739,0.46366145354185845,0.0,0.0,0.0,No
-0.10869565217391304,0.09291628334866628,0.0,0.0,0.0,Yes
-0.043478260869565216,0.5685372585096597,0.0,0.0,0.0,Yes
-0.43478260869565216,0.5933762649494021,0.0,0.0,0.0,No
0.43478260869565216,-0.25850965961361544,1.0,-1.0,1.0,No
0.6956521739130435,0.4388224471021161,0.0,0.0,0.0,No
0.45652173913043476,-0.5022999080036799,1.0,-1.0,1.0,No
-0.08695652173913043,0.3523459061637536,0.0,0.0,0.0,Yes
-0.15217391304347827,0.07451701931922745,0.0,0.0,0.0,Yes
-0.6086956521739131,-0.9172033118675252,0.0,0.0,0.0,Yes
-0.5434782608695652,0.0735970561177553,0.0,0.0,0.0,Yes
-0.2391304347826087,0.5409383624655015,0.0,0.0,0.0,Yes
0.5869565217391305,0.7654093836246553,0.0,0.0,0.0,Yes
0.5217391304347826,0.4351425942962283,0.0,0.0,0.0,No
0.4782608695652174,0.5243790248390064,0.0,0.0,0.0,No
-0.10869565217391304,-0.11039558417663295,0.0,0.0,0.0,No
0.717391304347826,0.030358785648574166,0.0,0.0,0.0,No
-0.10869565217391304,-0.37994480220791155,0.0,0.0,0.0,No
0.8913043478260869,0.19043238270469198,0.0,0.0,0.0,No
-0.6086956521739131,-0.8491260349586016,1.0,-1.0,1.0,No
-0.2826086956521739,-0.576816927322907,1.0,-1.0,1.0,Yes
-0.45652173913043476,-0.09015639374425008,0.0,0.0,0.0,No
0.9347826086956522,0.0735970561177553,0.0,0.0,0.0,No
-0.13043478260869565,0.23643054277828904,0.0,0.0,0.0,No
0.043478260869565216,-0.8344066237350506,1.0,-1.0,1.0,No
0.17391304347826086,-0.5547378104875804,1.0,-1.0,1.0,No
0.021739130434782608,0.4369825206991721,0.0,0.0,0.0,Yes
0.13043478260869565,0.6991720331186754,0.0,0.0,0.0,No
-0.13043478260869565,-0.015639374425022896,0.0,0.0,0.0,No
-0.1956521739130435,0.10395584176632947,0.0,0.0,0.0,No
0.15217391304347827,0.4277828886844527,0.0,0.0,0.0,No
-0.45652173913043476,0.46550137994480245,0.0,0.0,0.0,Yes
0.9130434782608695,0.5556577736890526,0.0,0.0,0.0,No
0.45652173913043476,0.32566697332106725,0.0,0.0,0.0,Yes
0.30434782608695654,-0.8445262189512419,0.0,0.0,0.0,No
0.6086956521739131,0.35326586936522547,0.0,0.0,0.0,No
0.2608695652173913,-0.07083716651333936,0.0,0.0,0.0,Yes
-0.043478260869565216,0.10579576816927325,0.0,0.0,0.0,No
-0.34782608695652173,0.18675252989880417,0.0,0.0,0.0,No
-0.5652173913043478,-0.6421343146274148,1.0,-1.0,1.0,Yes
0.8260869565217391,-0.9162833486660534,0.0,0.0,0.0,No
-0.5652173913043478,-0.3762649494020239,0.0,0.0,0.0,Yes
0.7608695652173914,0.644894204231831,0.0,0.0,0.0,No
-0.06521739130434782,-0.6366145354185833,1.0,-1.0,1.0,No
0.1956521739130435,0.4553817847286109,0.0,0.0,0.0,No
-0.13043478260869565,-0.939282428702852,0.0,0.0,0.0,No
0.2391304347826087,0.628334866605336,0.0,0.0,0.0,Yes
0.9347826086956522,-0.13339466421343135,1.0,-1.0,1.0,No
-0.5652173913043478,0.08647654093836253,0.0,0.0,0.0,Yes
-0.13043478260869565,0.19595216191352358,0.0,0.0,0.0,Yes
-0.6086956521739131,0.07543698252069933,0.0,0.0,0.0,Yes
-0.5434782608695652,-0.18307267709291622,0.0,0.0,0.0,Yes
0.717391304347826,0.268629254829807,0.0,0.0,0.0,No
0.2391304347826087,0.4241030358785651,0.0,0.0,0.0,No
0.2608695652173913,0.346826126954922,0.0,0.0,0.0,No
0.10869565217391304,0.2732290708371667,0.0,0.0,0.0,No
-0.6086956521739131,-0.37534498620055184,0.0,0.0,0.0,No
0.4782608695652174,-0.9144434222631095,0.0,0.0,0.0,No
-0.6086956521739131,0.005519779208831856,0.0,0.0,0.0,Yes
0.21739130434782608,-0.9236430542778289,0.0,0.0,0.0,No
-0.3695652173913043,-0.9411223551057957,0.0,0.0,0.0,No
-0.3695652173913043,-0.19411223551057954,0.0,0.0,0.0,Yes
0.9347826086956522,0.6366145354185835,0.0,0.0,0.0,No
0.7391304347826086,0.6099356025758972,0.0,0.0,0.0,No
0.32608695652173914,0.26586936522539106,0.0,0.0,0.0,No
-0.2391304347826087,0.454461821527139,0.0,0.0,0.0,No
-0.43478260869565216,-0.4811407543698251,0.0,0.0,0.0,Yes
-0.34782608695652173,0.055197792088316475,0.0,0.0,0.0,No
0.8478260869565217,-0.11499540018399265,0.0,0.0,0.0,No
-0.5,-0.4774609015639374,1.0,-1.0,1.0,No
-0.5869565217391305,-0.9254829806807728,0.0,0.0,0.0,No
0.5652173913043478,-0.19043238270469173,0.0,0.0,0.0,No
-0.6086956521739131,0.09935602575896976,0.0,0.0,0.0,Yes
0.1956521739130435,-0.015639374425022896,0.0,0.0,0.0,No
0.8260869565217391,0.5998160073597059,0.0,0.0,0.0,Yes
-0.21739130434782608,0.15363385464581433,0.0,0.0,0.0,No
-0.3695652173913043,-0.17847286108555652,1.0,-1.0,1.0,No
0.9347826086956522,-0.9052437902483901,0.0,0.0,0.0,No
-0.10869565217391304,0.26586936522539106,0.0,0.0,0.0,No
0.9347826086956522,0.6044158233670656,0.0,0.0,0.0,No
-0.391304347826087,-0.749770009199632,1.0,-1.0,1.0,No
-0.5434782608695652,0.07451701931922745,0.0,0.0,0.0,Yes
0.8043478260869565,0.6494940202391907,0.0,0.0,0.0,No
